Wavelength (nm),Band 1,Band 2,Band 3,Band 4,Band 5,Band 6,Band 7,Band 8,Band 9,Reflectance_spct
427,0.000255,0.0,0.0,0.0,0.0,0.0,0.0,0.0,0.0,0.0582389943301678
428,0.000984,0.0,0.0,0.0,0.0,0.0,0.0,0.0,0.0,0.0584862306714058
429,0.002414,0.0,0.0,0.0,0.0,0.0,0.0,0.0,0.0,0.0587252750992775
430,0.005829,0.0,0.0,0.0,0.0,0.0,0.0,0.0,0.0,0.0589926615357399
431,0.014537,0.0,0.0,0.0,0.0,0.0,0.0,0.0,0.0,0.059281412512064
432,0.036603,0.0,0.0,0.0,0.0,0.0,0.0,0.0,0.0,0.059533953666687
433,0.09286,0.0,0.0,0.0,0.0,0.0,0.0,0.0,0.0,0.0597641728818417
434,0.226412,0.0,0.0,0.0,0.0,0.0,0.0,0.0,0.0,0.059968076646328
435,0.471329,0.0,0.0,0.0,0.0,0.0,0.0,0.0,0.0,0.0601596012711525
436,0.745606,0.0,0.0,0.0,0.0,0.0,0.0,0.0,0.0,0.0603814274072647
437,0.905808,3.2e-05,0.0,0.0,0.0,0.0,0.0,0.0,0.0,0.0606486462056637
438,0.972692,2.3e-05,0.0,0.0,0.0,0.0,0.0,0.0,0.0,0.0608617514371872
439,0.98278,5.7e-05,0.0,0.0,0.0,0.0,0.0,0.0,0.0,0.0611130334436893
440,0.996969,7.2e-05,0.0,0.0,0.0,0.0,0.0,0.0,0.0,0.0613812804222107
441,1.0,0.000162,0.0,0.0,0.0,0.0,0.0,0.0,0.0,0.0616104416549206
442,0.993137,0.000321,0.0,0.0,0.0,0.0,0.0,0.0,0.0,0.0618629045784473
443,0.993683,0.000516,0.0,0.0,0.0,0.0,0.0,0.0,0.0,0.0621368661522865
444,0.986713,0.000785,0.0,0.0,0.0,0.0,0.0,0.0,0.0,0.062347587198019
445,0.989052,0.0011,0.0,0.0,0.0,0.0,0.0,0.0,0.0,0.0625610575079918
446,0.98379,0.001557,0.0,0.0,0.0,0.0,0.0,0.0,0.0,0.0627914443612099
447,0.977393,0.002611,0.0,0.0,0.0,0.0,0.0,0.0,0.0,0.0630365610122681
448,0.958204,0.005328,0.0,0.0,0.0,0.0,0.0,0.0,0.0,0.0632827952504158
449,0.908749,0.013894,0.0,0.0,0.0,0.0,0.0,0.0,0.0,0.063523143529892
450,0.765117,0.048329,0.0,0.0,0.0,0.0,0.0,0.0,0.0,0.063749261200428
451,0.517821,0.190738,0.0,0.0,0.0,0.0,0.0,0.0,0.0,0.0639730468392372
452,0.254149,0.534592,0.0,0.0,0.0,0.0,0.0,0.0,0.0,0.0642119646072388
453,0.085688,0.844893,0.0,0.0,0.0,0.0,0.0,0.0,0.0,0.0644624829292297
454,0.024767,0.9556,0.0,0.0,0.0,0.0,0.0,0.0,0.0,0.0646745264530182
455,0.008019,1.0,0.0,0.0,0.0,0.0,0.0,0.0,0.0,0.0649048462510109
456,0.003421,0.996498,0.0,0.0,0.0,0.0,0.0,0.0,0.0,0.0651602447032928
457,0.001628,0.972261,0.0,0.0,0.0,0.0,0.0,0.0,0.0,0.0654062256217003
458,0.000609,0.963135,0.0,0.0,0.0,0.0,0.0,0.0,0.0,0.0656141266226768
459,7.3e-05,0.965685,0.0,0.0,0.0,0.0,0.0,0.0,0.0,0.0658213198184967
460,0.0,0.98232,0.0,0.0,0.0,0.0,0.0,0.0,0.0,0.0660814121365547
461,0.0,0.981834,0.0,0.0,0.0,0.0,0.0,0.0,0.0,0.0663415044546127
462,0.0,0.966772,0.0,0.0,0.0,0.0,0.0,0.0,0.0,0.0665917843580246
463,0.0,0.966125,0.0,0.0,0.0,0.0,0.0,0.0,0.0,0.0668092593550682
464,0.0,0.964132,0.0,0.0,0.0,0.0,0.0,0.0,0.0,0.0670318007469177
465,0.0,0.954754,0.0,0.0,0.0,0.0,0.0,0.0,0.0,0.0672725141048431
466,0.0,0.967361,0.0,0.0,0.0,0.0,0.0,0.0,0.0,0.067536436021328
467,0.0,0.980826,0.0,0.0,0.0,0.0,0.0,0.0,0.0,0.0677734687924385
468,0.0,0.988729,0.0,0.0,0.0,0.0,0.0,0.0,0.0,0.0679898038506508
469,0.0,0.976836,0.0,0.0,0.0,0.0,0.0,0.0,0.0,0.0681945607066154
470,0.0,0.967332,0.0,0.0,0.0,0.0,0.0,0.0,0.0,0.068413719534874
471,0.0,0.968801,0.0,0.0,0.0,0.0,0.0,0.0,0.0,0.068638876080513
472,0.0,0.982262,0.0,0.0,0.0,0.0,0.0,0.0,0.0,0.0688631758093834
473,0.0,0.989469,0.0,0.0,0.0,0.0,0.0,0.0,0.0,0.0690801292657852
474,0.0,0.985615,0.0,0.0,0.0,0.0,0.0,0.0,0.0,0.0693092346191406
475,0.0,0.989104,0.0,0.0,0.0,0.0,0.0,0.0,0.0,0.06953015178442
476,0.0,0.978564,0.0,0.0,0.0,0.0,0.0,0.0,0.0,0.0696989372372627
477,0.0,0.953352,0.0,0.0,0.0,0.0,0.0,0.0,0.0,0.0699636042118073
478,0.0,0.956424,0.0,0.0,0.0,0.0,0.0,0.0,0.0,0.0702130869030952
479,0.0,0.96242,0.0,0.0,0.0,0.0,0.0,0.0,0.0,0.0704118832945824
480,0.0,0.955545,0.0,0.0,0.0,0.0,0.0,0.0,0.0,0.0706539824604988
481,0.0,0.954248,0.0,0.0,0.0,0.0,0.0,0.0,0.0,0.0709091499447823
482,0.0,0.931813,0.0,0.0,0.0,0.0,0.0,0.0,0.0,0.0711551979184151
483,0.0,0.931726,0.0,0.0,0.0,0.0,0.0,0.0,0.0,0.0714209675788879
484,0.0,0.918822,0.0,0.0,0.0,0.0,0.0,0.0,0.0,0.0716846659779549
485,0.0,0.910385,0.0,0.0,0.0,0.0,0.0,0.0,0.0,0.0719142332673073
486,0.0,0.912538,0.0,0.0,0.0,0.0,0.0,0.0,0.0,0.0720881745219231
487,0.0,0.890253,0.0,0.0,0.0,0.0,0.0,0.0,0.0,0.0723420679569244
488,0.0,0.868497,0.0,0.0,0.0,0.0,0.0,0.000214,0.0,0.0726089403033257
489,0.0,0.865864,0.0,0.0,0.0,0.0,0.0,0.000879,0.0,0.072823241353035
490,0.0,0.844202,0.0,0.0,0.0,0.0,0.0,0.001545,0.0,0.0730828642845154
491,0.0,0.828339,0.0,0.0,0.0,0.0,0.0,0.002283,0.0,0.0733432248234749
492,0.0,0.840828,0.0,0.0,0.0,0.0,0.0,0.00322,0.0,0.0735641792416573
493,0.0,0.848533,0.0,0.0,0.0,0.0,0.0,0.004292,0.0,0.0738136619329453
494,0.0,0.861157,0.0,0.0,0.0,0.0,0.0,0.005756,0.0,0.0740528479218483
495,0.0,0.88768,0.0,0.0,0.0,0.0,0.0,0.007663,0.0,0.0742791891098022
496,0.0,0.891913,0.0,0.0,0.0,0.0,0.0,0.010755,0.0,0.0745567306876183
497,0.0,0.886569,0.0,0.0,0.0,0.0,0.0,0.015178,0.0,0.0748139843344688
498,0.0,0.879688,0.0,0.0,0.0,0.0,0.0,0.022882,0.0,0.0750575885176659
499,0.0,0.874721,0.0,0.0,0.0,0.0,0.0,0.034787,0.0,0.0753190293908119
500,0.0,0.881011,0.0,0.0,0.0,0.0,0.0,0.057564,0.0,0.0755683034658432
501,0.0,0.877453,0.0,0.0,0.0,0.0,0.0,0.094013,0.0,0.0757919996976852
502,0.0,0.883542,0.0,0.0,0.0,0.0,0.0,0.167313,0.0,0.0759991034865379
503,0.0,0.889667,0.0,0.0,0.0,0.0,0.0,0.266714,0.0,0.0762220695614815
504,0.0,0.897977,0.0,0.0,0.0,0.0,0.0,0.438556,0.0,0.0764799118041992
505,0.0,0.899475,0.0,0.0,0.0,0.0,0.0,0.610197,0.0,0.076757475733757
506,0.0,0.90988,0.0,0.0,0.0,0.0,0.0,0.78014,0.0,0.0769513472914696
507,0.0,0.910928,0.0,0.0,0.0,0.0,0.0,0.913945,0.0,0.0771696642041206
508,0.0,0.903034,0.0,0.0,0.0,0.0,0.0,0.955679,0.0,0.0774321779608727
509,0.0,0.894222,0.0,0.0,0.0,0.0,0.0,0.985761,0.0,0.0776776149868965
510,0.0,0.85751,0.0,0.0,0.0,0.0,0.0,0.985862,0.0,0.0779240131378174
511,0.0,0.723971,0.0,0.0,0.0,0.0,0.0,0.987369,0.0,0.0781784281134605
512,0.0,0.493542,0.0,0.0,0.0,0.0,0.0,0.992555,0.0,0.0784434080123901
513,0.0,0.27137,0.0,0.0,0.0,0.0,0.0,0.99658,0.0,0.0786946415901184
514,0.0,0.130876,0.0,0.0,0.0,0.0,0.0,0.997891,0.0,0.0789448767900467
515,0.0,0.058606,0.0,0.0,0.0,0.0,0.0,0.999061,0.0,0.0792134553194046
516,0.0,0.02717,0.0,0.0,0.0,0.0,0.0,0.99981,0.0,0.0794406682252884
517,0.0,0.013212,0.0,0.0,0.0,0.0,0.0,1.0,0.0,0.0796703398227692
518,0.0,0.006869,0.0,0.0,0.0,0.0,0.0,0.998579,0.0,0.0799256339669228
519,0.0,0.003712,0.0,0.0,0.0,0.0,0.0,0.995538,0.0,0.0801588371396065
520,0.0,0.00207,0.0,0.0,0.0,0.0,0.0,0.987968,0.0,0.0804127231240273
521,0.0,0.001197,0.0,0.0,0.0,0.0,0.0,0.983542,0.0,0.0806921347975731
522,0.0,0.000756,8.5e-05,0.0,0.0,0.0,0.0,0.988302,0.0,0.0809667930006981
523,0.0,0.000455,0.000394,0.0,0.0,0.0,0.0,0.98977,0.0,0.0812459513545036
524,0.0,0.000349,0.001046,0.0,0.0,0.0,0.0,0.982894,0.0,0.081536740064621
525,0.0,0.000241,0.002574,0.0,0.0,0.0,0.0,0.977055,0.0,0.081834465265274
526,0.0,0.000117,0.005944,0.0,0.0,0.0,0.0,0.973941,0.0,0.082084909081459
527,0.0,6.1e-05,0.014077,0.0,0.0,0.0,0.0,0.970613,0.0,0.0823403894901276
528,0.0,1e-05,0.035393,0.0,0.0,0.0,0.0,0.966541,0.0,0.0826497822999954
529,0.0,0.0,0.087833,0.0,0.0,0.0,0.0,0.96475,0.0,0.0829147025942802
530,0.0,0.0,0.190467,0.0,0.0,0.0,0.0,0.969453,0.0,0.0831817612051964
531,0.0,0.0,0.345364,0.0,0.0,0.0,0.0,0.970928,0.0,0.0834968090057373
532,0.0,0.0,0.525304,0.0,0.0,0.0,0.0,0.963851,0.0,0.0837744921445847
533,0.0,0.0,0.684974,0.0,0.0,0.0,0.0,0.957536,0.0,0.0840633362531662
534,0.0,0.0,0.809275,0.0,0.0,0.0,0.0,0.953494,0.0,0.0843360498547554
535,0.0,0.0,0.904478,0.0,0.0,0.0,0.0,0.95326,0.0,0.0846285596489906
536,0.0,0.0,0.946407,0.0,0.0,0.0,0.0,0.963139,0.0,0.0849115252494812
537,0.0,0.0,0.974207,0.0,0.0,0.0,0.0,0.971123,0.0,0.0851839631795883
538,0.0,0.0,0.986657,0.0,0.0,0.0,0.0,0.974405,0.0,0.0854574963450432
539,0.0,0.0,0.983655,0.0,0.0,0.0,0.0,0.977722,0.0,0.0857601687312126
540,0.0,0.0,0.968886,0.0,0.0,0.0,0.0,0.980971,0.0,0.0860635340213776
541,0.0,0.0,0.963811,0.0,0.0,0.0,0.0,0.981077,0.0,0.0863375812768936
542,0.0,0.0,0.979598,0.0,0.0,0.0,0.0,0.972067,0.0,0.0866076871752739
543,0.0,0.0,0.982956,0.0,0.0,0.0,0.0,0.965899,0.0,0.0868842080235481
544,0.0,0.0,0.967838,0.0,0.0,0.0,0.0,0.966641,0.0,0.0871751606464386
545,0.0,0.0,0.969181,0.0,0.0,0.0,0.0,0.966835,0.0,0.0874858796596527
546,0.0,0.0,0.968827,0.0,0.0,0.0,0.0,0.965561,0.0,0.0877742990851402
547,0.0,0.0,0.979973,0.0,0.0,0.0,0.0,0.96578,0.0,0.088039718568325
548,0.0,0.0,0.974392,0.0,0.0,0.0,0.0,0.969732,0.0,0.0883319526910782
549,0.0,0.0,0.975818,0.0,0.0,0.0,0.0,0.972708,0.0,0.0886319652199745
550,0.0,0.0,0.978208,0.0,0.0,0.0,0.0,0.972906,0.0,0.0889331102371216
551,0.0,0.0,0.979406,0.0,0.0,0.0,0.0,0.972297,0.0,0.0892327427864075
552,0.0,0.0,0.967229,0.0,0.0,0.0,0.0,0.969583,0.0,0.0895292609930038
553,0.0,0.0,0.974522,0.0,0.0,0.0,0.0,0.969078,0.0,0.089823842048645
554,0.0,0.0,0.98096,0.0,0.0,0.0,0.0,0.974158,0.0,0.0901191681623459
555,0.0,0.0,0.983397,0.0,0.0,0.0,0.0,0.977901,0.0,0.0904202312231064
556,0.0,0.0,0.978607,0.0,0.0,0.0,0.0,0.978028,0.0,0.09071946144104
557,0.0,0.0,0.970039,0.0,0.0,0.0,0.0,0.977026,0.0,0.0910139009356499
558,0.0,0.0,0.958314,0.0,0.0,0.0,0.0,0.972688,0.0,0.0913116410374641
559,0.0,0.0,0.953399,0.0,0.0,0.0,0.0,0.968789,0.0,0.0916251316666603
560,0.0,0.0,0.966447,0.0,0.0,0.0,0.0,0.965943,0.0,0.0919433087110519
561,0.0,0.0,0.977656,0.0,0.0,0.0,0.0,0.963953,0.0,0.0922259241342545
562,0.0,0.0,0.966534,0.0,0.0,0.0,0.0,0.964158,0.0,0.09250258654356
563,0.0,0.0,0.959038,0.0,0.0,0.0,0.0,0.963216,0.0,0.0927801206707954
564,0.0,0.0,0.947871,0.0,0.0,0.0,0.0,0.959149,0.0,0.0930544435977936
565,0.0,0.0,0.946245,0.0,0.0,0.0,0.0,0.955814,0.0,0.0933389291167259
566,0.0,0.0,0.957314,0.0,0.0,0.0,0.0,0.954526,0.0,0.0936267822980881
567,0.0,0.0,0.965081,0.0,0.0,0.0,0.0,0.952465,0.0,0.093906432390213
568,0.0,0.0,0.977765,0.0,0.0,0.0,0.0,0.948081,0.0,0.0941822230815887
569,0.0,0.0,0.983832,0.0,0.0,0.0,0.0,0.946006,0.0,0.094459094107151
570,0.0,0.0,0.982642,0.0,0.0,0.0,0.0,0.949345,0.0,0.094738781452179
571,0.0,0.0,0.992264,0.0,0.0,0.0,0.0,0.952939,0.0,0.0950134992599487
572,0.0,0.0,1.0,0.0,0.0,0.0,0.0,0.957232,0.0,0.0952904894948006
573,0.0,0.0,0.990784,0.0,0.0,0.0,0.0,0.961367,0.0,0.0955701395869255
574,0.0,0.0,0.980884,0.0,0.0,0.0,0.0,0.965083,0.0,0.0958461612462997
575,0.0,0.0,0.977001,0.0,0.0,0.0,0.0,0.967878,0.0,0.0961184054613113
576,0.0,0.0,0.977533,0.0,0.0,0.0,0.0,0.968233,0.0,0.0963888019323349
577,0.0,0.0,0.97827,0.0,0.0,0.0,0.0,0.968241,0.0,0.0966584458947182
578,0.0,0.0,0.961397,0.0,0.0,0.0,0.0,0.967381,0.0,0.0969306230545044
579,0.0,0.0,0.952489,0.0,0.0,0.0,0.0,0.963664,0.0,0.0972124189138412
580,0.0,0.0,0.969873,0.0,0.0,0.0,0.0,0.952415,0.0,0.0975059568881989
581,0.0,0.0,0.964902,0.0,0.0,0.0,0.0,0.943626,0.0,0.0978002548217773
582,0.0,0.0,0.961328,0.0,0.0,0.0,0.0,0.940838,0.0,0.0980825498700142
583,0.0,0.0,0.959215,0.0,0.0,0.0,0.0,0.93784,0.0,0.098358042538166
584,0.0,0.0,0.954163,0.0,0.0,0.0,0.0,0.93425,0.0,0.0986398831009865
585,0.0,0.0,0.954627,0.0,0.0,0.0,0.0,0.933839,0.0,0.0989074409008026
586,0.0,0.0,0.927396,0.0,0.0,0.0,0.0,0.942374,0.0,0.0991683602333069
587,0.0,0.0,0.865225,0.0,0.0,0.0,0.0,0.946659,0.0,0.0994585007429123
588,0.0,0.0,0.741205,0.0,0.0,0.0,0.0,0.939621,0.0,0.0997614338994026
589,0.0,0.0,0.545856,0.0,0.0,0.0,0.0,0.936298,0.0,0.10007406771183
590,0.0,0.0,0.353885,0.0,0.0,0.0,0.0,0.942462,0.0,0.100396789610386
591,0.0,0.0,0.21168,0.0,0.0,0.0,0.0,0.946566,0.0,0.100692301988602
592,0.0,0.0,0.123444,0.0,0.0,0.0,0.0,0.945674,0.0,0.100982427597046
593,0.0,0.0,0.070551,0.0,0.0,0.0,0.0,0.944136,0.0,0.10129289329052
594,0.0,0.0,0.041451,0.0,0.0,0.0,0.0,0.940813,0.0,0.101613886654377
595,0.0,0.0,0.025513,0.0,0.0,0.0,0.0,0.940273,0.0,0.101899035274982
596,0.0,0.0,0.016247,0.0,0.0,0.0,0.0,0.947084,0.0,0.102166049182415
597,0.0,0.0,0.010441,0.0,0.0,0.0,0.0,0.948863,0.0,0.102425895631313
598,0.0,0.0,0.007024,0.0,0.0,0.0,0.0,0.937549,0.0,0.10269121825695
599,0.0,0.0,0.00488,0.0,0.0,0.0,0.0,0.929551,0.0,0.102968119084835
600,0.0,0.0,0.003446,0.0,0.0,0.0,0.0,0.930068,0.0,0.103260092437267
601,0.0,0.0,0.002515,0.0,0.0,0.0,0.0,0.929105,0.0,0.103549800813198
602,0.0,0.0,0.001816,0.0,0.0,0.0,0.0,0.924431,0.0,0.103821642696857
603,0.0,0.0,0.001332,0.0,0.0,0.0,0.0,0.92104,0.0,0.104070968925953
604,0.0,0.0,0.000935,0.0,0.0,0.0,0.0,0.920802,0.0,0.10438334941864
605,0.0,0.0,0.000648,0.0,0.0,0.0,0.0,0.919554,0.0,0.104703091084957
606,0.0,0.0,0.000362,0.0,0.0,0.0,0.0,0.915508,0.0,0.104984536767006
607,0.0,0.0,0.000247,0.0,0.0,0.0,0.0,0.91319,0.0,0.10529986768961
608,0.0,0.0,0.00011,0.0,0.0,0.0,0.0,0.914932,0.0,0.105609647929668
609,0.0,0.0,1.6e-05,0.0,0.0,0.0,0.0,0.91435,0.0,0.105899378657341
610,0.0,0.0,0.0,0.0,0.0,0.0,0.0,0.907551,0.0,0.106199309229851
611,0.0,0.0,0.0,0.0,0.0,0.0,0.0,0.902826,0.0,0.106529079377651
612,0.0,0.0,0.0,0.0,0.0,0.0,0.0,0.903528,0.0,0.106870949268341
613,0.0,0.0,0.0,0.0,0.0,0.0,0.0,0.901194,0.0,0.107178777456284
614,0.0,0.0,0.0,0.0,0.0,0.0,0.0,0.891375,0.0,0.107477687299252
615,0.0,0.0,0.0,0.0,0.0,0.0,0.0,0.882402,0.0,0.107793636620045
616,0.0,0.0,0.0,0.0,0.0,0.0,0.0,0.875674,0.0,0.108140476047993
617,0.0,0.0,0.0,0.0,0.0,0.0,0.0,0.874097,0.0,0.108454003930092
618,0.0,0.0,0.0,0.0,0.0,0.0,0.0,0.885948,0.0,0.108765453100204
619,0.0,0.0,0.0,0.0,0.0,0.0,0.0,0.893427,0.0,0.109091825783253
620,0.0,0.0,0.0,0.0,0.0,0.0,0.0,0.889903,0.0,0.109385952353477
621,0.0,0.0,0.0,0.0,0.0,0.0,0.0,0.884759,0.0,0.109673067927361
622,0.0,0.0,0.0,0.0,0.0,0.0,0.0,0.875361,0.0,0.109973184764385
623,0.0,0.0,0.0,0.0,0.0,0.0,0.0,0.869478,0.0,0.110302977263927
624,0.0,0.0,0.0,0.0,0.0,0.0,0.0,0.872666,0.0,0.110665313899517
625,0.0,0.0,0.0,0.0,0.0,0.0,0.0,0.875692,0.0,0.111026838421822
626,0.0,0.0,0.0,0.0,0.0,0.0,0.0,0.878303,0.0,0.111337631940842
627,0.0,0.0,0.0,0.0,0.0,0.0,0.0,0.879443,0.0,0.111639186739922
628,0.0,0.0,0.0,0.0,0.0,0.0,0.0,0.876838,0.0,0.111958846449852
629,0.0,0.0,0.0,0.0,0.0,0.0,0.0,0.878599,0.0,0.112307578325272
630,0.0,0.0,0.0,0.0,0.0,0.0,0.0,0.892702,0.0,0.112629361450672
631,0.0,0.0,0.0,0.0,0.0,0.0,0.0,0.905134,0.0,0.112968020141125
632,0.0,0.0,0.0,0.0,0.0,0.0,0.0,0.91302,0.0,0.113338939845562
633,0.0,0.0,0.0,0.0,0.0,0.0,0.0,0.919456,0.0,0.113696150481701
634,0.0,0.0,0.0,0.000117,0.0,0.0,0.0,0.92162,0.0,0.114077180624008
635,0.0,0.0,0.0,0.000554,0.0,0.0,0.0,0.919859,0.0,0.114469543099403
636,0.0,0.0,0.0,0.001402,0.0,0.0,0.0,0.908919,0.0,0.114839896559715
637,0.0,0.0,0.0,0.003205,0.0,0.0,0.0,0.902939,0.0,0.115191787481308
638,0.0,0.0,0.0,0.007333,0.0,0.0,0.0,0.909776,0.0,0.115546464920044
639,0.0,0.0,0.0,0.017702,0.0,0.0,0.0,0.914,0.0,0.115929186344147
640,0.0,0.0,0.0,0.046033,0.0,0.0,0.0,0.911734,0.0,0.116307534277439
641,0.0,0.0,0.0,0.123946,0.0,0.0,0.0,0.90929,0.0,0.116678938269615
642,0.0,0.0,0.0,0.31635,0.0,0.0,0.0,0.906294,0.0,0.117042019963264
643,0.0,0.0,0.0,0.609359,0.0,0.0,0.0,0.902017,0.0,0.117403037846088
644,0.0,0.0,0.0,0.848855,0.0,0.0,0.0,0.894758,0.0,0.117761716246605
645,0.0,0.0,0.0,0.949928,0.0,0.0,0.0,0.888663,0.0,0.118126347661018
646,0.0,0.0,0.0,0.966928,0.0,0.0,0.0,0.885593,0.0,0.118520982563496
647,0.0,0.0,0.0,0.96718,0.0,0.0,0.0,0.879249,0.0,0.118903018534184
648,0.0,0.0,0.0,0.970778,0.0,0.0,0.0,0.864423,0.0,0.119271546602249
649,0.0,0.0,0.0,0.962154,0.0,0.0,0.0,0.855102,0.0,0.119648098945618
650,0.0,0.0,0.0,0.964002,0.0,0.0,0.0,0.860265,0.0,0.120040379464626
651,0.0,0.0,0.0,0.980678,0.0,0.0,0.0,0.863494,0.0,0.120432808995247
652,0.0,0.0,0.0,0.992142,0.0,0.0,0.0,0.861508,0.0,0.120806626975536
653,0.0,0.0,0.0,0.996804,0.0,0.0,0.0,0.859876,0.0,0.121147498488426
654,0.0,0.0,0.0,0.98108,0.0,0.0,0.0,0.85913,0.0,0.121504031121731
655,0.0,0.0,0.0,0.97298,0.0,0.0,0.0,0.857317,0.0,0.121894344687462
656,0.0,0.0,0.0,0.97696,0.0,0.0,0.0,0.852788,0.0,0.122267588973045
657,0.0,0.0,0.0,0.981568,0.0,0.0,0.0,0.850183,0.0,0.122659295797348
658,0.0,0.0,0.0,0.984615,0.0,0.0,0.0,0.852785,0.0,0.123051695525646
659,0.0,0.0,0.0,0.992388,0.0,0.0,0.0,0.855993,0.0,0.12341170758009
660,0.0,0.0,0.0,1.0,0.0,0.0,0.0,0.860609,0.0,0.123763635754585
661,0.0,0.0,0.0,0.981688,0.0,0.0,0.0,0.862834,0.0,0.124124877154827
662,0.0,0.0,0.0,0.956628,0.0,0.0,0.0,0.858455,0.0,0.124505370855331
663,0.0,0.0,0.0,0.953337,0.0,0.0,0.0,0.855759,0.0,0.124880358576775
664,0.0,0.0,0.0,0.955548,0.0,0.0,0.0,0.857148,0.0,0.12523527443409
665,0.0,0.0,0.0,0.955641,0.0,0.0,0.0,0.858244,0.0,0.125573396682739
666,0.0,0.0,0.0,0.959441,0.0,0.0,0.0,0.858532,0.0,0.125948220491409
667,0.0,0.0,0.0,0.973636,0.0,0.0,0.0,0.85964,0.0,0.126326471567154
668,0.0,0.0,0.0,0.982911,0.0,0.0,0.0,0.862705,0.0,0.126698017120361
669,0.0,0.0,0.0,0.983434,0.0,0.0,0.0,0.861668,0.0,0.127075597643852
670,0.0,0.0,0.0,0.983613,0.0,0.0,0.0,0.848975,0.0,0.127441272139549
671,0.0,0.0,0.0,0.984173,0.0,0.0,0.0,0.837994,0.0,0.127812281250954
672,0.0,0.0,0.0,0.975075,0.0,0.0,0.0,0.831881,0.0,0.128197640180588
673,0.0,0.0,0.0,0.962705,0.0,0.0,0.0,0.816555,0.0,0.128562867641449
674,0.0,0.0,0.0,0.951831,0.0,0.0,0.0,0.776009,0.0,0.128918826580048
675,0.0,0.0,0.0,0.947418,0.0,0.0,0.0,0.714816,0.0,0.12927271425724
676,0.0,0.0,0.0,0.950823,0.0,0.0,0.0,0.598302,0.0,0.129633620381355
677,0.0,0.0,0.0,0.947949,0.0,0.0,0.0,0.472496,0.0,0.1300118714571
678,0.0,0.0,0.0,0.905473,0.0,0.0,0.0,0.323232,0.0,0.130408376455307
679,0.0,0.0,0.0,0.764443,0.0,0.0,0.0,0.196006,0.0,0.130789116024971
680,0.0,0.0,0.0,0.526812,0.0,0.0,0.0,0.124269,0.0,0.131166473031044
681,0.0,0.0,0.0,0.299778,0.0,0.0,0.0,0.066556,0.0,0.131539449095726
682,0.0,0.0,0.0,0.148518,0.0,0.0,0.0,0.042723,0.0,0.131915032863617
683,0.0,0.0,0.0,0.066861,0.0,0.0,0.0,0.02327,0.0,0.132308334112167
684,0.0,0.0,0.0,0.030432,0.0,0.0,0.0,0.015515,0.0,0.132700622081757
685,0.0,0.0,0.0,0.014515,0.0,0.0,0.0,0.009003,0.0,0.133085697889328
686,0.0,0.0,0.0,0.007197,0.0,0.0,0.0,0.006195,0.0,0.133453622460365
687,0.0,0.0,0.0,0.003648,0.0,0.0,0.0,0.003841,0.0,0.133852705359459
688,0.0,0.0,0.0,0.00185,0.0,0.0,0.0,0.002619,0.0,0.134288057684898
689,0.0,0.0,0.0,0.000895,0.0,0.0,0.0,0.001587,0.0,0.134682878851891
690,0.0,0.0,0.0,0.00027,0.0,0.0,0.0,0.001013,0.0,0.135092839598656
691,0.0,0.0,0.0,0.0,0.0,0.0,0.0,0.000514,0.0,0.135525345802307
692,0.0,0.0,0.0,0.0,0.0,0.0,0.0,0.000216,0.0,0.135953456163406
693,0.0,0.0,0.0,0.0,0.0,0.0,0.0,0.0,0.0,0.136370271444321
694,0.0,0.0,0.0,0.0,0.0,0.0,0.0,0.0,0.0,0.136798590421677
695,0.0,0.0,0.0,0.0,0.0,0.0,0.0,0.0,0.0,0.137255057692528
696,0.0,0.0,0.0,0.0,0.0,0.0,0.0,0.0,0.0,0.137656688690186
697,0.0,0.0,0.0,0.0,0.0,0.0,0.0,0.0,0.0,0.138045519590378
698,0.0,0.0,0.0,0.0,0.0,0.0,0.0,0.0,0.0,0.138452544808388
699,0.0,0.0,0.0,0.0,0.0,0.0,0.0,0.0,0.0,0.138844653964043
700,0.0,0.0,0.0,0.0,0.0,0.0,0.0,0.0,0.0,0.139244437217712
701,0.0,0.0,0.0,0.0,0.0,0.0,0.0,0.0,0.0,0.1396514326334
702,0.0,0.0,0.0,0.0,0.0,0.0,0.0,0.0,0.0,0.140047580003738
703,0.0,0.0,0.0,0.0,0.0,0.0,0.0,0.0,0.0,0.140437796711922
704,0.0,0.0,0.0,0.0,0.0,0.0,0.0,0.0,0.0,0.140835300087929
705,0.0,0.0,0.0,0.0,0.0,0.0,0.0,0.0,0.0,0.141238674521446
706,0.0,0.0,0.0,0.0,0.0,0.0,0.0,0.0,0.0,0.141620397567749
707,0.0,0.0,0.0,0.0,0.0,0.0,0.0,0.0,0.0,0.142003551125526
708,0.0,0.0,0.0,0.0,0.0,0.0,0.0,0.0,0.0,0.142387464642525
709,0.0,0.0,0.0,0.0,0.0,0.0,0.0,0.0,0.0,0.142740547657013
710,0.0,0.0,0.0,0.0,0.0,0.0,0.0,0.0,0.0,0.143109187483788
711,0.0,0.0,0.0,0.0,0.0,0.0,0.0,0.0,0.0,0.143498405814171
712,0.0,0.0,0.0,0.0,0.0,0.0,0.0,0.0,0.0,0.143906608223915
713,0.0,0.0,0.0,0.0,0.0,0.0,0.0,0.0,0.0,0.144322231411934
714,0.0,0.0,0.0,0.0,0.0,0.0,0.0,0.0,0.0,0.144716590642929
715,0.0,0.0,0.0,0.0,0.0,0.0,0.0,0.0,0.0,0.145074784755707
716,0.0,0.0,0.0,0.0,0.0,0.0,0.0,0.0,0.0,0.145453035831451
717,0.0,0.0,0.0,0.0,0.0,0.0,0.0,0.0,0.0,0.145857512950897
718,0.0,0.0,0.0,0.0,0.0,0.0,0.0,0.0,0.0,0.146270006895065
719,0.0,0.0,0.0,0.0,0.0,0.0,0.0,0.0,0.0,0.146608591079712
720,0.0,0.0,0.0,0.0,0.0,0.0,0.0,0.0,0.0,0.147003158926964
721,0.0,0.0,0.0,0.0,0.0,0.0,0.0,0.0,0.0,0.14744146168232
722,0.0,0.0,0.0,0.0,0.0,0.0,0.0,0.0,0.0,0.147821545600891
723,0.0,0.0,0.0,0.0,0.0,0.0,0.0,0.0,0.0,0.148183435201645
724,0.0,0.0,0.0,0.0,0.0,0.0,0.0,0.0,0.0,0.148556768894196
725,0.0,0.0,0.0,0.0,0.0,0.0,0.0,0.0,0.0,0.148947596549988
726,0.0,0.0,0.0,0.0,0.0,0.0,0.0,0.0,0.0,0.149340853095055
727,0.0,0.0,0.0,0.0,0.0,0.0,0.0,0.0,0.0,0.14973771572113
728,0.0,0.0,0.0,0.0,0.0,0.0,0.0,0.0,0.0,0.150138020515442
729,0.0,0.0,0.0,0.0,0.0,0.0,0.0,0.0,0.0,0.150506243109703
730,0.0,0.0,0.0,0.0,0.0,0.0,0.0,0.0,0.0,0.150884732604027
731,0.0,0.0,0.0,0.0,0.0,0.0,0.0,0.0,0.0,0.151278927922249
732,0.0,0.0,0.0,0.0,0.0,0.0,0.0,0.0,0.0,0.151685804128647
733,0.0,0.0,0.0,0.0,0.0,0.0,0.0,0.0,0.0,0.152057930827141
734,0.0,0.0,0.0,0.0,0.0,0.0,0.0,0.0,0.0,0.15238718688488
735,0.0,0.0,0.0,0.0,0.0,0.0,0.0,0.0,0.0,0.152738198637962
736,0.0,0.0,0.0,0.0,0.0,0.0,0.0,0.0,0.0,0.153095588088036
737,0.0,0.0,0.0,0.0,0.0,0.0,0.0,0.0,0.0,0.153461292386055
738,0.0,0.0,0.0,0.0,0.0,0.0,0.0,0.0,0.0,0.153837814927101
739,0.0,0.0,0.0,0.0,0.0,0.0,0.0,0.0,0.0,0.154187977313995
740,0.0,0.0,0.0,0.0,0.0,0.0,0.0,0.0,0.0,0.154556587338448
741,0.0,0.0,0.0,0.0,0.0,0.0,0.0,0.0,0.0,0.154931262135506
742,0.0,0.0,0.0,0.0,0.0,0.0,0.0,0.0,0.0,0.155260846018791
743,0.0,0.0,0.0,0.0,0.0,0.0,0.0,0.0,0.0,0.155619457364082
744,0.0,0.0,0.0,0.0,0.0,0.0,0.0,0.0,0.0,0.155996069312096
745,0.0,0.0,0.0,0.0,0.0,0.0,0.0,0.0,0.0,0.156358420848846
746,0.0,0.0,0.0,0.0,0.0,0.0,0.0,0.0,0.0,0.156720906496048
747,0.0,0.0,0.0,0.0,0.0,0.0,0.0,0.0,0.0,0.157081380486488
748,0.0,0.0,0.0,0.0,0.0,0.0,0.0,0.0,0.0,0.157442554831505
749,0.0,0.0,0.0,0.0,0.0,0.0,0.0,0.0,0.0,0.157841950654984
750,0.0,0.0,0.0,0.0,0.0,0.0,0.0,0.0,0.0,0.158207088708878
751,0.0,0.0,0.0,0.0,0.0,0.0,0.0,0.0,0.0,0.158537209033966
752,0.0,0.0,0.0,0.0,0.0,0.0,0.0,0.0,0.0,0.158897176384926
753,0.0,0.0,0.0,0.0,0.0,0.0,0.0,0.0,0.0,0.159259751439095
754,0.0,0.0,0.0,0.0,0.0,0.0,0.0,0.0,0.0,0.15961629152298
755,0.0,0.0,0.0,0.0,0.0,0.0,0.0,0.0,0.0,0.159968793392181
756,0.0,0.0,0.0,0.0,0.0,0.0,0.0,0.0,0.0,0.160332411527634
757,0.0,0.0,0.0,0.0,0.0,0.0,0.0,0.0,0.0,0.160717159509659
758,0.0,0.0,0.0,0.0,0.0,0.0,0.0,0.0,0.0,0.16107864677906
759,0.0,0.0,0.0,0.0,0.0,0.0,0.0,0.0,0.0,0.16132290661335
760,0.0,0.0,0.0,0.0,0.0,0.0,0.0,0.0,0.0,0.161630630493164
761,0.0,0.0,0.0,0.0,0.0,0.0,0.0,0.0,0.0,0.162058621644974
762,0.0,0.0,0.0,0.0,0.0,0.0,0.0,0.0,0.0,0.162348225712776
763,0.0,0.0,0.0,0.0,0.0,0.0,0.0,0.0,0.0,0.162754774093628
764,0.0,0.0,0.0,0.0,0.0,0.0,0.0,0.0,0.0,0.1631980240345
765,0.0,0.0,0.0,0.0,0.0,0.0,0.0,0.0,0.0,0.163575023412704
766,0.0,0.0,0.0,0.0,0.0,0.0,0.0,0.0,0.0,0.163965061306953
767,0.0,0.0,0.0,0.0,0.0,0.0,0.0,0.0,0.0,0.164301201701164
768,0.0,0.0,0.0,0.0,0.0,0.0,0.0,0.0,0.0,0.164633199572563
769,0.0,0.0,0.0,0.0,0.0,0.0,0.0,0.0,0.0,0.165040165185928
770,0.0,0.0,0.0,0.0,0.0,0.0,0.0,0.0,0.0,0.165421709418297
771,0.0,0.0,0.0,0.0,0.0,0.0,0.0,0.0,0.0,0.165786042809486
772,0.0,0.0,0.0,0.0,0.0,0.0,0.0,0.0,0.0,0.16615304350853
773,0.0,0.0,0.0,0.0,0.0,0.0,0.0,0.0,0.0,0.166512757539749
774,0.0,0.0,0.0,0.0,0.0,0.0,0.0,0.0,0.0,0.166859611868858
775,0.0,0.0,0.0,0.0,0.0,0.0,0.0,0.0,0.0,0.167212873697281
776,0.0,0.0,0.0,0.0,0.0,0.0,0.0,0.0,0.0,0.167530104517937
777,0.0,0.0,0.0,0.0,0.0,0.0,0.0,0.0,0.0,0.167877063155174
778,0.0,0.0,0.0,0.0,0.0,0.0,0.0,0.0,0.0,0.168249770998955
779,0.0,0.0,0.0,0.0,0.0,0.0,0.0,0.0,0.0,0.168626055121422
780,0.0,0.0,0.0,0.0,0.0,0.0,0.0,0.0,0.0,0.168979093432426
781,0.0,0.0,0.0,0.0,0.0,0.0,0.0,0.0,0.0,0.169325634837151
782,0.0,0.0,0.0,0.0,0.0,0.0,0.0,0.0,0.0,0.169687166810036
783,0.0,0.0,0.0,0.0,0.0,0.0,0.0,0.0,0.0,0.17007814347744
784,0.0,0.0,0.0,0.0,0.0,0.0,0.0,0.0,0.0,0.170449197292328
785,0.0,0.0,0.0,0.0,0.0,0.0,0.0,0.0,0.0,0.170786619186401
786,0.0,0.0,0.0,0.0,0.0,0.0,0.0,0.0,0.0,0.171122595667839
787,0.0,0.0,0.0,0.0,0.0,0.0,0.0,0.0,0.0,0.171465530991554
788,0.0,0.0,0.0,0.0,0.0,0.0,0.0,0.0,0.0,0.171841204166412
789,0.0,0.0,0.0,0.0,0.0,0.0,0.0,0.0,0.0,0.172245934605598
790,0.0,0.0,0.0,0.0,0.0,0.0,0.0,0.0,0.0,0.172584116458893
791,0.0,0.0,0.0,0.0,0.0,0.0,0.0,0.0,0.0,0.172923266887665
792,0.0,0.0,0.0,0.0,0.0,0.0,0.0,0.0,0.0,0.173305660486221
793,0.0,0.0,0.0,0.0,0.0,0.0,0.0,0.0,0.0,0.17364190518856
794,0.0,0.0,0.0,0.0,0.0,0.0,0.0,0.0,0.0,0.173990502953529
795,0.0,0.0,0.0,0.0,0.0,0.0,0.0,0.0,0.0,0.174334689974785
796,0.0,0.0,0.0,0.0,0.0,0.0,0.0,0.0,0.0,0.174658343195915
797,0.0,0.0,0.0,0.0,0.0,0.0,0.0,0.0,0.0,0.175047010183334
798,0.0,0.0,0.0,0.0,0.0,0.0,0.0,0.0,0.0,0.175426557660103
799,0.0,0.0,0.0,0.0,0.0,0.0,0.0,0.0,0.0,0.175753399729729
800,0.0,0.0,0.0,0.0,0.0,0.0,0.0,0.0,0.0,0.176117330789566
801,0.0,0.0,0.0,0.0,0.0,0.0,0.0,0.0,0.0,0.176474332809448
802,0.0,0.0,0.0,0.0,0.0,0.0,0.0,0.0,0.0,0.176817074418068
803,0.0,0.0,0.0,0.0,0.0,0.0,0.0,0.0,0.0,0.177173122763634
804,0.0,0.0,0.0,0.0,0.0,0.0,0.0,0.0,0.0,0.177540868520737
805,0.0,0.0,0.0,0.0,0.0,0.0,0.0,0.0,0.0,0.177902042865753
806,0.0,0.0,0.0,0.0,0.0,0.0,0.0,0.0,0.0,0.178246021270752
807,0.0,0.0,0.0,0.0,0.0,0.0,0.0,0.0,0.0,0.17859111726284
808,0.0,0.0,0.0,0.0,0.0,0.0,0.0,0.0,0.0,0.178938299417496
809,0.0,0.0,0.0,0.0,0.0,0.0,0.0,0.0,0.0,0.179307416081429
810,0.0,0.0,0.0,0.0,0.0,0.0,0.0,0.0,0.0,0.17966029047966
811,0.0,0.0,0.0,0.0,0.0,0.0,0.0,0.0,0.0,0.180014804005623
812,0.0,0.0,0.0,0.0,0.0,0.0,0.0,0.0,0.0,0.180388107895851
813,0.0,0.0,0.0,0.0,0.0,0.0,0.0,0.0,0.0,0.180751949548721
814,0.0,0.0,0.0,0.0,0.0,0.0,0.0,0.0,0.0,0.181093022227287
815,0.0,0.0,0.0,0.0,0.0,0.0,0.0,0.0,0.0,0.18142306804657
816,0.0,0.0,0.0,0.0,0.0,0.0,0.0,0.0,0.0,0.181762591004372
817,0.0,0.0,0.0,0.0,0.0,0.0,0.0,0.0,0.0,0.182165712118149
818,0.0,0.0,0.0,0.0,0.0,0.0,0.0,0.0,0.0,0.182518005371094
819,0.0,0.0,0.0,0.0,0.0,0.0,0.0,0.0,0.0,0.182829529047012
820,0.0,0.0,0.0,0.0,0.0,0.0,0.0,0.0,0.0,0.183210834860802
821,0.0,0.0,0.0,0.0,0.0,0.0,0.0,0.0,0.0,0.183524280786514
822,0.0,0.0,0.0,0.0,0.0,0.0,0.0,0.0,0.0,0.183870702981949
823,0.0,0.0,0.0,0.0,0.0,0.0,0.0,0.0,0.0,0.184309214353561
824,0.0,0.0,0.0,0.0,0.0,0.0,0.0,0.0,0.0,0.184621006250381
825,0.0,0.0,0.0,0.0,0.0,0.0,0.0,0.0,0.0,0.18492029607296
826,0.0,0.0,0.0,0.0,0.0,0.0,0.0,0.0,0.0,0.185257807374001
827,0.0,0.0,0.0,0.0,0.0,0.0,0.0,0.0,0.0,0.185600310564041
828,0.0,0.0,0.0,0.0,0.0,0.0,0.0,0.0,0.0,0.185931831598282
829,0.0,0.0,0.0,0.0,0.0,0.0,0.0,0.0,0.0,0.186258777976036
830,0.0,0.0,0.0,0.0,0.0,0.0,0.0,0.0,0.0,0.186608716845512
831,0.0,0.0,0.0,0.0,0.0,0.0,0.0,0.0,0.0,0.18694469332695
832,0.0,0.0,0.0,0.0,0.0,0.0,0.0,0.0,0.0,0.187293410301208
833,0.0,0.0,0.0,0.0,4.4e-05,0.0,0.0,0.0,0.0,0.187655657529831
834,0.0,0.0,0.0,0.0,0.000116,0.0,0.0,0.0,0.0,0.18800587952137
835,0.0,0.0,0.0,0.0,0.000241,0.0,0.0,0.0,0.0,0.188368231058121
836,0.0,0.0,0.0,0.0,0.000423,0.0,0.0,0.0,0.0,0.188704907894135
837,0.0,0.0,0.0,0.0,0.000743,0.0,0.0,0.0,0.0,0.189008444547653
838,0.0,0.0,0.0,0.0,0.001192,0.0,0.0,0.0,0.0,0.18932481110096
839,0.0,0.0,0.0,0.0,0.00187,0.0,0.0,0.0,0.0,0.189701333642006
840,0.0,0.0,0.0,0.0,0.002944,0.0,0.0,0.0,0.0,0.190098837018013
841,0.0,0.0,0.0,0.0,0.004702,0.0,0.0,0.0,0.0,0.190415650606155
842,0.0,0.0,0.0,0.0,0.007601,0.0,0.0,0.0,0.0,0.190710067749023
843,0.0,0.0,0.0,0.0,0.01244,0.0,0.0,0.0,0.0,0.191039949655533
844,0.0,0.0,0.0,0.0,0.02072,0.0,0.0,0.0,0.0,0.191439658403397
845,0.0,0.0,0.0,0.0,0.034532,0.0,0.0,0.0,0.0,0.19179692864418
846,0.0,0.0,0.0,0.0,0.058265,0.0,0.0,0.0,0.0,0.1921246945858
847,0.0,0.0,0.0,0.0,0.100343,0.0,0.0,0.0,0.0,0.192428946495056
848,0.0,0.0,0.0,0.0,0.174619,0.0,0.0,0.0,0.0,0.192751437425613
849,0.0,0.0,0.0,0.0,0.288847,0.0,0.0,0.0,0.0,0.193071573972702
850,0.0,0.0,0.0,0.0,0.448364,0.0,0.0,0.0,0.0,0.193401321768761
851,0.0,0.0,0.0,0.0,0.63532,0.0,0.0,0.0,0.0,0.19376902282238
852,0.0,0.0,0.0,0.0,0.788733,0.0,0.0,0.0,0.0,0.194078922271729
853,0.0,0.0,0.0,0.0,0.891066,0.0,0.0,0.0,0.0,0.194354921579361
854,0.0,0.0,0.0,0.0,0.93661,0.0,0.0,0.0,0.0,0.194652527570724
855,0.0,0.0,0.0,0.0,0.969821,0.0,0.0,0.0,0.0,0.195028588175774
856,0.0,0.0,0.0,0.0,0.96646,0.0,0.0,0.0,0.0,0.195423468947411
857,0.0,0.0,0.0,0.0,0.956079,0.0,0.0,0.0,0.0,0.195764631032944
858,0.0,0.0,0.0,0.0,0.950632,0.0,0.0,0.0,0.0,0.196017801761627
859,0.0,0.0,0.0,0.0,0.940094,0.0,0.0,0.0,0.0,0.196381747722626
860,0.0,0.0,0.0,0.0,0.94845,0.0,0.0,0.0,0.0,0.196736216545105
861,0.0,0.0,0.0,0.0,0.951499,0.0,0.0,0.0,0.0,0.197017326951027
862,0.0,0.0,0.0,0.0,0.953162,0.0,0.0,0.0,0.0,0.197328925132751
863,0.0,0.0,0.0,0.0,0.947044,0.0,0.0,0.0,0.0,0.197679862380028
864,0.0,0.0,0.0,0.0,0.951209,0.0,0.0,0.0,0.0,0.198033690452576
865,0.0,0.0,0.0,0.0,0.957357,0.0,0.0,0.0,0.0,0.198350936174393
866,0.0,0.0,0.0,0.0,0.972043,0.0,0.0,0.0,0.0,0.198733747005463
867,0.0,0.0,0.0,0.0,0.975935,0.0,0.0,0.0,0.0,0.199045062065125
868,0.0,0.0,0.0,0.0,0.980733,0.0,0.0,0.0,0.0,0.199265480041504
869,0.0,0.0,0.0,0.0,0.989777,0.0,0.0,0.0,0.0,0.19962902367115
870,0.0,0.0,0.0,0.0,1.0,0.0,0.0,0.0,0.0,0.200044810771942
871,0.0,0.0,0.0,0.0,0.99612,0.0,0.0,0.0,0.0,0.200401172041893
872,0.0,0.0,0.0,0.0,0.980606,0.0,0.0,0.0,0.0,0.200627073645592
873,0.0,0.0,0.0,0.0,0.973133,0.0,0.0,0.0,0.0,0.20095357298851
874,0.0,0.0,0.0,0.0,0.986833,0.0,0.0,0.0,0.0,0.201326370239258
875,0.0,0.0,0.0,0.0,0.960215,0.0,0.0,0.0,0.0,0.201687812805176
876,0.0,0.0,0.0,0.0,0.890315,0.0,0.0,0.0,0.0,0.202019244432449
877,0.0,0.0,0.0,0.0,0.745037,0.0,0.0,0.0,0.0,0.202337101101875
878,0.0,0.0,0.0,0.0,0.582623,0.0,0.0,0.0,0.0,0.202669024467468
879,0.0,0.0,0.0,0.0,0.403526,0.0,0.0,0.0,0.0,0.203048765659332
880,0.0,0.0,0.0,0.0,0.249733,0.0,0.0,0.0,0.0,0.203390210866928
881,0.0,0.0,0.0,0.0,0.145365,0.0,0.0,0.0,0.0,0.203697428107262
882,0.0,0.0,0.0,0.0,0.084363,0.0,0.0,0.0,0.0,0.204017966985703
883,0.0,0.0,0.0,0.0,0.048191,0.0,0.0,0.0,0.0,0.204377979040146
884,0.0,0.0,0.0,0.0,0.028332,0.0,0.0,0.0,0.0,0.204693123698235
885,0.0,0.0,0.0,0.0,0.017346,0.0,0.0,0.0,0.0,0.205028086900711
886,0.0,0.0,0.0,0.0,0.0109,0.0,0.0,0.0,0.0,0.205431580543518
887,0.0,0.0,0.0,0.0,0.007059,0.0,0.0,0.0,0.0,0.205805361270905
888,0.0,0.0,0.0,0.0,0.004744,0.0,0.0,0.0,0.0,0.206130757927895
889,0.0,0.0,0.0,0.0,0.00316,0.0,0.0,0.0,0.0,0.20641927421093
890,0.0,0.0,0.0,0.0,0.002107,0.0,0.0,0.0,0.0,0.206751316785812
891,0.0,0.0,0.0,0.0,0.001445,0.0,0.0,0.0,0.0,0.207051202654839
892,0.0,0.0,0.0,0.0,0.000986,0.0,0.0,0.0,0.0,0.207379043102264
893,0.0,0.0,0.0,0.0,0.000719,0.0,0.0,0.0,0.0,0.207787051796913
894,0.0,0.0,0.0,0.0,0.000495,0.0,0.0,0.0,0.0,0.208153635263443
895,0.0,0.0,0.0,0.0,0.000314,0.0,0.0,0.0,0.0,0.208482652902603
896,0.0,0.0,0.0,0.0,0.000239,0.0,0.0,0.0,0.0,0.208773151040077
897,0.0,0.0,0.0,0.0,0.0001,0.0,0.0,0.0,0.0,0.208990216255188
898,0.0,0.0,0.0,0.0,5e-05,0.0,0.0,0.0,0.0,0.209254637360573
899,0.0,0.0,0.0,0.0,1.1e-05,0.0,0.0,0.0,0.0,0.209578141570091
900,0.0,0.0,0.0,0.0,0.0,0.0,0.0,0.0,0.0,0.209879860281944
901,0.0,0.0,0.0,0.0,0.0,0.0,0.0,0.0,0.0,0.210260644555092
902,0.0,0.0,0.0,0.0,0.0,0.0,0.0,0.0,0.0,0.210654333233833
903,0.0,0.0,0.0,0.0,0.0,0.0,0.0,0.0,0.0,0.21101938188076
904,0.0,0.0,0.0,0.0,0.0,0.0,0.0,0.0,0.0,0.211340799927711
905,0.0,0.0,0.0,0.0,0.0,0.0,0.0,0.0,0.0,0.211626052856445
906,0.0,0.0,0.0,0.0,0.0,0.0,0.0,0.0,0.0,0.211925312876701
907,0.0,0.0,0.0,0.0,0.0,0.0,0.0,0.0,0.0,0.212320566177368
908,0.0,0.0,0.0,0.0,0.0,0.0,0.0,0.0,0.0,0.212576895952225
909,0.0,0.0,0.0,0.0,0.0,0.0,0.0,0.0,0.0,0.212962791323662
910,0.0,0.0,0.0,0.0,0.0,0.0,0.0,0.0,0.0,0.21335481107235
911,0.0,0.0,0.0,0.0,0.0,0.0,0.0,0.0,0.0,0.213601186871529
912,0.0,0.0,0.0,0.0,0.0,0.0,0.0,0.0,0.0,0.213775455951691
913,0.0,0.0,0.0,0.0,0.0,0.0,0.0,0.0,0.0,0.214018046855927
914,0.0,0.0,0.0,0.0,0.0,0.0,0.0,0.0,0.0,0.214383259415627
915,0.0,0.0,0.0,0.0,0.0,0.0,0.0,0.0,0.0,0.214784756302834
916,0.0,0.0,0.0,0.0,0.0,0.0,0.0,0.0,0.0,0.215047389268875
917,0.0,0.0,0.0,0.0,0.0,0.0,0.0,0.0,0.0,0.215338185429573
918,0.0,0.0,0.0,0.0,0.0,0.0,0.0,0.0,0.0,0.215759843587875
919,0.0,0.0,0.0,0.0,0.0,0.0,0.0,0.0,0.0,0.216041266918182
920,0.0,0.0,0.0,0.0,0.0,0.0,0.0,0.0,0.0,0.216387137770653
921,0.0,0.0,0.0,0.0,0.0,0.0,0.0,0.0,0.0,0.216783463954926
922,0.0,0.0,0.0,0.0,0.0,0.0,0.0,0.0,0.0,0.217062041163445
923,0.0,0.0,0.0,0.0,0.0,0.0,0.0,0.0,0.0,0.217391654849052
924,0.0,0.0,0.0,0.0,0.0,0.0,0.0,0.0,0.0,0.217661648988724
925,0.0,0.0,0.0,0.0,0.0,0.0,0.0,0.0,0.0,0.217915788292885
926,0.0,0.0,0.0,0.0,0.0,0.0,0.0,0.0,0.0,0.218423128128052
927,0.0,0.0,0.0,0.0,0.0,0.0,0.0,0.0,0.0,0.218646168708801
928,0.0,0.0,0.0,0.0,0.0,0.0,0.0,0.0,0.0,0.218710795044899
929,0.0,0.0,0.0,0.0,0.0,0.0,0.0,0.0,0.0,0.218934386968613
930,0.0,0.0,0.0,0.0,0.0,0.0,0.0,0.0,0.0,0.218996688723564
931,0.0,0.0,0.0,0.0,0.0,0.0,0.0,0.0,0.0,0.219115436077118
932,0.0,0.0,0.0,0.0,0.0,0.0,0.0,0.0,0.0,0.219279736280441
933,0.0,0.0,0.0,0.0,0.0,0.0,0.0,0.0,0.0,0.219275310635567
934,0.0,0.0,0.0,0.0,0.0,0.0,0.0,0.0,0.0,0.219581738114357
935,0.0,0.0,0.0,0.0,0.0,0.0,0.0,0.0,0.0,0.219869554042816
936,0.0,0.0,0.0,0.0,0.0,0.0,0.0,0.0,0.0,0.2199517339468
937,0.0,0.0,0.0,0.0,0.0,0.0,0.0,0.0,0.0,0.220536127686501
938,0.0,0.0,0.0,0.0,0.0,0.0,0.0,0.0,0.0,0.2210633456707
939,0.0,0.0,0.0,0.0,0.0,0.0,0.0,0.0,0.0,0.22154276072979
940,0.0,0.0,0.0,0.0,0.0,0.0,0.0,0.0,0.0,0.221498504281044
941,0.0,0.0,0.0,0.0,0.0,0.0,0.0,0.0,0.0,0.221901252865791
942,0.0,0.0,0.0,0.0,0.0,0.0,0.0,0.0,0.0,0.222363948822021
943,0.0,0.0,0.0,0.0,0.0,0.0,0.0,0.0,0.0,0.222693145275116
944,0.0,0.0,0.0,0.0,0.0,0.0,0.0,0.0,0.0,0.22286668419838
945,0.0,0.0,0.0,0.0,0.0,0.0,0.0,0.0,0.0,0.223121359944344
946,0.0,0.0,0.0,0.0,0.0,0.0,0.0,0.0,0.0,0.223500490188599
947,0.0,0.0,0.0,0.0,0.0,0.0,0.0,0.0,0.0,0.22395296394825
948,0.0,0.0,0.0,0.0,0.0,0.0,0.0,0.0,0.0,0.224143385887146
949,0.0,0.0,0.0,0.0,0.0,0.0,0.0,0.0,0.0,0.224441587924957
950,0.0,0.0,0.0,0.0,0.0,0.0,0.0,0.0,0.0,0.224818915128708
951,0.0,0.0,0.0,0.0,0.0,0.0,0.0,0.0,0.0,0.225049018859863
952,0.0,0.0,0.0,0.0,0.0,0.0,0.0,0.0,0.0,0.225227043032646
953,0.0,0.0,0.0,0.0,0.0,0.0,0.0,0.0,0.0,0.225490614771843
954,0.0,0.0,0.0,0.0,0.0,0.0,0.0,0.0,0.0,0.225842177867889
955,0.0,0.0,0.0,0.0,0.0,0.0,0.0,0.0,0.0,0.226311445236206
956,0.0,0.0,0.0,0.0,0.0,0.0,0.0,0.0,0.0,0.226815819740295
957,0.0,0.0,0.0,0.0,0.0,0.0,0.0,0.0,0.0,0.226999253034592
958,0.0,0.0,0.0,0.0,0.0,0.0,0.0,0.0,0.0,0.227177992463112
959,0.0,0.0,0.0,0.0,0.0,0.0,0.0,0.0,0.0,0.227327764034271
960,0.0,0.0,0.0,0.0,0.0,0.0,0.0,0.0,0.0,0.227894797921181
961,0.0,0.0,0.0,0.0,0.0,0.0,0.0,0.0,0.0,0.228448241949081
962,0.0,0.0,0.0,0.0,0.0,0.0,0.0,0.0,0.0,0.228312611579895
963,0.0,0.0,0.0,0.0,0.0,0.0,0.0,0.0,0.0,0.228905588388443
964,0.0,0.0,0.0,0.0,0.0,0.0,0.0,0.0,0.0,0.22937785089016
965,0.0,0.0,0.0,0.0,0.0,0.0,0.0,0.0,0.0,0.229467824101448
966,0.0,0.0,0.0,0.0,0.0,0.0,0.0,0.0,0.0,0.229737356305122
967,0.0,0.0,0.0,0.0,0.0,0.0,0.0,0.0,0.0,0.230357214808464
968,0.0,0.0,0.0,0.0,0.0,0.0,0.0,0.0,0.0,0.230778247117996
969,0.0,0.0,0.0,0.0,0.0,0.0,0.0,0.0,0.0,0.23085743188858
970,0.0,0.0,0.0,0.0,0.0,0.0,0.0,0.0,0.0,0.231151148676872
971,0.0,0.0,0.0,0.0,0.0,0.0,0.0,0.0,0.0,0.231464326381683
972,0.0,0.0,0.0,0.0,0.0,0.0,0.0,0.0,0.0,0.231851890683174
973,0.0,0.0,0.0,0.0,0.0,0.0,0.0,0.0,0.0,0.232337802648544
974,0.0,0.0,0.0,0.0,0.0,0.0,0.0,0.0,0.0,0.232292518019676
975,0.0,0.0,0.0,0.0,0.0,0.0,0.0,0.0,0.0,0.232600167393684
976,0.0,0.0,0.0,0.0,0.0,0.0,0.0,0.0,0.0,0.232958376407623
977,0.0,0.0,0.0,0.0,0.0,0.0,0.0,0.0,0.0,0.233107358217239
978,0.0,0.0,0.0,0.0,0.0,0.0,0.0,0.0,0.0,0.233407944440842
979,0.0,0.0,0.0,0.0,0.0,0.0,0.0,0.0,0.0,0.233771145343781
980,0.0,0.0,0.0,0.0,0.0,0.0,0.0,0.0,0.0,0.234217643737793
981,0.0,0.0,0.0,0.0,0.0,0.0,0.0,0.0,0.0,0.234359160065651
982,0.0,0.0,0.0,0.0,0.0,0.0,0.0,0.0,0.0,0.23474408686161
983,0.0,0.0,0.0,0.0,0.0,0.0,0.0,0.0,0.0,0.234979793429375
984,0.0,0.0,0.0,0.0,0.0,0.0,0.0,0.0,0.0,0.234940975904465
985,0.0,0.0,0.0,0.0,0.0,0.0,0.0,0.0,0.0,0.235198751091957
986,0.0,0.0,0.0,0.0,0.0,0.0,0.0,0.0,0.0,0.235431805253029
987,0.0,0.0,0.0,0.0,0.0,0.0,0.0,0.0,0.0,0.235861361026764
988,0.0,0.0,0.0,0.0,0.0,0.0,0.0,0.0,0.0,0.236244946718216
989,0.0,0.0,0.0,0.0,0.0,0.0,0.0,0.0,0.0,0.236623361706734
990,0.0,0.0,0.0,0.0,0.0,0.0,0.0,0.0,0.0,0.236836597323418
991,0.0,0.0,0.0,0.0,0.0,0.0,0.0,0.0,0.0,0.237146213650703
992,0.0,0.0,0.0,0.0,0.0,0.0,0.0,0.0,0.0,0.237419843673706
993,0.0,0.0,0.0,0.0,0.0,0.0,0.0,0.0,0.0,0.237608253955841
994,0.0,0.0,0.0,0.0,0.0,0.0,0.0,0.0,0.0,0.238024532794952
995,0.0,0.0,0.0,0.0,0.0,0.0,0.0,0.0,0.0,0.238395169377327
996,0.0,0.0,0.0,0.0,0.0,0.0,0.0,0.0,0.0,0.23804347217083
997,0.0,0.0,0.0,0.0,0.0,0.0,0.0,0.0,0.0,0.2385213971138
998,0.0,0.0,0.0,0.0,0.0,0.0,0.0,0.0,0.0,0.238622039556503
999,0.0,0.0,0.0,0.0,0.0,0.0,0.0,0.0,0.0,0.238524541258812
1000,0.0,0.0,0.0,0.0,0.0,0.0,0.0,0.0,0.0,0.238575950264931
1001,0.0,0.0,0.0,0.0,0.0,0.0,0.0,0.0,0.0,0.238634705543518
1002,0.0,0.0,0.0,0.0,0.0,0.0,0.0,0.0,0.0,0.238709434866905
1003,0.0,0.0,0.0,0.0,0.0,0.0,0.0,0.0,0.0,0.23908257484436
1004,0.0,0.0,0.0,0.0,0.0,0.0,0.0,0.0,0.0,0.239386931061745
1005,0.0,0.0,0.0,0.0,0.0,0.0,0.0,0.0,0.0,0.239529505372047
1006,0.0,0.0,0.0,0.0,0.0,0.0,0.0,0.0,0.0,0.239265143871307
1007,0.0,0.0,0.0,0.0,0.0,0.0,0.0,0.0,0.0,0.239276841282845
1008,0.0,0.0,0.0,0.0,0.0,0.0,0.0,0.0,0.0,0.239318534731865
1009,0.0,0.0,0.0,0.0,0.0,0.0,0.0,0.0,0.0,0.239538222551346
1010,0.0,0.0,0.0,0.0,0.0,0.0,0.0,0.0,0.0,0.239759132266045
1011,0.0,0.0,0.0,0.0,0.0,0.0,0.0,0.0,0.0,0.240633487701416
1012,0.0,0.0,0.0,0.0,0.0,0.0,0.0,0.0,0.0,0.241646900773048
1013,0.0,0.0,0.0,0.0,0.0,0.0,0.0,0.0,0.0,0.242325559258461
1014,0.0,0.0,0.0,0.0,0.0,0.0,0.0,0.0,0.0,0.242243513464928
1015,0.0,0.0,0.0,0.0,0.0,0.0,0.0,0.0,0.0,0.242653429508209
1016,0.0,0.0,0.0,0.0,0.0,0.0,0.0,0.0,0.0,0.242970794439316
1017,0.0,0.0,0.0,0.0,0.0,0.0,0.0,0.0,0.0,0.243186518549919
1018,0.0,0.0,0.0,0.0,0.0,0.0,0.0,0.0,0.0,0.243481203913689
1019,0.0,0.0,0.0,0.0,0.0,0.0,0.0,0.0,0.0,0.243554756045341
1020,0.0,0.0,0.0,0.0,0.0,0.0,0.0,0.0,0.0,0.243903443217278
1021,0.0,0.0,0.0,0.0,0.0,0.0,0.0,0.0,0.0,0.244465336203575
1022,0.0,0.0,0.0,0.0,0.0,0.0,0.0,0.0,0.0,0.244712486863136
1023,0.0,0.0,0.0,0.0,0.0,0.0,0.0,0.0,0.0,0.244855895638466
1024,0.0,0.0,0.0,0.0,0.0,0.0,0.0,0.0,0.0,0.245047971606255
1025,0.0,0.0,0.0,0.0,0.0,0.0,0.0,0.0,0.0,0.245596870779991
1026,0.0,0.0,0.0,0.0,0.0,0.0,0.0,0.0,0.0,0.245932295918465
1027,0.0,0.0,0.0,0.0,0.0,0.0,0.0,0.0,0.0,0.246157959103584
1028,0.0,0.0,0.0,0.0,0.0,0.0,0.0,0.0,0.0,0.246175110340118
1029,0.0,0.0,0.0,0.0,0.0,0.0,0.0,0.0,0.0,0.24720261991024
1030,0.0,0.0,0.0,0.0,0.0,0.0,0.0,0.0,0.0,0.247419506311417
1031,0.0,0.0,0.0,0.0,0.0,0.0,0.0,0.0,0.0,0.247683703899384
1032,0.0,0.0,0.0,0.0,0.0,0.0,0.0,0.0,0.0,0.247433826327324
1033,0.0,0.0,0.0,0.0,0.0,0.0,0.0,0.0,0.0,0.247854560613632
1034,0.0,0.0,0.0,0.0,0.0,0.0,0.0,0.0,0.0,0.248168796300888
1035,0.0,0.0,0.0,0.0,0.0,0.0,0.0,0.0,0.0,0.248444810509682
1036,0.0,0.0,0.0,0.0,0.0,0.0,0.0,0.0,0.0,0.248729929327965
1037,0.0,0.0,0.0,0.0,0.0,0.0,0.0,0.0,0.0,0.249147802591324
1038,0.0,0.0,0.0,0.0,0.0,0.0,0.0,0.0,0.0,0.249631837010384
1039,0.0,0.0,0.0,0.0,0.0,0.0,0.0,0.0,0.0,0.249916076660156
1040,0.0,0.0,0.0,0.0,0.0,0.0,0.0,0.0,0.0,0.250319540500641
1041,0.0,0.0,0.0,0.0,0.0,0.0,0.0,0.0,0.0,0.250698834657669
1042,0.0,0.0,0.0,0.0,0.0,0.0,0.0,0.0,0.0,0.250837832689285
1043,0.0,0.0,0.0,0.0,0.0,0.0,0.0,0.0,0.0,0.251106232404709
1044,0.0,0.0,0.0,0.0,0.0,0.0,0.0,0.0,0.0,0.251123011112213
1045,0.0,0.0,0.0,0.0,0.0,0.0,0.0,0.0,0.0,0.25160750746727
1046,0.0,0.0,0.0,0.0,0.0,0.0,0.0,0.0,0.0,0.252213954925537
1047,0.0,0.0,0.0,0.0,0.0,0.0,0.0,0.0,0.0,0.25225692987442
1048,0.0,0.0,0.0,0.0,0.0,0.0,0.0,0.0,0.0,0.252781867980957
1049,0.0,0.0,0.0,0.0,0.0,0.0,0.0,0.0,0.0,0.253162682056427
1050,0.0,0.0,0.0,0.0,0.0,0.0,0.0,0.0,0.0,0.253567665815353
1051,0.0,0.0,0.0,0.0,0.0,0.0,0.0,0.0,0.0,0.253677904605865
1052,0.0,0.0,0.0,0.0,0.0,0.0,0.0,0.0,0.0,0.25410121679306
1053,0.0,0.0,0.0,0.0,0.0,0.0,0.0,0.0,0.0,0.254352062940598
1054,0.0,0.0,0.0,0.0,0.0,0.0,0.0,0.0,0.0,0.254600316286087
1055,0.0,0.0,0.0,0.0,0.0,0.0,0.0,0.0,0.0,0.254842102527618
1056,0.0,0.0,0.0,0.0,0.0,0.0,0.0,0.0,0.0,0.255269885063171
1057,0.0,0.0,0.0,0.0,0.0,0.0,0.0,0.0,0.0,0.255851030349731
1058,0.0,0.0,0.0,0.0,0.0,0.0,0.0,0.0,0.0,0.256012141704559
1059,0.0,0.0,0.0,0.0,0.0,0.0,0.0,0.0,0.0,0.255855679512024
1060,0.0,0.0,0.0,0.0,0.0,0.0,0.0,0.0,0.0,0.256142050027847
1061,0.0,0.0,0.0,0.0,0.0,0.0,0.0,0.0,0.0,0.25591367483139
1062,0.0,0.0,0.0,0.0,0.0,0.0,0.0,0.0,0.0,0.25601652264595
1063,0.0,0.0,0.0,0.0,0.0,0.0,0.0,0.0,0.0,0.256412953138351
1064,0.0,0.0,0.0,0.0,0.0,0.0,0.0,0.0,0.0,0.257045358419418
1065,0.0,0.0,0.0,0.0,0.0,0.0,0.0,0.0,0.0,0.257733196020126
1066,0.0,0.0,0.0,0.0,0.0,0.0,0.0,0.0,0.0,0.259006679058075
1067,0.0,0.0,0.0,0.0,0.0,0.0,0.0,0.0,0.0,0.259333521127701
1068,0.0,0.0,0.0,0.0,0.0,0.0,0.0,0.0,0.0,0.259411633014679
1069,0.0,0.0,0.0,0.0,0.0,0.0,0.0,0.0,0.0,0.259635508060455
1070,0.0,0.0,0.0,0.0,0.0,0.0,0.0,0.0,0.0,0.259498953819275
1071,0.0,0.0,0.0,0.0,0.0,0.0,0.0,0.0,0.0,0.259693473577499
1072,0.0,0.0,0.0,0.0,0.0,0.0,0.0,0.0,0.0,0.260043948888779
1073,0.0,0.0,0.0,0.0,0.0,0.0,0.0,0.0,0.0,0.260262787342072
1074,0.0,0.0,0.0,0.0,0.0,0.0,0.0,0.0,0.0,0.26040330529213
1075,0.0,0.0,0.0,0.0,0.0,0.0,0.0,0.0,0.0,0.260556012392044
1076,0.0,0.0,0.0,0.0,0.0,0.0,0.0,0.0,0.0,0.260271370410919
1077,0.0,0.0,0.0,0.0,0.0,0.0,0.0,0.0,0.0,0.260491520166397
1078,0.0,0.0,0.0,0.0,0.0,0.0,0.0,0.0,0.0,0.261446923017502
1079,0.0,0.0,0.0,0.0,0.0,0.0,0.0,0.0,0.0,0.261990666389465
1080,0.0,0.0,0.0,0.0,0.0,0.0,0.0,0.0,0.0,0.262823194265366
1081,0.0,0.0,0.0,0.0,0.0,0.0,0.0,0.0,0.0,0.262936949729919
1082,0.0,0.0,0.0,0.0,0.0,0.0,0.0,0.0,0.0,0.262778073549271
1083,0.0,0.0,0.0,0.0,0.0,0.0,0.0,0.0,0.0,0.262869447469711
1084,0.0,0.0,0.0,0.0,0.0,0.0,0.0,0.0,0.0,0.26314502954483
1085,0.0,0.0,0.0,0.0,0.0,0.0,0.0,0.0,0.0,0.263184696435928
1086,0.0,0.0,0.0,0.0,0.0,0.0,0.0,0.0,0.0,0.263457357883453
1087,0.0,0.0,0.0,0.0,0.0,0.0,0.0,0.0,0.0,0.263962686061859
1088,0.0,0.0,0.0,0.0,0.0,0.0,0.0,0.0,0.0,0.264478147029877
1089,0.0,0.0,0.0,0.0,0.0,0.0,0.0,0.0,0.0,0.265461474657059
1090,0.0,0.0,0.0,0.0,0.0,0.0,0.0,0.0,0.0,0.265848249197006
1091,0.0,0.0,0.0,0.0,0.0,0.0,0.0,0.0,0.0,0.265834987163544
1092,0.0,0.0,0.0,0.0,0.0,0.0,0.0,0.0,0.0,0.266069829463959
1093,0.0,0.0,0.0,0.0,0.0,0.0,0.0,0.0,0.0,0.266455739736557
1094,0.0,0.0,0.0,0.0,0.0,0.0,0.0,0.0,0.0,0.266766428947449
1095,0.0,0.0,0.0,0.0,0.0,0.0,0.0,0.0,0.0,0.266739845275879
1096,0.0,0.0,0.0,0.0,0.0,0.0,0.0,0.0,0.0,0.266963064670563
1097,0.0,0.0,0.0,0.0,0.0,0.0,0.0,0.0,0.0,0.267559826374054
1098,0.0,0.0,0.0,0.0,0.0,0.0,0.0,0.0,0.0,0.267935454845428
1099,0.0,0.0,0.0,0.0,0.0,0.0,0.0,0.0,0.0,0.268237382173538
1100,0.0,0.0,0.0,0.0,0.0,0.0,0.0,0.0,0.0,0.268518954515457
1101,0.0,0.0,0.0,0.0,0.0,0.0,0.0,0.0,0.0,0.268919110298157
1102,0.0,0.0,0.0,0.0,0.0,0.0,0.0,0.0,0.0,0.269068986177444
1103,0.0,0.0,0.0,0.0,0.0,0.0,0.0,0.0,0.0,0.269419819116592
1104,0.0,0.0,0.0,0.0,0.0,0.0,0.0,0.0,0.0,0.269852697849274
1105,0.0,0.0,0.0,0.0,0.0,0.0,0.0,0.0,0.0,0.270032674074173
1106,0.0,0.0,0.0,0.0,0.0,0.0,0.0,0.0,0.0,0.270462900400162
1107,0.0,0.0,0.0,0.0,0.0,0.0,0.0,0.0,0.0,0.27068954706192
1108,0.0,0.0,0.0,0.0,0.0,0.0,0.0,0.0,0.0,0.270439267158508
1109,0.0,0.0,0.0,0.0,0.0,0.0,0.0,0.0,0.0,0.270658671855927
1110,0.0,0.0,0.0,0.0,0.0,0.0,0.0,0.0,0.0,0.27149099111557
1111,0.0,0.0,0.0,0.0,0.0,0.0,0.0,0.0,0.0,0.271741688251495
1112,0.0,0.0,0.0,0.0,0.0,0.0,0.0,0.0,0.0,0.271588742733002
1113,0.0,0.0,0.0,0.0,0.0,0.0,0.0,0.0,0.0,0.271608620882034
1114,0.0,0.0,0.0,0.0,0.0,0.0,0.0,0.0,0.0,0.271584659814835
1115,0.0,0.0,0.0,0.0,0.0,0.0,0.0,0.0,0.0,0.271647423505783
1116,0.0,0.0,0.0,0.0,0.0,0.0,0.0,0.0,0.0,0.271800011396408
1117,0.0,0.0,0.0,0.0,0.0,0.0,0.0,0.0,0.0,0.272138774394989
1118,0.0,0.0,0.0,0.0,0.0,0.0,0.0,0.0,0.0,0.272683590650558
1119,0.0,0.0,0.0,0.0,0.0,0.0,0.0,0.0,0.0,0.273532956838608
1120,0.0,0.0,0.0,0.0,0.0,0.0,0.0,0.0,0.0,0.273787885904312
1121,0.0,0.0,0.0,0.0,0.0,0.0,0.0,0.0,0.0,0.274141848087311
1122,0.0,0.0,0.0,0.0,0.0,0.0,0.0,0.0,0.0,0.27445313334465
1123,0.0,0.0,0.0,0.0,0.0,0.0,0.0,0.0,0.0,0.273596733808517
1124,0.0,0.0,0.0,0.0,0.0,0.0,0.0,0.0,0.0,0.274220556020737
1125,0.0,0.0,0.0,0.0,0.0,0.0,0.0,0.0,0.0,0.27651971578598
1126,0.0,0.0,0.0,0.0,0.0,0.0,0.0,0.0,0.0,0.276877492666245
1127,0.0,0.0,0.0,0.0,0.0,0.0,0.0,0.0,0.0,0.277356117963791
1128,0.0,0.0,0.0,0.0,0.0,0.0,0.0,0.0,0.0,0.277792930603027
1129,0.0,0.0,0.0,0.0,0.0,0.0,0.0,0.0,0.0,0.278025299310684
1130,0.0,0.0,0.0,0.0,0.0,0.0,0.0,0.0,0.0,0.27850604057312
1131,0.0,0.0,0.0,0.0,0.0,0.0,0.0,0.0,0.0,0.279390543699265
1132,0.0,0.0,0.0,0.0,0.0,0.0,0.0,0.0,0.0,0.279861390590668
1133,0.0,0.0,0.0,0.0,0.0,0.0,0.0,0.0,0.0,0.279926896095276
1134,0.0,0.0,0.0,0.0,0.0,0.0,0.0,0.0,0.0,0.279899656772614
1135,0.0,0.0,0.0,0.0,0.0,0.0,0.0,0.0,0.0,0.27985143661499
1136,0.0,0.0,0.0,0.0,0.0,0.0,0.0,0.0,0.0,0.280052691698074
1137,0.0,0.0,0.0,0.0,0.0,0.0,0.0,0.0,0.0,0.27992770075798
1138,0.0,0.0,0.0,0.0,0.0,0.0,0.0,0.0,0.0,0.280274957418442
1139,0.0,0.0,0.0,0.0,0.0,0.0,0.0,0.0,0.0,0.280406326055527
1140,0.0,0.0,0.0,0.0,0.0,0.0,0.0,0.0,0.0,0.281153678894043
1141,0.0,0.0,0.0,0.0,0.0,0.0,0.0,0.0,0.0,0.28150287270546
1142,0.0,0.0,0.0,0.0,0.0,0.0,0.0,0.0,0.0,0.281305879354477
1143,0.0,0.0,0.0,0.0,0.0,0.0,0.0,0.0,0.0,0.281767934560776
1144,0.0,0.0,0.0,0.0,0.0,0.0,0.0,0.0,0.0,0.281766504049301
1145,0.0,0.0,0.0,0.0,0.0,0.0,0.0,0.0,0.0,0.281964421272278
1146,0.0,0.0,0.0,0.0,0.0,0.0,0.0,0.0,0.0,0.282612323760986
1147,0.0,0.0,0.0,0.0,0.0,0.0,0.0,0.0,0.0,0.282817721366882
1148,0.0,0.0,0.0,0.0,0.0,0.0,0.0,0.0,0.0,0.283240258693695
1149,0.0,0.0,0.0,0.0,0.0,0.0,0.0,0.0,0.0,0.283352553844452
1150,0.0,0.0,0.0,0.0,0.0,0.0,0.0,0.0,0.0,0.28289058804512
1151,0.0,0.0,0.0,0.0,0.0,0.0,0.0,0.0,0.0,0.283064812421799
1152,0.0,0.0,0.0,0.0,0.0,0.0,0.0,0.0,0.0,0.283388406038284
1153,0.0,0.0,0.0,0.0,0.0,0.0,0.0,0.0,0.0,0.283520400524139
1154,0.0,0.0,0.0,0.0,0.0,0.0,0.0,0.0,0.0,0.283618479967117
1155,0.0,0.0,0.0,0.0,0.0,0.0,0.0,0.0,0.0,0.284115523099899
1156,0.0,0.0,0.0,0.0,0.0,0.0,0.0,0.0,0.0,0.284472763538361
1157,0.0,0.0,0.0,0.0,0.0,0.0,0.0,0.0,0.0,0.284663140773773
1158,0.0,0.0,0.0,0.0,0.0,0.0,0.0,0.0,0.0,0.285210222005844
1159,0.0,0.0,0.0,0.0,0.0,0.0,0.0,0.0,0.0,0.285668969154358
1160,0.0,0.0,0.0,0.0,0.0,0.0,0.0,0.0,0.0,0.286076992750168
1161,0.0,0.0,0.0,0.0,0.0,0.0,0.0,0.0,0.0,0.286531537771225
1162,0.0,0.0,0.0,0.0,0.0,0.0,0.0,0.0,0.0,0.286846101284027
1163,0.0,0.0,0.0,0.0,0.0,0.0,0.0,0.0,0.0,0.286938965320587
1164,0.0,0.0,0.0,0.0,0.0,0.0,0.0,0.0,0.0,0.287057518959045
1165,0.0,0.0,0.0,0.0,0.0,0.0,0.0,0.0,0.0,0.287176430225372
1166,0.0,0.0,0.0,0.0,0.0,0.0,0.0,0.0,0.0,0.287316739559174
1167,0.0,0.0,0.0,0.0,0.0,0.0,0.0,0.0,0.0,0.287391781806946
1168,0.0,0.0,0.0,0.0,0.0,0.0,0.0,0.0,0.0,0.287679255008698
1169,0.0,0.0,0.0,0.0,0.0,0.0,0.0,0.0,0.0,0.287971168756485
1170,0.0,0.0,0.0,0.0,0.0,0.0,0.0,0.0,0.0,0.288409501314163
1171,0.0,0.0,0.0,0.0,0.0,0.0,0.0,0.0,0.0,0.289079248905182
1172,0.0,0.0,0.0,0.0,0.0,0.0,0.0,0.0,0.0,0.289403915405273
1173,0.0,0.0,0.0,0.0,0.0,0.0,0.0,0.0,0.0,0.289745837450027
1174,0.0,0.0,0.0,0.0,0.0,0.0,0.0,0.0,0.0,0.29014003276825
1175,0.0,0.0,0.0,0.0,0.0,0.0,0.0,0.0,0.0,0.290059626102448
1176,0.0,0.0,0.0,0.0,0.0,0.0,0.0,0.0,0.0,0.290197819471359
1177,0.0,0.0,0.0,0.0,0.0,0.0,0.0,0.0,0.0,0.290334492921829
1178,0.0,0.0,0.0,0.0,0.0,0.0,0.0,0.0,0.0,0.290135741233826
1179,0.0,0.0,0.0,0.0,0.0,0.0,0.0,0.0,0.0,0.290550351142883
1180,0.0,0.0,0.0,0.0,0.0,0.0,0.0,0.0,0.0,0.290992140769959
1181,0.0,0.0,0.0,0.0,0.0,0.0,0.0,0.0,0.0,0.291224002838135
1182,0.0,0.0,0.0,0.0,0.0,0.0,0.0,0.0,0.0,0.29157543182373
1183,0.0,0.0,0.0,0.0,0.0,0.0,0.0,0.0,0.0,0.291825145483017
1184,0.0,0.0,0.0,0.0,0.0,0.0,0.0,0.0,0.0,0.291926801204681
1185,0.0,0.0,0.0,0.0,0.0,0.0,0.0,0.0,0.0,0.292187005281448
1186,0.0,0.0,0.0,0.0,0.0,0.0,0.0,0.0,0.0,0.292501479387283
1187,0.0,0.0,0.0,0.0,0.0,0.0,0.0,0.0,0.0,0.292840868234634
1188,0.0,0.0,0.0,0.0,0.0,0.0,0.0,0.0,0.0,0.293284505605698
1189,0.0,0.0,0.0,0.0,0.0,0.0,0.0,0.0,0.0,0.293615818023682
1190,0.0,0.0,0.0,0.0,0.0,0.0,0.0,0.0,0.0,0.293767511844635
1191,0.0,0.0,0.0,0.0,0.0,0.0,0.0,0.0,0.0,0.294125378131866
1192,0.0,0.0,0.0,0.0,0.0,0.0,0.0,0.0,0.0,0.294681668281555
1193,0.0,0.0,0.0,0.0,0.0,0.0,0.0,0.0,0.0,0.294943302869797
1194,0.0,0.0,0.0,0.0,0.0,0.0,0.0,0.0,0.0,0.295094937086105
1195,0.0,0.0,0.0,0.0,0.0,0.0,0.0,0.0,0.0,0.29549914598465
1196,0.0,0.0,0.0,0.0,0.0,0.0,0.0,0.0,0.0,0.295542597770691
1197,0.0,0.0,0.0,0.0,0.0,0.0,0.0,0.0,0.0,0.295908480882645
1198,0.0,0.0,0.0,0.0,0.0,0.0,0.0,0.0,0.0,0.296065032482147
1199,0.0,0.0,0.0,0.0,0.0,0.0,0.0,0.0,0.0,0.296413838863373
1200,0.0,0.0,0.0,0.0,0.0,0.0,0.0,0.0,0.0,0.296561509370804
1201,0.0,0.0,0.0,0.0,0.0,0.0,0.0,0.0,0.0,0.296767055988312
1202,0.0,0.0,0.0,0.0,0.0,0.0,0.0,0.0,0.0,0.296898931264877
1203,0.0,0.0,0.0,0.0,0.0,0.0,0.0,0.0,0.0,0.297350317239761
1204,0.0,0.0,0.0,0.0,0.0,0.0,0.0,0.0,0.0,0.297802448272705
1205,0.0,0.0,0.0,0.0,0.0,0.0,0.0,0.0,0.0,0.298196166753769
1206,0.0,0.0,0.0,0.0,0.0,0.0,0.0,0.0,0.0,0.298480957746506
1207,0.0,0.0,0.0,0.0,0.0,0.0,0.0,0.0,0.0,0.298660486936569
1208,0.0,0.0,0.0,0.0,0.0,0.0,0.0,0.0,0.0,0.298996716737747
1209,0.0,0.0,0.0,0.0,0.0,0.0,0.0,0.0,0.0,0.29964604973793
1210,0.0,0.0,0.0,0.0,0.0,0.0,0.0,0.0,0.0,0.300036728382111
1211,0.0,0.0,0.0,0.0,0.0,0.0,0.0,0.0,0.0,0.300397783517838
1212,0.0,0.0,0.0,0.0,0.0,0.0,0.0,0.0,0.0,0.300747990608215
1213,0.0,0.0,0.0,0.0,0.0,0.0,0.0,0.0,0.0,0.300931841135025
1214,0.0,0.0,0.0,0.0,0.0,0.0,0.0,0.0,0.0,0.301215827465057
1215,0.0,0.0,0.0,0.0,0.0,0.0,0.0,0.0,0.0,0.301642626523972
1216,0.0,0.0,0.0,0.0,0.0,0.0,0.0,0.0,0.0,0.302007645368576
1217,0.0,0.0,0.0,0.0,0.0,0.0,0.0,0.0,0.0,0.302492141723633
1218,0.0,0.0,0.0,0.0,0.0,0.0,0.0,0.0,0.0,0.302935540676117
1219,0.0,0.0,0.0,0.0,0.0,0.0,0.0,0.0,0.0,0.30336120724678
1220,0.0,0.0,0.0,0.0,0.0,0.0,0.0,0.0,0.0,0.303872138261795
1221,0.0,0.0,0.0,0.0,0.0,0.0,0.0,0.0,0.0,0.304141819477081
1222,0.0,0.0,0.0,0.0,0.0,0.0,0.0,0.0,0.0,0.304419100284576
1223,0.0,0.0,0.0,0.0,0.0,0.0,0.0,0.0,0.0,0.304969102144241
1224,0.0,0.0,0.0,0.0,0.0,0.0,0.0,0.0,0.0,0.305246919393539
1225,0.0,0.0,0.0,0.0,0.0,0.0,0.0,0.0,0.0,0.305356472730637
1226,0.0,0.0,0.0,0.0,0.0,0.0,0.0,0.0,0.0,0.30554410815239
1227,0.0,0.0,0.0,0.0,0.0,0.0,0.0,0.0,0.0,0.305854052305222
1228,0.0,0.0,0.0,0.0,0.0,0.0,0.0,0.0,0.0,0.306190341711044
1229,0.0,0.0,0.0,0.0,0.0,0.0,0.0,0.0,0.0,0.306445956230164
1230,0.0,0.0,0.0,0.0,0.0,0.0,0.0,0.0,0.0,0.306845635175705
1231,0.0,0.0,0.0,0.0,0.0,0.0,0.0,0.0,0.0,0.307216435670853
1232,0.0,0.0,0.0,0.0,0.0,0.0,0.0,0.0,0.0,0.30748263001442
1233,0.0,0.0,0.0,0.0,0.0,0.0,0.0,0.0,0.0,0.30788379907608
1234,0.0,0.0,0.0,0.0,0.0,0.0,0.0,0.0,0.0,0.30835497379303
1235,0.0,0.0,0.0,0.0,0.0,0.0,0.0,0.0,0.0,0.308685600757599
1236,0.0,0.0,0.0,0.0,0.0,0.0,0.0,0.0,0.0,0.30905681848526
1237,0.0,0.0,0.0,0.0,0.0,0.0,0.0,0.0,0.0,0.309425413608551
1238,0.0,0.0,0.0,0.0,0.0,0.0,0.0,0.0,0.0,0.31007918715477
1239,0.0,0.0,0.0,0.0,0.0,0.0,0.0,0.0,0.0,0.310315877199173
1240,0.0,0.0,0.0,0.0,0.0,0.0,0.0,0.0,0.0,0.310682564973831
1241,0.0,0.0,0.0,0.0,0.0,0.0,0.0,0.0,0.0,0.311161458492279
1242,0.0,0.0,0.0,0.0,0.0,0.0,0.0,0.0,0.0,0.311517089605331
1243,0.0,0.0,0.0,0.0,0.0,0.0,0.0,0.0,0.0,0.312160700559616
1244,0.0,0.0,0.0,0.0,0.0,0.0,0.0,0.0,0.0,0.312603801488876
1245,0.0,0.0,0.0,0.0,0.0,0.0,0.0,0.0,0.0,0.312913596630096
1246,0.0,0.0,0.0,0.0,0.0,0.0,0.0,0.0,0.0,0.313102096319199
1247,0.0,0.0,0.0,0.0,0.0,0.0,0.0,0.0,0.0,0.313305407762527
1248,0.0,0.0,0.0,0.0,0.0,0.0,0.0,0.0,0.0,0.313499689102173
1249,0.0,0.0,0.0,0.0,0.0,0.0,0.0,0.0,0.0,0.313746750354767
1250,0.0,0.0,0.0,0.0,0.0,0.0,0.0,0.0,0.0,0.314190745353699
1251,0.0,0.0,0.0,0.0,0.0,0.0,0.0,0.0,0.0,0.314951658248901
1252,0.0,0.0,0.0,0.0,0.0,0.0,0.0,0.0,0.0,0.315440386533737
1253,0.0,0.0,0.0,0.0,0.0,0.0,0.0,0.0,0.0,0.315875589847565
1254,0.0,0.0,0.0,0.0,0.0,0.0,0.0,0.0,0.0,0.316312521696091
1255,0.0,0.0,0.0,0.0,0.0,0.0,0.0,0.0,0.0,0.316791594028473
1256,0.0,0.0,0.0,0.0,0.0,0.0,0.0,0.0,0.0,0.316931247711182
1257,0.0,0.0,0.0,0.0,0.0,0.0,0.0,0.0,0.0,0.317067623138428
1258,0.0,0.0,0.0,0.0,0.0,0.0,0.0,0.0,0.0,0.317372620105743
1259,0.0,0.0,0.0,0.0,0.0,0.0,0.0,0.0,0.0,0.317577481269836
1260,0.0,0.0,0.0,0.0,0.0,0.0,0.0,0.0,0.0,0.317951411008835
1261,0.0,0.0,0.0,0.0,0.0,0.0,0.0,0.0,0.0,0.318533807992935
1262,0.0,0.0,0.0,0.0,0.0,0.0,0.0,0.0,0.0,0.31906920671463
1263,0.0,0.0,0.0,0.0,0.0,0.0,0.0,0.0,0.0,0.319476872682571
1264,0.0,0.0,0.0,0.0,0.0,0.0,0.0,0.0,0.0,0.319960922002792
1265,0.0,0.0,0.0,0.0,0.0,0.0,0.0,0.0,0.0,0.320434302091599
1266,0.0,0.0,0.0,0.0,0.0,0.0,0.0,0.0,0.0,0.320624172687531
1267,0.0,0.0,0.0,0.0,0.0,0.0,0.0,0.0,0.0,0.320838779211044
1268,0.0,0.0,0.0,0.0,0.0,0.0,0.0,0.0,0.0,0.321110010147095
1269,0.0,0.0,0.0,0.0,0.0,0.0,0.0,0.0,0.0,0.321227699518204
1270,0.0,0.0,0.0,0.0,0.0,0.0,0.0,0.0,0.0,0.321383953094482
1271,0.0,0.0,0.0,0.0,0.0,0.0,0.0,0.0,0.0,0.321516931056976
1272,0.0,0.0,0.0,0.0,0.0,0.0,0.0,0.0,0.0,0.32201424241066
1273,0.0,0.0,0.0,0.0,0.0,0.0,0.0,0.0,0.0,0.322676658630371
1274,0.0,0.0,0.0,0.0,0.0,0.0,0.0,0.0,0.0,0.323224067687988
1275,0.0,0.0,0.0,0.0,0.0,0.0,0.0,0.0,0.0,0.32366868853569
1276,0.0,0.0,0.0,0.0,0.0,0.0,0.0,0.0,0.0,0.3240846991539
1277,0.0,0.0,0.0,0.0,0.0,0.0,0.0,0.0,0.0,0.324436664581299
1278,0.0,0.0,0.0,0.0,0.0,0.0,0.0,0.0,0.0,0.324644565582275
1279,0.0,0.0,0.0,0.0,0.0,0.0,0.0,0.0,0.0,0.324908316135406
1280,0.0,0.0,0.0,0.0,0.0,0.0,0.0,0.0,0.0,0.325157552957535
1281,0.0,0.0,0.0,0.0,0.0,0.0,0.0,0.0,0.0,0.325589627027512
1282,0.0,0.0,0.0,0.0,0.0,0.0,0.0,0.0,0.0,0.326021492481232
1283,0.0,0.0,0.0,0.0,0.0,0.0,0.0,0.0,0.0,0.326338678598404
1284,0.0,0.0,0.0,0.0,0.0,0.0,0.0,0.0,0.0,0.326834797859192
1285,0.0,0.0,0.0,0.0,0.0,0.0,0.0,0.0,0.0,0.327235788106918
1286,0.0,0.0,0.0,0.0,0.0,0.0,0.0,0.0,0.0,0.327565163373947
1287,0.0,0.0,0.0,0.0,0.0,0.0,0.0,0.0,0.0,0.328080594539642
1288,0.0,0.0,0.0,0.0,0.0,0.0,0.0,0.0,0.0,0.328353136777878
1289,0.0,0.0,0.0,0.0,0.0,0.0,0.0,0.0,0.0,0.328664571046829
1290,0.0,0.0,0.0,0.0,0.0,0.0,0.0,0.0,0.0,0.329158276319504
1291,0.0,0.0,0.0,0.0,0.0,0.0,0.0,0.0,0.0,0.329371511936188
1292,0.0,0.0,0.0,0.0,0.0,0.0,0.0,0.0,0.0,0.329695016145706
1293,0.0,0.0,0.0,0.0,0.0,0.0,0.0,0.0,0.0,0.330031007528305
1294,0.0,0.0,0.0,0.0,0.0,0.0,0.0,0.0,0.0,0.330396354198456
1295,0.0,0.0,0.0,0.0,0.0,0.0,0.0,0.0,0.0,0.330689489841461
1296,0.0,0.0,0.0,0.0,0.0,0.0,0.0,0.0,0.0,0.331111609935761
1297,0.0,0.0,0.0,0.0,0.0,0.0,0.0,0.0,0.0,0.331448942422867
1298,0.0,0.0,0.0,0.0,0.0,0.0,0.0,0.0,0.0,0.331851094961166
1299,0.0,0.0,0.0,0.0,0.0,0.0,0.0,0.0,0.0,0.332210570573807
1300,0.0,0.0,0.0,0.0,0.0,0.0,0.0,0.0,0.0,0.332515627145767
1301,0.0,0.0,0.0,0.0,0.0,0.0,0.0,0.0,0.0,0.332791328430176
1302,0.0,0.0,0.0,0.0,0.0,0.0,0.0,0.0,0.0,0.33308869600296
1303,0.0,0.0,0.0,0.0,0.0,0.0,0.0,0.0,0.0,0.333324879407883
1304,0.0,0.0,0.0,0.0,0.0,0.0,0.0,0.0,0.0,0.333671301603317
1305,0.0,0.0,0.0,0.0,0.0,0.0,0.0,0.0,0.0,0.334078818559647
1306,0.0,0.0,0.0,0.0,0.0,0.0,0.0,0.0,0.0,0.334250628948212
1307,0.0,0.0,0.0,0.0,0.0,0.0,0.0,0.0,0.0,0.334430575370789
1308,0.0,0.0,0.0,0.0,0.0,0.0,0.0,0.0,0.0,0.334736704826355
1309,0.0,0.0,0.0,0.0,0.0,0.0,0.0,0.0,0.0,0.334981262683868
1310,0.0,0.0,0.0,0.0,0.0,0.0,0.0,0.0,0.0,0.335265100002289
1311,0.0,0.0,0.0,0.0,0.0,0.0,0.0,0.0,0.0,0.335743486881256
1312,0.0,0.0,0.0,0.0,0.0,0.0,0.0,0.0,0.0,0.33610600233078
1313,0.0,0.0,0.0,0.0,0.0,0.0,0.0,0.0,0.0,0.33655858039856
1314,0.0,0.0,0.0,0.0,0.0,0.0,0.0,0.0,0.0,0.336836516857147
1315,0.0,0.0,0.0,0.0,0.0,0.0,0.0,0.0,0.0,0.337267398834229
1316,0.0,0.0,0.0,0.0,0.0,0.0,0.0,0.0,0.0,0.337561249732971
1317,0.0,0.0,0.0,0.0,0.0,0.0,0.0,0.0,0.0,0.337794721126556
1318,0.0,0.0,0.0,0.0,0.0,0.0,0.0,0.0,0.0,0.338017135858536
1319,0.0,0.0,0.0,0.0,0.0,0.0,0.0,0.0,0.0,0.338132530450821
1320,0.0,0.0,0.0,0.0,0.0,0.0,0.0,0.0,0.0,0.338079869747162
1321,0.0,0.0,0.0,0.0,0.0,0.0,0.0,0.0,0.0,0.338485479354858
1322,0.0,0.0,0.0,0.0,0.0,0.0,0.0,0.0,0.0,0.33893346786499
1323,0.0,0.0,0.0,0.0,0.0,0.0,0.0,0.0,0.0,0.339345335960388
1324,0.0,0.0,0.0,0.0,0.0,0.0,0.0,0.0,0.0,0.339989483356476
1325,0.0,0.0,0.0,0.0,0.0,0.0,0.0,0.0,0.0,0.340403020381927
1326,0.0,0.0,0.0,0.0,0.0,0.0,0.0,0.0,0.0,0.340432047843933
1327,0.0,0.0,0.0,0.0,0.0,0.0,0.0,0.0,0.0,0.340518563985825
1328,0.0,0.0,0.0,0.0,0.0,0.0,0.0,0.0,0.0,0.340453714132309
1329,0.0,0.0,0.0,0.0,0.0,0.0,0.0,0.0,0.0,0.340680330991745
1330,0.0,0.0,0.0,0.0,0.0,0.0,0.0,0.0,0.0,0.340860158205032
1331,0.0,0.0,0.0,0.0,0.0,0.0,0.0,0.0,0.0,0.340931057929993
1332,0.0,0.0,0.0,0.0,0.0,0.0,0.0,0.0,0.0,0.340992212295532
1333,0.0,0.0,0.0,0.0,0.0,0.0,0.0,0.0,0.0,0.341175436973572
1334,0.0,0.0,0.0,0.0,0.0,0.0,0.0,0.0,0.0,0.341441988945007
1335,0.0,0.0,0.0,0.0,0.0,0.0,0.0,0.0,0.0,0.341310918331146
1336,0.0,0.0,0.0,0.0,0.0,0.0,0.0,0.0,0.0,0.341270208358765
1337,0.0,0.0,0.0,0.0,0.0,0.0,0.0,0.0,0.0,0.3411585688591
1338,0.0,0.0,0.0,0.0,0.0,0.0,0.0,0.0,0.0,0.341450035572052
1339,0.0,0.0,0.0,0.0,0.0,0.0,0.0,0.0,0.0,0.342101961374283
1340,0.0,0.0,0.0,0.0,0.0,0.0,0.0,0.0,0.0,0.342278748750687
1341,0.0,0.0,0.0,0.0,0.0,0.0,0.0,0.0,0.0,0.342382371425629
1342,0.0,0.0,0.0,0.0,0.0,0.0,0.0,0.0,0.0,0.342490941286087
1343,0.0,0.0,0.0,0.0,0.0,0.0,0.0,0.0,0.0,0.342480570077896
1344,0.0,0.0,0.0,0.0,0.0,0.0,0.0,0.0,0.0,0.342791169881821
1345,0.0,0.0,0.0,0.0,0.0,0.0,0.0,0.0,0.0,0.34303092956543
1346,0.0,0.0,0.0,0.0,0.0,0.0,0.0,0.0,0.0,0.343301117420197
1347,0.0,0.0,0.0,0.0,0.0,0.0,0.0,0.0,2.9e-05,0.342618942260742
1348,0.0,0.0,0.0,0.0,0.0,0.0,0.0,0.0,0.000114,0.342029929161072
1349,0.0,0.0,0.0,0.0,0.0,0.0,0.0,0.0,0.00022,0.341851621866226
1350,0.0,0.0,0.0,0.0,0.0,0.0,0.0,0.0,0.000481,0.341625064611435
1351,0.0,0.0,0.0,0.0,0.0,0.0,0.0,0.0,0.000887,0.341109931468964
1352,0.0,0.0,0.0,0.0,0.0,0.0,0.0,0.0,0.001351,0.340432167053223
1353,0.0,0.0,0.0,0.0,0.0,0.0,0.0,0.0,0.001809,0.339307874441147
1354,0.0,0.0,0.0,0.0,0.0,0.0,0.0,0.0,0.00278,0.338020294904709
1355,0.0,0.0,0.0,0.0,0.0,0.0,0.0,0.0,0.004358,0.337499767541885
1356,0.0,0.0,0.0,0.0,0.0,0.0,0.0,0.0,0.006839,0.335534989833832
1357,0.0,0.0,0.0,0.0,0.0,0.0,0.0,0.0,0.009774,0.337675303220749
1358,0.0,0.0,0.0,0.0,0.0,0.0,0.0,0.0,0.016218,0.338968515396118
1359,0.0,0.0,0.0,0.0,0.0,0.0,0.0,0.0,0.026084,0.335355758666992
1360,0.0,0.0,0.0,0.0,0.0,0.0,0.0,0.0,0.041513,0.33331435918808
1361,0.0,0.0,0.0,0.0,0.0,0.0,0.0,0.0,0.066174,0.336068123579025
1362,0.0,0.0,0.0,0.0,0.0,0.0,0.0,0.0,0.113055,0.339027315378189
1363,0.0,0.0,0.0,0.0,0.0,0.0,0.0,0.0,0.190978,0.335300385951996
1364,0.0,0.0,0.0,0.0,0.0,0.0,0.0,0.0,0.29792,0.338277578353882
1365,0.0,0.0,0.0,0.0,0.0,0.0,0.0,0.0,0.452434,0.337497621774673
1366,0.0,0.0,0.0,0.0,0.0,0.0,0.0,0.0,0.606578,0.330479085445404
1367,0.0,0.0,0.0,0.0,0.0,0.0,0.0,0.0,0.703198,0.334572046995163
1368,0.0,0.0,0.0,0.0,0.0,0.0,0.0,0.0,0.872689,0.33675542473793
1369,0.0,0.0,0.0,0.0,0.0,0.0,0.0,0.0,0.871343,0.335056334733963
1370,0.0,0.0,0.0,0.0,0.0,0.0,0.0,0.0,0.964054,0.332832783460617
1371,0.0,0.0,0.0,0.0,0.0,0.0,0.0,0.0,0.963584,0.332861065864563
1372,0.0,0.0,0.0,0.0,0.0,0.0,0.0,0.0,0.990577,0.344245284795761
1373,0.0,0.0,0.0,0.0,0.0,0.0,0.0,0.0,0.983239,0.334338396787643
1374,0.0,0.0,0.0,0.0,0.0,0.0,0.0,0.0,1.0,0.34057143330574
1375,0.0,0.0,0.0,0.0,0.0,0.0,0.0,0.0,0.986968,0.34795269370079
1376,0.0,0.0,0.0,0.0,0.0,0.0,0.0,0.0,0.999626,0.346225202083588
1377,0.0,0.0,0.0,0.0,0.0,0.0,0.0,0.0,0.983748,0.349914222955704
1378,0.0,0.0,0.0,0.0,0.0,0.0,0.0,0.0,0.938676,0.350760072469711
1379,0.0,0.0,0.0,0.0,0.0,0.0,0.0,0.0,0.931247,0.343229860067368
1380,0.0,0.0,0.0,0.0,0.0,0.0,0.0,0.0,0.962664,0.349136739969254
1381,0.0,0.0,0.0,0.0,0.0,0.0,0.0,0.0,0.930308,0.333051890134811
1382,0.0,0.0,0.0,0.0,0.0,0.0,0.0,0.0,0.871575,0.326375752687454
1383,0.0,0.0,0.0,0.0,0.0,0.0,0.0,0.0,0.862394,0.332201361656189
1384,0.0,0.0,0.0,0.0,0.0,0.0,0.0,0.0,0.772118,0.328232765197754
1385,0.0,0.0,0.0,0.0,0.0,0.0,0.0,0.0,0.596852,0.34100753068924
1386,0.0,0.0,0.0,0.0,0.0,0.0,0.0,0.0,0.45703,0.344691514968872
1387,0.0,0.0,0.0,0.0,0.0,0.0,0.0,0.0,0.316333,0.343578904867172
1388,0.0,0.0,0.0,0.0,0.0,0.0,0.0,0.0,0.182833,0.339676916599274
1389,0.0,0.0,0.0,0.0,0.0,0.0,0.0,0.0,0.115351,0.342312723398209
1390,0.0,0.0,0.0,0.0,0.0,0.0,0.0,0.0,0.06922,0.340621799230576
1391,0.0,0.0,0.0,0.0,0.0,0.0,0.0,0.0,0.042756,0.33548629283905
1392,0.0,0.0,0.0,0.0,0.0,0.0,0.0,0.0,0.026321,0.33460921049118
1393,0.0,0.0,0.0,0.0,0.0,0.0,0.0,0.0,0.016985,0.32757642865181
1394,0.0,0.0,0.0,0.0,0.0,0.0,0.0,0.0,0.011124,0.327080070972443
1395,0.0,0.0,0.0,0.0,0.0,0.0,0.0,0.0,0.007194,0.32834067940712
1396,0.0,0.0,0.0,0.0,0.0,0.0,0.0,0.0,0.005398,0.331070095300674
1397,0.0,0.0,0.0,0.0,0.0,0.0,0.0,0.0,0.004011,0.333945780992508
1398,0.0,0.0,0.0,0.0,0.0,0.0,0.0,0.0,0.00303,0.335201412439346
1399,0.0,0.0,0.0,0.0,0.0,0.0,0.0,0.0,0.002318,0.331348061561584
1400,0.0,0.0,0.0,0.0,0.0,0.0,0.0,0.0,0.001828,0.332651257514954
1401,0.0,0.0,0.0,0.0,0.0,0.0,0.0,0.0,0.001429,0.332578510046005
1402,0.0,0.0,0.0,0.0,0.0,0.0,0.0,0.0,0.001119,0.333938002586365
1403,0.0,0.0,0.0,0.0,0.0,0.0,0.0,0.0,0.000856,0.333839058876038
1404,0.0,0.0,0.0,0.0,0.0,0.0,0.0,0.0,0.000647,0.334254771471024
1405,0.0,0.0,0.0,0.0,0.0,0.0,0.0,0.0,0.000469,0.331466287374496
1406,0.0,0.0,0.0,0.0,0.0,0.0,0.0,0.0,0.000321,0.329088687896729
1407,0.0,0.0,0.0,0.0,0.0,0.0,0.0,0.0,0.000194,0.329889744520187
1408,0.0,0.0,0.0,0.0,0.0,0.0,0.0,0.0,8.6e-05,0.328179538249969
1409,0.0,0.0,0.0,0.0,0.0,0.0,0.0,0.0,0.0,0.327755302190781
1410,0.0,0.0,0.0,0.0,0.0,0.0,0.0,0.0,0.0,0.328405886888504
1411,0.0,0.0,0.0,0.0,0.0,0.0,0.0,0.0,0.0,0.326361656188965
1412,0.0,0.0,0.0,0.0,0.0,0.0,0.0,0.0,0.0,0.324958205223084
1413,0.0,0.0,0.0,0.0,0.0,0.0,0.0,0.0,0.0,0.321639627218246
1414,0.0,0.0,0.0,0.0,0.0,0.0,0.0,0.0,0.0,0.320388317108154
1415,0.0,0.0,0.0,0.0,0.0,0.0,0.0,0.0,0.0,0.319947838783264
1416,0.0,0.0,0.0,0.0,0.0,0.0,0.0,0.0,0.0,0.319460421800613
1417,0.0,0.0,0.0,0.0,0.0,0.0,0.0,0.0,0.0,0.317100524902344
1418,0.0,0.0,0.0,0.0,0.0,0.0,0.0,0.0,0.0,0.315715909004211
1419,0.0,0.0,0.0,0.0,0.0,0.0,0.0,0.0,0.0,0.31477615237236
1420,0.0,0.0,0.0,0.0,0.0,0.0,0.0,0.0,0.0,0.315190225839615
1421,0.0,0.0,0.0,0.0,0.0,0.0,0.0,0.0,0.0,0.315709888935089
1422,0.0,0.0,0.0,0.0,0.0,0.0,0.0,0.0,0.0,0.316012531518936
1423,0.0,0.0,0.0,0.0,0.0,0.0,0.0,0.0,0.0,0.315598726272583
1424,0.0,0.0,0.0,0.0,0.0,0.0,0.0,0.0,0.0,0.31376776099205
1425,0.0,0.0,0.0,0.0,0.0,0.0,0.0,0.0,0.0,0.312664985656738
1426,0.0,0.0,0.0,0.0,0.0,0.0,0.0,0.0,0.0,0.311642974615097
1427,0.0,0.0,0.0,0.0,0.0,0.0,0.0,0.0,0.0,0.310738444328308
1428,0.0,0.0,0.0,0.0,0.0,0.0,0.0,0.0,0.0,0.310752689838409
1429,0.0,0.0,0.0,0.0,0.0,0.0,0.0,0.0,0.0,0.310648769140244
1430,0.0,0.0,0.0,0.0,0.0,0.0,0.0,0.0,0.0,0.310839593410492
1431,0.0,0.0,0.0,0.0,0.0,0.0,0.0,0.0,0.0,0.310915768146515
1432,0.0,0.0,0.0,0.0,0.0,0.0,0.0,0.0,0.0,0.310741901397705
1433,0.0,0.0,0.0,0.0,0.0,0.0,0.0,0.0,0.0,0.310077041387558
1434,0.0,0.0,0.0,0.0,0.0,0.0,0.0,0.0,0.0,0.308905988931656
1435,0.0,0.0,0.0,0.0,0.0,0.0,0.0,0.0,0.0,0.307552933692932
1436,0.0,0.0,0.0,0.0,0.0,0.0,0.0,0.0,0.0,0.306489646434784
1437,0.0,0.0,0.0,0.0,0.0,0.0,0.0,0.0,0.0,0.306178152561188
1438,0.0,0.0,0.0,0.0,0.0,0.0,0.0,0.0,0.0,0.306672036647797
1439,0.0,0.0,0.0,0.0,0.0,0.0,0.0,0.0,0.0,0.306625187397003
1440,0.0,0.0,0.0,0.0,0.0,0.0,0.0,0.0,0.0,0.306896865367889
1441,0.0,0.0,0.0,0.0,0.0,0.0,0.0,0.0,0.0,0.307015508413315
1442,0.0,0.0,0.0,0.0,0.0,0.0,0.0,0.0,0.0,0.306879788637161
1443,0.0,0.0,0.0,0.0,0.0,0.0,0.0,0.0,0.0,0.306811511516571
1444,0.0,0.0,0.0,0.0,0.0,0.0,0.0,0.0,0.0,0.306535840034485
1445,0.0,0.0,0.0,0.0,0.0,0.0,0.0,0.0,0.0,0.306721717119217
1446,0.0,0.0,0.0,0.0,0.0,0.0,0.0,0.0,0.0,0.306685537099838
1447,0.0,0.0,0.0,0.0,0.0,0.0,0.0,0.0,0.0,0.306640684604645
1448,0.0,0.0,0.0,0.0,0.0,0.0,0.0,0.0,0.0,0.306836903095245
1449,0.0,0.0,0.0,0.0,0.0,0.0,0.0,0.0,0.0,0.306649744510651
1450,0.0,0.0,0.0,0.0,0.0,0.0,0.0,0.0,0.0,0.306422084569931
1451,0.0,0.0,0.0,0.0,0.0,0.0,0.0,0.0,0.0,0.306395500898361
1452,0.0,0.0,0.0,0.0,0.0,0.0,0.0,0.0,0.0,0.306670665740967
1453,0.0,0.0,0.0,0.0,0.0,0.0,0.0,0.0,0.0,0.306874245405197
1454,0.0,0.0,0.0,0.0,0.0,0.0,0.0,0.0,0.0,0.307068049907684
1455,0.0,0.0,0.0,0.0,0.0,0.0,0.0,0.0,0.0,0.307158350944519
1456,0.0,0.0,0.0,0.0,0.0,0.0,0.0,0.0,0.0,0.30695042014122
1457,0.0,0.0,0.0,0.0,0.0,0.0,0.0,0.0,0.0,0.306728601455688
1458,0.0,0.0,0.0,0.0,0.0,0.0,0.0,0.0,0.0,0.306600153446198
1459,0.0,0.0,0.0,0.0,0.0,0.0,0.0,0.0,0.0,0.306801915168762
1460,0.0,0.0,0.0,0.0,0.0,0.0,0.0,0.0,0.0,0.307111203670502
1461,0.0,0.0,0.0,0.0,0.0,0.0,0.0,0.0,0.0,0.307286500930786
1462,0.0,0.0,0.0,0.0,0.0,0.0,0.0,0.0,0.0,0.307561427354813
1463,0.0,0.0,0.0,0.0,0.0,0.0,0.0,0.0,0.0,0.307500153779984
1464,0.0,0.0,0.0,0.0,0.0,0.0,0.0,0.0,0.0,0.307402938604355
1465,0.0,0.0,0.0,0.0,0.0,0.0,0.0,0.0,0.0,0.307678610086441
1466,0.0,0.0,0.0,0.0,0.0,0.0,0.0,0.0,0.0,0.307863801717758
1467,0.0,0.0,0.0,0.0,0.0,0.0,0.0,0.0,0.0,0.308174729347229
1468,0.0,0.0,0.0,0.0,0.0,0.0,0.0,0.0,0.0,0.308606386184692
1469,0.0,0.0,0.0,0.0,0.0,0.0,0.0,0.0,0.0,0.308610081672668
1470,0.0,0.0,0.0,0.0,0.0,0.0,0.0,0.0,0.0,0.308690756559372
1471,0.0,0.0,0.0,0.0,0.0,0.0,0.0,0.0,0.0,0.308755904436111
1472,0.0,0.0,0.0,0.0,0.0,0.0,0.0,0.0,0.0,0.308867484331131
1473,0.0,0.0,0.0,0.0,0.0,0.0,0.0,0.0,0.0,0.309335082769394
1474,0.0,0.0,0.0,0.0,0.0,0.0,0.0,0.0,0.0,0.30972084403038
1475,0.0,0.0,0.0,0.0,0.0,0.0,0.0,0.0,0.0,0.310503840446472
1476,0.0,0.0,0.0,0.0,0.0,0.0,0.0,0.0,0.0,0.31117445230484
1477,0.0,0.0,0.0,0.0,0.0,0.0,0.0,0.0,0.0,0.311461895704269
1478,0.0,0.0,0.0,0.0,0.0,0.0,0.0,0.0,0.0,0.311734706163406
1479,0.0,0.0,0.0,0.0,0.0,0.0,0.0,0.0,0.0,0.311708062887192
1480,0.0,0.0,0.0,0.0,0.0,0.0,0.0,0.0,0.0,0.311673998832703
1481,0.0,0.0,0.0,0.0,0.0,0.0,0.0,0.0,0.0,0.312032639980316
1482,0.0,0.0,0.0,0.0,0.0,0.0,0.0,0.0,0.0,0.312423348426819
1483,0.0,0.0,0.0,0.0,0.0,0.0,0.0,0.0,0.0,0.312972187995911
1484,0.0,0.0,0.0,0.0,0.0,0.0,0.0,0.0,0.0,0.313476234674454
1485,0.0,0.0,0.0,0.0,0.0,0.0,0.0,0.0,0.0,0.313779234886169
1486,0.0,0.0,0.0,0.0,0.0,0.0,0.0,0.0,0.0,0.314022898674011
1487,0.0,0.0,0.0,0.0,0.0,0.0,0.0,0.0,0.0,0.314491122961044
1488,0.0,0.0,0.0,0.0,0.0,0.0,0.0,0.0,0.0,0.314904868602753
1489,0.0,0.0,0.0,0.0,0.0,0.0,0.0,0.0,0.0,0.315296471118927
1490,0.0,0.0,0.0,0.0,0.0,0.0,0.0,0.0,0.0,0.315959006547928
1491,0.0,0.0,0.0,0.0,0.0,0.0,0.0,0.0,0.0,0.316331148147583
1492,0.0,0.0,0.0,0.0,0.0,0.0,0.0,0.0,0.0,0.316855013370514
1493,0.0,0.0,0.0,0.0,0.0,0.0,0.0,0.0,0.0,0.317521959543228
1494,0.0,0.0,0.0,0.0,0.0,0.0,0.0,0.0,0.0,0.317843079566956
1495,0.0,0.0,0.0,0.0,0.0,0.0,0.0,0.0,0.0,0.318203568458557
1496,0.0,0.0,0.0,0.0,0.0,0.0,0.0,0.0,0.0,0.318662077188492
1497,0.0,0.0,0.0,0.0,0.0,0.0,0.0,0.0,0.0,0.319130569696426
1498,0.0,0.0,0.0,0.0,0.0,0.0,0.0,0.0,0.0,0.319638520479202
1499,0.0,0.0,0.0,0.0,0.0,0.0,0.0,0.0,0.0,0.320342570543289
1500,0.0,0.0,0.0,0.0,0.0,0.0,0.0,0.0,0.0,0.320830672979355
1501,0.0,0.0,0.0,0.0,0.0,0.0,0.0,0.0,0.0,0.321126461029053
1502,0.0,0.0,0.0,0.0,0.0,0.0,0.0,0.0,0.0,0.321507751941681
1503,0.0,0.0,0.0,0.0,0.0,0.0,0.0,0.0,0.0,0.321887791156769
1504,0.0,0.0,0.0,0.0,0.0,0.0,0.0,0.0,0.0,0.322376191616058
1505,0.0,0.0,0.0,0.0,0.0,0.0,0.0,0.0,0.0,0.322851449251175
1506,0.0,0.0,0.0,0.0,0.0,0.0,0.0,0.0,0.0,0.323473036289215
1507,0.0,0.0,0.0,0.0,0.0,0.0,0.0,0.0,0.0,0.324119240045547
1508,0.0,0.0,0.0,0.0,0.0,0.0,0.0,0.0,0.0,0.324757605791092
1509,0.0,0.0,0.0,0.0,0.0,0.0,0.0,0.0,0.0,0.325380116701126
1510,0.0,0.0,0.0,0.0,0.0,0.0,0.0,0.0,0.0,0.325987577438354
1511,0.0,0.0,0.0,0.0,0.0,0.0,0.0,0.0,0.0,0.326586842536926
1512,0.0,0.0,0.0,0.0,0.0,0.0,0.0,0.0,0.0,0.32708802819252
1513,0.0,0.0,0.0,0.0,0.0,0.0,0.0,0.0,0.0,0.327521026134491
1514,0.0,0.0,0.0,0.0,0.0,0.0,0.0,0.0,0.0,0.328108727931976
1515,0.0,0.0,0.0,0.0,0.0,0.0,0.0,0.0,0.0,0.328547030687332
1516,0.0,0.0,0.0,0.0,0.0,4e-05,0.0,0.0,0.0,0.329019665718079
1517,0.0,0.0,0.0,0.0,0.0,0.000112,0.0,0.0,0.0,0.329569131135941
1518,0.0,0.0,0.0,0.0,0.0,0.000206,0.0,0.0,0.0,0.329988569021225
1519,0.0,0.0,0.0,0.0,0.0,0.000301,0.0,0.0,0.0,0.330484300851822
1520,0.0,0.0,0.0,0.0,0.0,0.000409,0.0,0.0,0.0,0.331041783094406
1521,0.0,0.0,0.0,0.0,0.0,0.000517,0.0,0.0,0.0,0.331516206264496
1522,0.0,0.0,0.0,0.0,0.0,0.000677,0.0,0.0,0.0,0.332039684057236
1523,0.0,0.0,0.0,0.0,0.0,0.000837,0.0,0.0,0.0,0.332546502351761
1524,0.0,0.0,0.0,0.0,0.0,0.00104,0.0,0.0,0.0,0.333045661449432
1525,0.0,0.0,0.0,0.0,0.0,0.001244,0.0,0.0,0.0,0.33352729678154
1526,0.0,0.0,0.0,0.0,0.0,0.001512,0.0,0.0,0.0,0.334102660417557
1527,0.0,0.0,0.0,0.0,0.0,0.001781,0.0,0.0,0.0,0.334690004587173
1528,0.0,0.0,0.0,0.0,0.0,0.00216,0.0,0.0,0.0,0.335227161645889
1529,0.0,0.0,0.0,0.0,0.0,0.002541,0.0,0.0,0.0,0.335715532302856
1530,0.0,0.0,0.0,0.0,0.0,0.003055,0.0,0.0,0.0,0.336186140775681
1531,0.0,0.0,0.0,0.0,0.0,0.003576,0.0,0.0,0.0,0.336495995521545
1532,0.0,0.0,0.0,0.0,0.0,0.004257,0.0,0.0,0.0,0.336822390556335
1533,0.0,0.0,0.0,0.0,0.0,0.00494,0.0,0.0,0.0,0.337189108133316
1534,0.0,0.0,0.0,0.0,0.0,0.00591,0.0,0.0,0.0,0.337453871965408
1535,0.0,0.0,0.0,0.0,0.0,0.006882,0.0,0.0,0.0,0.337850034236908
1536,0.0,0.0,0.0,0.0,0.0,0.008227,0.0,0.0,0.0,0.338308274745941
1537,0.0,0.0,0.0,0.0,0.0,0.009587,0.0,0.0,0.0,0.338830679655075
1538,0.0,0.0,0.0,0.0,0.0,0.011483,0.0,0.0,0.0,0.339327305555344
1539,0.0,0.0,0.0,0.0,0.0,0.013394,0.0,0.0,0.0,0.339645832777023
1540,0.0,0.0,0.0,0.0,0.0,0.016045,0.0,0.0,0.0,0.339971512556076
1541,0.0,0.0,0.0,0.0,0.0,0.018724,0.0,0.0,0.0,0.340230941772461
1542,0.0,0.0,0.0,0.0,0.0,0.022504,0.0,0.0,0.0,0.340479046106339
1543,0.0,0.0,0.0,0.0,0.0,0.02635,0.0,0.0,0.0,0.340888679027557
1544,0.0,0.0,0.0,0.0,0.0,0.031821,0.0,0.0,0.0,0.341219007968903
1545,0.0,0.0,0.0,0.0,0.0,0.03731,0.0,0.0,0.0,0.341507703065872
1546,0.0,0.0,0.0,0.0,0.0,0.045028,0.0,0.0,0.0,0.341894507408142
1547,0.0,0.0,0.0,0.0,0.0,0.052752,0.0,0.0,0.0,0.342234939336777
1548,0.0,0.0,0.0,0.0,0.0,0.06379,0.0,0.0,0.0,0.342589616775513
1549,0.0,0.0,0.0,0.0,0.0,0.074941,0.0,0.0,0.0,0.342952758073807
1550,0.0,0.0,0.0,0.0,0.0,0.090735,0.0,0.0,0.0,0.343231230974197
1551,0.0,0.0,0.0,0.0,0.0,0.106664,0.0,0.0,0.0,0.343598872423172
1552,0.0,0.0,0.0,0.0,0.0,0.128463,0.0,0.0,0.0,0.34392586350441
1553,0.0,0.0,0.0,0.0,0.0,0.15054,0.0,0.0,0.0,0.344308257102966
1554,0.0,0.0,0.0,0.0,0.0,0.180823,0.0,0.0,0.0,0.344720155000687
1555,0.0,0.0,0.0,0.0,0.0,0.211153,0.0,0.0,0.0,0.345051020383835
1556,0.0,0.0,0.0,0.0,0.0,0.251309,0.0,0.0,0.0,0.345509856939316
1557,0.0,0.0,0.0,0.0,0.0,0.291752,0.0,0.0,0.0,0.34589359164238
1558,0.0,0.0,0.0,0.0,0.0,0.34275,0.0,0.0,0.0,0.346100002527237
1559,0.0,0.0,0.0,0.0,0.0,0.39403,0.0,0.0,0.0,0.346478998661041
1560,0.0,0.0,0.0,0.0,0.0,0.451966,0.0,0.0,0.0,0.346831917762756
1561,0.0,0.0,0.0,0.0,0.0,0.509946,0.0,0.0,0.0,0.347235798835754
1562,0.0,0.0,0.0,0.0,0.0,0.573232,0.0,0.0,0.0,0.347712725400925
1563,0.0,0.0,0.0,0.0,0.0,0.636542,0.0,0.0,0.0,0.348038375377655
1564,0.0,0.0,0.0,0.0,0.0,0.694313,0.0,0.0,0.0,0.348462253808975
1565,0.0,0.0,0.0,0.0,0.0,0.751893,0.0,0.0,0.0,0.348842471837997
1566,0.0,0.0,0.0,0.0,0.0,0.796545,0.0,0.0,0.0,0.349083483219147
1567,0.0,0.0,0.0,0.0,0.0,0.840967,0.0,0.0,0.0,0.349579960107803
1568,0.0,0.0,0.0,0.0,0.0,0.879424,0.0,0.0,0.0,0.349997878074646
1569,0.0,0.0,0.0,0.0,0.0,0.917239,0.0,0.0,0.0,0.350243657827377
1570,0.0,0.0,0.0,0.0,0.0,0.936199,0.0,0.0,0.0,0.350628823041916
1571,0.0,0.0,0.0,0.0,0.0,0.95512,0.0,0.0,0.0,0.351014941930771
1572,0.0,0.0,0.0,0.0,0.0,0.967125,0.0,0.0,0.0,0.351319253444672
1573,0.0,0.0,0.0,0.0,0.0,0.978989,0.0,0.0,0.0,0.351755887269974
1574,0.0,0.0,0.0,0.0,0.0,0.986217,0.0,0.0,0.0,0.352078169584274
1575,0.0,0.0,0.0,0.0,0.0,0.993439,0.0,0.0,0.0,0.352283298969269
1576,0.0,0.0,0.0,0.0,0.0,0.99659,0.0,0.0,0.0,0.352668881416321
1577,0.0,0.0,0.0,0.0,0.0,0.999642,0.0,0.0,0.0,0.353065401315689
1578,0.0,0.0,0.0,0.0,0.0,0.999848,0.0,0.0,0.0,0.353470087051392
1579,0.0,0.0,0.0,0.0,0.0,1.0,0.0,0.0,0.0,0.354052603244781
1580,0.0,0.0,0.0,0.0,0.0,0.998021,0.0,0.0,0.0,0.354442358016968
1581,0.0,0.0,0.0,0.0,0.0,0.995869,0.0,0.0,0.0,0.354830950498581
1582,0.0,0.0,0.0,0.0,0.0,0.988609,0.0,0.0,0.0,0.355270713567734
1583,0.0,0.0,0.0,0.0,0.0,0.981372,0.0,0.0,0.0,0.355607658624649
1584,0.0,0.0,0.0,0.0,0.0,0.981285,0.0,0.0,0.0,0.355957567691803
1585,0.0,0.0,0.0,0.0,0.0,0.981258,0.0,0.0,0.0,0.356289684772491
1586,0.0,0.0,0.0,0.0,0.0,0.9791,0.0,0.0,0.0,0.356676071882248
1587,0.0,0.0,0.0,0.0,0.0,0.976906,0.0,0.0,0.0,0.357147783041
1588,0.0,0.0,0.0,0.0,0.0,0.973713,0.0,0.0,0.0,0.357568651437759
1589,0.0,0.0,0.0,0.0,0.0,0.970589,0.0,0.0,0.0,0.358040362596512
1590,0.0,0.0,0.0,0.0,0.0,0.969314,0.0,0.0,0.0,0.358412057161331
1591,0.0,0.0,0.0,0.0,0.0,0.967943,0.0,0.0,0.0,0.35874530673027
1592,0.0,0.0,0.0,0.0,0.0,0.964703,0.0,0.0,0.0,0.359188050031662
1593,0.0,0.0,0.0,0.0,0.0,0.961486,0.0,0.0,0.0,0.359765708446503
1594,0.0,0.0,0.0,0.0,0.0,0.960813,0.0,0.0,0.0,0.360456943511963
1595,0.0,0.0,0.0,0.0,0.0,0.960175,0.0,0.0,0.0,0.36114513874054
1596,0.0,0.0,0.0,0.0,0.0,0.960857,0.0,0.0,0.0,0.361725836992264
1597,0.0,0.0,0.0,0.0,0.0,0.96147,0.0,0.0,0.0,0.362261146306992
1598,0.0,0.0,0.0,0.0,0.0,0.959835,0.0,0.0,0.0,0.362841576337814
1599,0.0,0.0,0.0,0.0,0.0,0.958335,0.0,0.0,0.0,0.363480478525162
1600,0.0,0.0,0.0,0.0,0.0,0.960048,0.0,0.0,0.0,0.36402752995491
1601,0.0,0.0,0.0,0.0,0.0,0.961545,0.0,0.0,0.0,0.36460217833519
1602,0.0,0.0,0.0,0.0,0.0,0.959047,0.0,0.0,0.0,0.365291982889175
1603,0.0,0.0,0.0,0.0,0.0,0.956494,0.0,0.0,0.0,0.365921944379807
1604,0.0,0.0,0.0,0.0,0.0,0.953047,0.0,0.0,0.0,0.366473406553268
1605,0.0,0.0,0.0,0.0,0.0,0.94967,0.0,0.0,0.0,0.367250502109528
1606,0.0,0.0,0.0,0.0,0.0,0.951303,0.0,0.0,0.0,0.367754101753235
1607,0.0,0.0,0.0,0.0,0.0,0.952859,0.0,0.0,0.0,0.368275701999664
1608,0.0,0.0,0.0,0.0,0.0,0.950194,0.0,0.0,0.0,0.368838369846344
1609,0.0,0.0,0.0,0.0,0.0,0.947589,0.0,0.0,0.0,0.369464933872223
1610,0.0,0.0,0.0,0.0,0.0,0.947006,0.0,0.0,0.0,0.370250195264816
1611,0.0,0.0,0.0,0.0,0.0,0.946432,0.0,0.0,0.0,0.370987713336945
1612,0.0,0.0,0.0,0.0,0.0,0.946175,0.0,0.0,0.0,0.371597647666931
1613,0.0,0.0,0.0,0.0,0.0,0.945872,0.0,0.0,0.0,0.372156947851181
1614,0.0,0.0,0.0,0.0,0.0,0.944351,0.0,0.0,0.0,0.372627228498459
1615,0.0,0.0,0.0,0.0,0.0,0.942525,0.0,0.0,0.0,0.373078674077988
1616,0.0,0.0,0.0,0.0,0.0,0.934552,0.0,0.0,0.0,0.373544812202454
1617,0.0,0.0,0.0,0.0,0.0,0.926605,0.0,0.0,0.0,0.374322533607483
1618,0.0,0.0,0.0,0.0,0.0,0.924648,0.0,0.0,0.0,0.374954223632813
1619,0.0,0.0,0.0,0.0,0.0,0.922756,0.0,0.0,0.0,0.375395834445953
1620,0.0,0.0,0.0,0.0,0.0,0.922061,0.0,0.0,0.0,0.375910967588425
1621,0.0,0.0,0.0,0.0,0.0,0.921383,0.0,0.0,0.0,0.376445293426514
1622,0.0,0.0,0.0,0.0,0.0,0.922828,0.0,0.0,0.0,0.376955449581146
1623,0.0,0.0,0.0,0.0,0.0,0.924259,0.0,0.0,0.0,0.377470076084137
1624,0.0,0.0,0.0,0.0,0.0,0.923953,0.0,0.0,0.0,0.378069311380386
1625,0.0,0.0,0.0,0.0,0.0,0.923683,0.0,0.0,0.0,0.378628700971603
1626,0.0,0.0,0.0,0.0,0.0,0.925059,0.0,0.0,0.0,0.379033595323563
1627,0.0,0.0,0.0,0.0,0.0,0.926413,0.0,0.0,0.0,0.379510879516602
1628,0.0,0.0,0.0,0.0,0.0,0.92686,0.0,0.0,0.0,0.380050122737885
1629,0.0,0.0,0.0,0.0,0.0,0.927163,0.0,0.0,0.0,0.38058015704155
1630,0.0,0.0,0.0,0.0,0.0,0.922953,0.0,0.0,0.0,0.38100653886795
1631,0.0,0.0,0.0,0.0,0.0,0.918685,0.0,0.0,0.0,0.381408601999283
1632,0.0,0.0,0.0,0.0,0.0,0.913009,0.0,0.0,0.0,0.381809294223785
1633,0.0,0.0,0.0,0.0,0.0,0.907252,0.0,0.0,0.0,0.382256120443344
1634,0.0,0.0,0.0,0.0,0.0,0.899817,0.0,0.0,0.0,0.382751822471619
1635,0.0,0.0,0.0,0.0,0.0,0.89183,0.0,0.0,0.0,0.383285790681839
1636,0.0,0.0,0.0,0.0,0.0,0.87337,0.0,0.0,0.0,0.383843094110489
1637,0.0,0.0,0.0,0.0,0.0,0.854065,0.0,0.0,0.0,0.384274899959564
1638,0.0,0.0,0.0,0.0,0.0,0.821155,0.0,0.0,0.0,0.384584605693817
1639,0.0,0.0,0.0,0.0,0.0,0.788248,0.0,0.0,0.0,0.384911119937897
1640,0.0,0.0,0.0,0.0,0.0,0.75477,0.0,0.0,0.0,0.38516241312027
1641,0.0,0.0,0.0,0.0,0.0,0.721282,0.0,0.0,0.0,0.385493755340576
1642,0.0,0.0,0.0,0.0,0.0,0.676683,0.0,0.0,0.0,0.385985404253006
1643,0.0,0.0,0.0,0.0,0.0,0.631645,0.0,0.0,0.0,0.386353641748428
1644,0.0,0.0,0.0,0.0,0.0,0.578787,0.0,0.0,0.0,0.386693060398102
1645,0.0,0.0,0.0,0.0,0.0,0.525681,0.0,0.0,0.0,0.387139290571213
1646,0.0,0.0,0.0,0.0,0.0,0.47356,0.0,0.0,0.0,0.387351244688034
1647,0.0,0.0,0.0,0.0,0.0,0.42147,0.0,0.0,0.0,0.387528479099274
1648,0.0,0.0,0.0,0.0,0.0,0.375648,0.0,0.0,0.0,0.387775242328644
1649,0.0,0.0,0.0,0.0,0.0,0.329939,0.0,0.0,0.0,0.387898236513138
1650,0.0,0.0,0.0,0.0,0.0,0.291359,0.0,0.0,0.0,0.388166546821594
1651,0.0,0.0,0.0,0.0,0.0,0.252894,0.0,0.0,0.0,0.388562083244324
1652,0.0,0.0,0.0,0.0,0.0,0.220261,0.0,0.0,0.0,0.388771861791611
1653,0.0,0.0,0.0,0.0,0.0,0.187803,0.0,0.0,0.0,0.388909488916397
1654,0.0,0.0,0.0,0.0,0.0,0.163127,0.0,0.0,0.0,0.388863563537598
1655,0.0,0.0,0.0,0.0,0.0,0.138642,0.0,0.0,0.0,0.38892936706543
1656,0.0,0.0,0.0,0.0,0.0,0.12015,0.0,0.0,0.0,0.389059364795685
1657,0.0,0.0,0.0,0.0,0.0,0.101893,0.0,0.0,0.0,0.389091640710831
1658,0.0,0.0,0.0,0.0,0.0,0.089024,0.0,0.0,0.0,0.389192491769791
1659,0.0,0.0,0.0,0.0,0.0,0.076166,0.0,0.0,0.0,0.389299094676971
1660,0.0,0.0,0.0,0.0,0.0,0.065732,0.0,0.0,0.0,0.389398723840714
1661,0.0,0.0,0.0,0.0,0.0,0.055352,0.0,0.0,0.0,0.389428645372391
1662,0.0,0.0,0.0,0.0,0.0,0.047864,0.0,0.0,0.0,0.389405906200409
1663,0.0,0.0,0.0,0.0,0.0,0.040434,0.0,0.0,0.0,0.389324247837067
1664,0.0,0.0,0.0,0.0,0.0,0.035171,0.0,0.0,0.0,0.38906130194664
1665,0.0,0.0,0.0,0.0,0.0,0.029952,0.0,0.0,0.0,0.388965576887131
1666,0.0,0.0,0.0,0.0,0.0,0.02589,0.0,0.0,0.0,0.388949692249298
1667,0.0,0.0,0.0,0.0,0.0,0.021831,0.0,0.0,0.0,0.388939529657364
1668,0.0,0.0,0.0,0.0,0.0,0.019029,0.0,0.0,0.0,0.389007419347763
1669,0.0,0.0,0.0,0.0,0.0,0.016248,0.0,0.0,0.0,0.389078706502914
1670,0.0,0.0,0.0,0.0,0.0,0.014303,0.0,0.0,0.0,0.389161348342896
1671,0.0,0.0,0.0,0.0,0.0,0.012372,0.0,0.0,0.0,0.389127165079117
1672,0.0,0.0,0.0,0.0,0.0,0.010989,0.0,0.0,0.0,0.389124035835266
1673,0.0,0.0,0.0,0.0,0.0,0.009606,0.0,0.0,0.0,0.389067053794861
1674,0.0,0.0,0.0,0.0,0.0,0.008459,0.0,0.0,0.0,0.388868272304535
1675,0.0,0.0,0.0,0.0,0.0,0.007319,0.0,0.0,0.0,0.388742685317993
1676,0.0,0.0,0.0,0.0,0.0,0.006421,0.0,0.0,0.0,0.38869521021843
1677,0.0,0.0,0.0,0.0,0.0,0.005528,0.0,0.0,0.0,0.38859561085701
1678,0.0,0.0,0.0,0.0,0.0,0.004898,0.0,0.0,0.0,0.388441115617752
1679,0.0,0.0,0.0,0.0,0.0,0.004271,0.0,0.0,0.0,0.388276368379593
1680,0.0,0.0,0.0,0.0,0.0,0.003772,0.0,0.0,0.0,0.388012021780014
1681,0.0,0.0,0.0,0.0,0.0,0.003277,0.0,0.0,0.0,0.387912839651108
1682,0.0,0.0,0.0,0.0,0.0,0.002881,0.0,0.0,0.0,0.387977540493011
1683,0.0,0.0,0.0,0.0,0.0,0.002488,0.0,0.0,0.0,0.387922376394272
1684,0.0,0.0,0.0,0.0,0.0,0.002172,0.0,0.0,0.0,0.38789027929306
1685,0.0,0.0,0.0,0.0,0.0,0.001859,0.0,0.0,0.0,0.387714952230453
1686,0.0,0.0,0.0,0.0,0.0,0.001613,0.0,0.0,0.0,0.387587159872055
1687,0.0,0.0,0.0,0.0,0.0,0.001369,0.0,0.0,0.0,0.387598931789398
1688,0.0,0.0,0.0,0.0,0.0,0.00115,0.0,0.0,0.0,0.387418121099472
1689,0.0,0.0,0.0,0.0,0.0,0.000932,0.0,0.0,0.0,0.387150138616562
1690,0.0,0.0,0.0,0.0,0.0,0.000758,0.0,0.0,0.0,0.386910289525986
1691,0.0,0.0,0.0,0.0,0.0,0.000585,0.0,0.0,0.0,0.386845737695694
1692,0.0,0.0,0.0,0.0,0.0,0.000466,0.0,0.0,0.0,0.386786818504334
1693,0.0,0.0,0.0,0.0,0.0,0.000348,0.0,0.0,0.0,0.386832863092422
1694,0.0,0.0,0.0,0.0,0.0,0.000249,0.0,0.0,0.0,0.386843770742416
1695,0.0,0.0,0.0,0.0,0.0,0.000151,0.0,0.0,0.0,0.386640518903732
1696,0.0,0.0,0.0,0.0,0.0,6.7e-05,0.0,0.0,0.0,0.386577039957047
1697,0.0,0.0,0.0,0.0,0.0,0.0,0.0,0.0,0.0,0.386458784341812
1698,0.0,0.0,0.0,0.0,0.0,0.0,0.0,0.0,0.0,0.386441797018051
1699,0.0,0.0,0.0,0.0,0.0,0.0,0.0,0.0,0.0,0.386394172906876
1700,0.0,0.0,0.0,0.0,0.0,0.0,0.0,0.0,0.0,0.386239677667618
1701,0.0,0.0,0.0,0.0,0.0,0.0,0.0,0.0,0.0,0.386040419340134
1702,0.0,0.0,0.0,0.0,0.0,0.0,0.0,0.0,0.0,0.385925829410553
1703,0.0,0.0,0.0,0.0,0.0,0.0,0.0,0.0,0.0,0.386002749204636
1704,0.0,0.0,0.0,0.0,0.0,0.0,0.0,0.0,0.0,0.385905414819717
1705,0.0,0.0,0.0,0.0,0.0,0.0,0.0,0.0,0.0,0.385655790567398
1706,0.0,0.0,0.0,0.0,0.0,0.0,0.0,0.0,0.0,0.385434359312058
1707,0.0,0.0,0.0,0.0,0.0,0.0,0.0,0.0,0.0,0.385355204343796
1708,0.0,0.0,0.0,0.0,0.0,0.0,0.0,0.0,0.0,0.385432541370392
1709,0.0,0.0,0.0,0.0,0.0,0.0,0.0,0.0,0.0,0.385591566562653
1710,0.0,0.0,0.0,0.0,0.0,0.0,0.0,0.0,0.0,0.385361939668655
1711,0.0,0.0,0.0,0.0,0.0,0.0,0.0,0.0,0.0,0.38506555557251
1712,0.0,0.0,0.0,0.0,0.0,0.0,0.0,0.0,0.0,0.384842902421951
1713,0.0,0.0,0.0,0.0,0.0,0.0,0.0,0.0,0.0,0.384557127952576
1714,0.0,0.0,0.0,0.0,0.0,0.0,0.0,0.0,0.0,0.384309858083725
1715,0.0,0.0,0.0,0.0,0.0,0.0,0.0,0.0,0.0,0.384110152721405
1716,0.0,0.0,0.0,0.0,0.0,0.0,0.0,0.0,0.0,0.383862555027008
1717,0.0,0.0,0.0,0.0,0.0,0.0,0.0,0.0,0.0,0.383601814508438
1718,0.0,0.0,0.0,0.0,0.0,0.0,0.0,0.0,0.0,0.383426487445831
1719,0.0,0.0,0.0,0.0,0.0,0.0,0.0,0.0,0.0,0.383135050535202
1720,0.0,0.0,0.0,0.0,0.0,0.0,0.0,0.0,0.0,0.382828921079636
1721,0.0,0.0,0.0,0.0,0.0,0.0,0.0,0.0,0.0,0.382408499717712
1722,0.0,0.0,0.0,0.0,0.0,0.0,0.0,0.0,0.0,0.382200509309769
1723,0.0,0.0,0.0,0.0,0.0,0.0,0.0,0.0,0.0,0.382178068161011
1724,0.0,0.0,0.0,0.0,0.0,0.0,0.0,0.0,0.0,0.381998270750046
1725,0.0,0.0,0.0,0.0,0.0,0.0,0.0,0.0,0.0,0.381759941577911
1726,0.0,0.0,0.0,0.0,0.0,0.0,0.0,0.0,0.0,0.381710529327393
1727,0.0,0.0,0.0,0.0,0.0,0.0,0.0,0.0,0.0,0.381825298070908
1728,0.0,0.0,0.0,0.0,0.0,0.0,0.0,0.0,0.0,0.381929099559784
1729,0.0,0.0,0.0,0.0,0.0,0.0,0.0,0.0,0.0,0.382037431001663
1730,0.0,0.0,0.0,0.0,0.0,0.0,0.0,0.0,0.0,0.38217431306839
1731,0.0,0.0,0.0,0.0,0.0,0.0,0.0,0.0,0.0,0.382435768842697
1732,0.0,0.0,0.0,0.0,0.0,0.0,0.0,0.0,0.0,0.382636696100235
1733,0.0,0.0,0.0,0.0,0.0,0.0,0.0,0.0,0.0,0.383146494626999
1734,0.0,0.0,0.0,0.0,0.0,0.0,0.0,0.0,0.0,0.383416622877121
1735,0.0,0.0,0.0,0.0,0.0,0.0,0.0,0.0,0.0,0.383521884679794
1736,0.0,0.0,0.0,0.0,0.0,0.0,0.0,0.0,0.0,0.383841931819916
1737,0.0,0.0,0.0,0.0,0.0,0.0,0.0,0.0,0.0,0.384456515312195
1738,0.0,0.0,0.0,0.0,0.0,0.0,0.0,0.0,0.0,0.384914249181747
1739,0.0,0.0,0.0,0.0,0.0,0.0,0.0,0.0,0.0,0.385265499353409
1740,0.0,0.0,0.0,0.0,0.0,0.0,0.0,0.0,0.0,0.385613173246384
1741,0.0,0.0,0.0,0.0,0.0,0.0,0.0,0.0,0.0,0.385790079832077
1742,0.0,0.0,0.0,0.0,0.0,0.0,0.0,0.0,0.0,0.385827839374542
1743,0.0,0.0,0.0,0.0,0.0,0.0,0.0,0.0,0.0,0.385949492454529
1744,0.0,0.0,0.0,0.0,0.0,0.0,0.0,0.0,0.0,0.386272013187408
1745,0.0,0.0,0.0,0.0,0.0,0.0,0.0,0.0,0.0,0.386459141969681
1746,0.0,0.0,0.0,0.0,0.0,0.0,0.0,0.0,0.0,0.386807501316071
1747,0.0,0.0,0.0,0.0,0.0,0.0,0.0,0.0,0.0,0.387015163898468
1748,0.0,0.0,0.0,0.0,0.0,0.0,0.0,0.0,0.0,0.38708022236824
1749,0.0,0.0,0.0,0.0,0.0,0.0,0.0,0.0,0.0,0.387139648199081
1750,0.0,0.0,0.0,0.0,0.0,0.0,0.0,0.0,0.0,0.387137681245804
1751,0.0,0.0,0.0,0.0,0.0,0.0,0.0,0.0,0.0,0.387221246957779
1752,0.0,0.0,0.0,0.0,0.0,0.0,0.0,0.0,0.0,0.387261092662811
1753,0.0,0.0,0.0,0.0,0.0,0.0,0.0,0.0,0.0,0.387278169393539
1754,0.0,0.0,0.0,0.0,0.0,0.0,0.0,0.0,0.0,0.387437283992767
1755,0.0,0.0,0.0,0.0,0.0,0.0,0.0,0.0,0.0,0.387497276067734
1756,0.0,0.0,0.0,0.0,0.0,0.0,0.0,0.0,0.0,0.387448787689209
1757,0.0,0.0,0.0,0.0,0.0,0.0,0.0,0.0,0.0,0.387389898300171
1758,0.0,0.0,0.0,0.0,0.0,0.0,0.0,0.0,0.0,0.387196928262711
1759,0.0,0.0,0.0,0.0,0.0,0.0,0.0,0.0,0.0,0.387145668268204
1760,0.0,0.0,0.0,0.0,0.0,0.0,0.0,0.0,0.0,0.387441366910934
1761,0.0,0.0,0.0,0.0,0.0,0.0,0.0,0.0,0.0,0.387555778026581
1762,0.0,0.0,0.0,0.0,0.0,0.0,0.0,0.0,0.0,0.387424796819687
1763,0.0,0.0,0.0,0.0,0.0,0.0,0.0,0.0,0.0,0.387474983930588
1764,0.0,0.0,0.0,0.0,0.0,0.0,0.0,0.0,0.0,0.387440800666809
1765,0.0,0.0,0.0,0.0,0.0,0.0,0.0,0.0,0.0,0.387534379959106
1766,0.0,0.0,0.0,0.0,0.0,0.0,0.0,0.0,0.0,0.387714356184006
1767,0.0,0.0,0.0,0.0,0.0,0.0,0.0,0.0,0.0,0.387857615947723
1768,0.0,0.0,0.0,0.0,0.0,0.0,0.0,0.0,0.0,0.388176262378693
1769,0.0,0.0,0.0,0.0,0.0,0.0,0.0,0.0,0.0,0.388306140899658
1770,0.0,0.0,0.0,0.0,0.0,0.0,0.0,0.0,0.0,0.388307064771652
1771,0.0,0.0,0.0,0.0,0.0,0.0,0.0,0.0,0.0,0.388513505458832
1772,0.0,0.0,0.0,0.0,0.0,0.0,0.0,0.0,0.0,0.388569235801697
1773,0.0,0.0,0.0,0.0,0.0,0.0,0.0,0.0,0.0,0.388835281133652
1774,0.0,0.0,0.0,0.0,0.0,0.0,0.0,0.0,0.0,0.389221280813217
1775,0.0,0.0,0.0,0.0,0.0,0.0,0.0,0.0,0.0,0.3893883228302
1776,0.0,0.0,0.0,0.0,0.0,0.0,0.0,0.0,0.0,0.389587581157684
1777,0.0,0.0,0.0,0.0,0.0,0.0,0.0,0.0,0.0,0.389795064926147
1778,0.0,0.0,0.0,0.0,0.0,0.0,0.0,0.0,0.0,0.389907658100128
1779,0.0,0.0,0.0,0.0,0.0,0.0,0.0,0.0,0.0,0.389689207077026
1780,0.0,0.0,0.0,0.0,0.0,0.0,0.0,0.0,0.0,0.389793336391449
1781,0.0,0.0,0.0,0.0,0.0,0.0,0.0,0.0,0.0,0.390009641647339
1782,0.0,0.0,0.0,0.0,0.0,0.0,0.0,0.0,0.0,0.39014333486557
1783,0.0,0.0,0.0,0.0,0.0,0.0,0.0,0.0,0.0,0.390620350837708
1784,0.0,0.0,0.0,0.0,0.0,0.0,0.0,0.0,0.0,0.390835970640183
1785,0.0,0.0,0.0,0.0,0.0,0.0,0.0,0.0,0.0,0.391025364398956
1786,0.0,0.0,0.0,0.0,0.0,0.0,0.0,0.0,0.0,0.389967828989029
1787,0.0,0.0,0.0,0.0,0.0,0.0,0.0,0.0,0.0,0.391104638576508
1788,0.0,0.0,0.0,0.0,0.0,0.0,0.0,0.0,0.0,0.391537874937058
1789,0.0,0.0,0.0,0.0,0.0,0.0,0.0,0.0,0.0,0.391827285289764
1790,0.0,0.0,0.0,0.0,0.0,0.0,0.0,0.0,0.0,0.392321944236755
1791,0.0,0.0,0.0,0.0,0.0,0.0,0.0,0.0,0.0,0.392026305198669
1792,0.0,0.0,0.0,0.0,0.0,0.0,0.0,0.0,0.0,0.392625987529755
1793,0.0,0.0,0.0,0.0,0.0,0.0,0.0,0.0,0.0,0.393296808004379
1794,0.0,0.0,0.0,0.0,0.0,0.0,0.0,0.0,0.0,0.393750339746475
1795,0.0,0.0,0.0,0.0,0.0,0.0,0.0,0.0,0.0,0.394139736890793
1796,0.0,0.0,0.0,0.0,0.0,0.0,0.0,0.0,0.0,0.394890695810318
1797,0.0,0.0,0.0,0.0,0.0,0.0,0.0,0.0,0.0,0.395232349634171
1798,0.0,0.0,0.0,0.0,0.0,0.0,0.0,0.0,0.0,0.394503861665726
1799,0.0,0.0,0.0,0.0,0.0,0.0,0.0,0.0,0.0,0.394562721252441
1800,0.0,0.0,0.0,0.0,0.0,0.0,0.0,0.0,0.0,0.396218240261078
1801,0.0,0.0,0.0,0.0,0.0,0.0,0.0,0.0,0.0,0.395985752344131
1802,0.0,0.0,0.0,0.0,0.0,0.0,0.0,0.0,0.0,0.394725739955902
1803,0.0,0.0,0.0,0.0,0.0,0.0,0.0,0.0,0.0,0.394318342208862
1804,0.0,0.0,0.0,0.0,0.0,0.0,0.0,0.0,0.0,0.393950372934341
1805,0.0,0.0,0.0,0.0,0.0,0.0,0.0,0.0,0.0,0.391059786081314
1806,0.0,0.0,0.0,0.0,0.0,0.0,0.0,0.0,0.0,0.393641620874405
1807,0.0,0.0,0.0,0.0,0.0,0.0,0.0,0.0,0.0,0.393299400806427
1808,0.0,0.0,0.0,0.0,0.0,0.0,0.0,0.0,0.0,0.395703226327896
1809,0.0,0.0,0.0,0.0,0.0,0.0,0.0,0.0,0.0,0.39225971698761
1810,0.0,0.0,0.0,0.0,0.0,0.0,0.0,0.0,0.0,0.392147272825241
1811,0.0,0.0,0.0,0.0,0.0,0.0,0.0,0.0,0.0,0.391738831996918
1812,0.0,0.0,0.0,0.0,0.0,0.0,0.0,0.0,0.0,0.390717923641205
1813,0.0,0.0,0.0,0.0,0.0,0.0,0.0,0.0,0.0,0.391244441270828
1814,0.0,0.0,0.0,0.0,0.0,0.0,0.0,0.0,0.0,0.397762417793274
1815,0.0,0.0,0.0,0.0,0.0,0.0,0.0,0.0,0.0,0.399071544408798
1816,0.0,0.0,0.0,0.0,0.0,0.0,0.0,0.0,0.0,0.39861062169075
1817,0.0,0.0,0.0,0.0,0.0,0.0,0.0,0.0,0.0,0.405161708593369
1818,0.0,0.0,0.0,0.0,0.0,0.0,0.0,0.0,0.0,0.412549793720245
1819,0.0,0.0,0.0,0.0,0.0,0.0,0.0,0.0,0.0,0.415069282054901
1820,0.0,0.0,0.0,0.0,0.0,0.0,0.0,0.0,0.0,0.404589504003525
1821,0.0,0.0,0.0,0.0,0.0,0.0,0.0,0.0,0.0,0.402375459671021
1822,0.0,0.0,0.0,0.0,0.0,0.0,0.0,0.0,0.0,0.396127581596375
1823,0.0,0.0,0.0,0.0,0.0,0.0,0.0,0.0,0.0,0.389053732156754
1824,0.0,0.0,0.0,0.0,0.0,0.0,0.0,0.0,0.0,0.38598644733429
1825,0.0,0.0,0.0,0.0,0.0,0.0,0.0,0.0,0.0,0.387195706367493
1826,0.0,0.0,0.0,0.0,0.0,0.0,0.0,0.0,0.0,0.395706236362457
1827,0.0,0.0,0.0,0.0,0.0,0.0,0.0,0.0,0.0,0.420486211776733
1828,0.0,0.0,0.0,0.0,0.0,0.0,0.0,0.0,0.0,0.422877103090286
1829,0.0,0.0,0.0,0.0,0.0,0.0,0.0,0.0,0.0,0.412700146436691
1830,0.0,0.0,0.0,0.0,0.0,0.0,0.0,0.0,0.0,0.414837658405304
1831,0.0,0.0,0.0,0.0,0.0,0.0,0.0,0.0,0.0,0.433151721954346
1832,0.0,0.0,0.0,0.0,0.0,0.0,0.0,0.0,0.0,0.404611140489578
1833,0.0,0.0,0.0,0.0,0.0,0.0,0.0,0.0,0.0,0.430014967918396
1834,0.0,0.0,0.0,0.0,0.0,0.0,0.0,0.0,0.0,0.372379332780838
1835,0.0,0.0,0.0,0.0,0.0,0.0,0.0,0.0,0.0,0.37743005156517
1836,0.0,0.0,0.0,0.0,0.0,0.0,0.0,0.0,0.0,0.40682390332222
1837,0.0,0.0,0.0,0.0,0.0,0.0,0.0,0.0,0.0,0.375293016433716
1838,0.0,0.0,0.0,0.0,0.0,0.0,0.0,0.0,0.0,0.370800197124481
1839,0.0,0.0,0.0,0.0,0.0,0.0,0.0,0.0,0.0,0.301733911037445
1840,0.0,0.0,0.0,0.0,0.0,0.0,0.0,0.0,0.0,0.336335629224777
1841,0.0,0.0,0.0,0.0,0.0,0.0,0.0,0.0,0.0,0.419520437717438
1842,0.0,0.0,0.0,0.0,0.0,0.0,0.0,0.0,0.0,0.407245844602585
1843,0.0,0.0,0.0,0.0,0.0,0.0,0.0,0.0,0.0,0.405636817216873
1844,0.0,0.0,0.0,0.0,0.0,0.0,0.0,0.0,0.0,0.391156524419785
1845,0.0,0.0,0.0,0.0,0.0,0.0,0.0,0.0,0.0,0.401331931352615
1846,0.0,0.0,0.0,0.0,0.0,0.0,0.0,0.0,0.0,0.421064138412476
1847,0.0,0.0,0.0,0.0,0.0,0.0,0.0,0.0,0.0,0.392220020294189
1848,0.0,0.0,0.0,0.0,0.0,0.0,0.0,0.0,0.0,0.371144086122513
1849,0.0,0.0,0.0,0.0,0.0,0.0,0.0,0.0,0.0,0.438780456781387
1850,0.0,0.0,0.0,0.0,0.0,0.0,0.0,0.0,0.0,0.453928202390671
1851,0.0,0.0,0.0,0.0,0.0,0.0,0.0,0.0,0.0,0.428689152002335
1852,0.0,0.0,0.0,0.0,0.0,0.0,0.0,0.0,0.0,0.398714691400528
1853,0.0,0.0,0.0,0.0,0.0,0.0,0.0,0.0,0.0,0.427641838788986
1854,0.0,0.0,0.0,0.0,0.0,0.0,0.0,0.0,0.0,0.271450787782669
1855,0.0,0.0,0.0,0.0,0.0,0.0,0.0,0.0,0.0,0.327354490756989
1856,0.0,0.0,0.0,0.0,0.0,0.0,0.0,0.0,0.0,0.470708131790161
1857,0.0,0.0,0.0,0.0,0.0,0.0,0.0,0.0,0.0,0.534848093986511
1858,0.0,0.0,0.0,0.0,0.0,0.0,0.0,0.0,0.0,0.537964701652527
1859,0.0,0.0,0.0,0.0,0.0,0.0,0.0,0.0,0.0,0.552804887294769
1860,0.0,0.0,0.0,0.0,0.0,0.0,0.0,0.0,0.0,0.462960302829742
1861,0.0,0.0,0.0,0.0,0.0,0.0,0.0,0.0,0.0,0.366175979375839
1862,0.0,0.0,0.0,0.0,0.0,0.0,0.0,0.0,0.0,0.348233103752136
1863,0.0,0.0,0.0,0.0,0.0,0.0,0.0,0.0,0.0,0.332314848899841
1864,0.0,0.0,0.0,0.0,0.0,0.0,0.0,0.0,0.0,0.352759659290314
1865,0.0,0.0,0.0,0.0,0.0,0.0,0.0,0.0,0.0,0.394265204668045
1866,0.0,0.0,0.0,0.0,0.0,0.0,0.0,0.0,0.0,0.388377368450165
1867,0.0,0.0,0.0,0.0,0.0,0.0,0.0,0.0,0.0,0.439964920282364
1868,0.0,0.0,0.0,0.0,0.0,0.0,0.0,0.0,0.0,0.367880195379257
1869,0.0,0.0,0.0,0.0,0.0,0.0,0.0,0.0,0.0,0.389657974243164
1870,0.0,0.0,0.0,0.0,0.0,0.0,0.0,0.0,0.0,0.468364983797073
1871,0.0,0.0,0.0,0.0,0.0,0.0,0.0,0.0,0.0,0.478835016489029
1872,0.0,0.0,0.0,0.0,0.0,0.0,0.0,0.0,0.0,0.342340439558029
1873,0.0,0.0,0.0,0.0,0.0,0.0,0.0,0.0,0.0,0.31576269865036
1874,0.0,0.0,0.0,0.0,0.0,0.0,0.0,0.0,0.0,0.379973083734512
1875,0.0,0.0,0.0,0.0,0.0,0.0,0.0,0.0,0.0,0.405410766601563
1876,0.0,0.0,0.0,0.0,0.0,0.0,0.0,0.0,0.0,0.409884691238403
1877,0.0,0.0,0.0,0.0,0.0,0.0,0.0,0.0,0.0,0.374078422784805
1878,0.0,0.0,0.0,0.0,0.0,0.0,0.0,0.0,0.0,0.382857978343964
1879,0.0,0.0,0.0,0.0,0.0,0.0,0.0,0.0,0.0,0.459796041250229
1880,0.0,0.0,0.0,0.0,0.0,0.0,0.0,0.0,0.0,0.419881075620651
1881,0.0,0.0,0.0,0.0,0.0,0.0,0.0,0.0,0.0,0.398470520973206
1882,0.0,0.0,0.0,0.0,0.0,0.0,0.0,0.0,0.0,0.376161217689514
1883,0.0,0.0,0.0,0.0,0.0,0.0,0.0,0.0,0.0,0.371911317110062
1884,0.0,0.0,0.0,0.0,0.0,0.0,0.0,0.0,0.0,0.364821910858154
1885,0.0,0.0,0.0,0.0,0.0,0.0,0.0,0.0,0.0,0.369335293769836
1886,0.0,0.0,0.0,0.0,0.0,0.0,0.0,0.0,0.0,0.382846772670746
1887,0.0,0.0,0.0,0.0,0.0,0.0,0.0,0.0,0.0,0.38273012638092
1888,0.0,0.0,0.0,0.0,0.0,0.0,0.0,0.0,0.0,0.376609891653061
1889,0.0,0.0,0.0,0.0,0.0,0.0,0.0,0.0,0.0,0.359914124011993
1890,0.0,0.0,0.0,0.0,0.0,0.0,0.0,0.0,0.0,0.340189576148987
1891,0.0,0.0,0.0,0.0,0.0,0.0,0.0,0.0,0.0,0.329418569803238
1892,0.0,0.0,0.0,0.0,0.0,0.0,0.0,0.0,0.0,0.325268030166626
1893,0.0,0.0,0.0,0.0,0.0,0.0,0.0,0.0,0.0,0.309454023838043
1894,0.0,0.0,0.0,0.0,0.0,0.0,0.0,0.0,0.0,0.303006708621979
1895,0.0,0.0,0.0,0.0,0.0,0.0,0.0,0.0,0.0,0.30368584394455
1896,0.0,0.0,0.0,0.0,0.0,0.0,0.0,0.0,0.0,0.306014120578766
1897,0.0,0.0,0.0,0.0,0.0,0.0,0.0,0.0,0.0,0.314085245132446
1898,0.0,0.0,0.0,0.0,0.0,0.0,0.0,0.0,0.0,0.32958921790123
1899,0.0,0.0,0.0,0.0,0.0,0.0,0.0,0.0,0.0,0.412813663482666
1900,0.0,0.0,0.0,0.0,0.0,0.0,0.0,0.0,0.0,0.412799060344696
1901,0.0,0.0,0.0,0.0,0.0,0.0,0.0,0.0,0.0,0.439748048782349
1902,0.0,0.0,0.0,0.0,0.0,0.0,0.0,0.0,0.0,0.416920453310013
1903,0.0,0.0,0.0,0.0,0.0,0.0,0.0,0.0,0.0,0.280453681945801
1904,0.0,0.0,0.0,0.0,0.0,0.0,0.0,0.0,0.0,0.297274470329285
1905,0.0,0.0,0.0,0.0,0.0,0.0,0.0,0.0,0.0,0.355001479387283
1906,0.0,0.0,0.0,0.0,0.0,0.0,0.0,0.0,0.0,0.355835527181625
1907,0.0,0.0,0.0,0.0,0.0,0.0,0.0,0.0,0.0,0.334273040294647
1908,0.0,0.0,0.0,0.0,0.0,0.0,0.0,0.0,0.0,0.278026759624481
1909,0.0,0.0,0.0,0.0,0.0,0.0,0.0,0.0,0.0,0.212946102023125
1910,0.0,0.0,0.0,0.0,0.0,0.0,0.0,0.0,0.0,0.18129551410675
1911,0.0,0.0,0.0,0.0,0.0,0.0,0.0,0.0,0.0,0.201506108045578
1912,0.0,0.0,0.0,0.0,0.0,0.0,0.0,0.0,0.0,0.225332677364349
1913,0.0,0.0,0.0,0.0,0.0,0.0,0.0,0.0,0.0,0.251545250415802
1914,0.0,0.0,0.0,0.0,0.0,0.0,0.0,0.0,0.0,0.260404378175735
1915,0.0,0.0,0.0,0.0,0.0,0.0,0.0,0.0,0.0,0.267984062433243
1916,0.0,0.0,0.0,0.0,0.0,0.0,0.0,0.0,0.0,0.265715748071671
1917,0.0,0.0,0.0,0.0,0.0,0.0,0.0,0.0,0.0,0.27030622959137
1918,0.0,0.0,0.0,0.0,0.0,0.0,0.0,0.0,0.0,0.264764964580536
1919,0.0,0.0,0.0,0.0,0.0,0.0,0.0,0.0,0.0,0.268086194992065
1920,0.0,0.0,0.0,0.0,0.0,0.0,0.0,0.0,0.0,0.268854945898056
1921,0.0,0.0,0.0,0.0,0.0,0.0,0.0,0.0,0.0,0.265098482370377
1922,0.0,0.0,0.0,0.0,0.0,0.0,0.0,0.0,0.0,0.261871069669724
1923,0.0,0.0,0.0,0.0,0.0,0.0,0.0,0.0,0.0,0.254850000143051
1924,0.0,0.0,0.0,0.0,0.0,0.0,0.0,0.0,0.0,0.25558790564537
1925,0.0,0.0,0.0,0.0,0.0,0.0,0.0,0.0,0.0,0.255432039499283
1926,0.0,0.0,0.0,0.0,0.0,0.0,0.0,0.0,0.0,0.256705909967422
1927,0.0,0.0,0.0,0.0,0.0,0.0,0.0,0.0,0.0,0.260631799697876
1928,0.0,0.0,0.0,0.0,0.0,0.0,0.0,0.0,0.0,0.259569376707077
1929,0.0,0.0,0.0,0.0,0.0,0.0,0.0,0.0,0.0,0.261865943670273
1930,0.0,0.0,0.0,0.0,0.0,0.0,0.0,0.0,0.0,0.259529680013657
1931,0.0,0.0,0.0,0.0,0.0,0.0,0.0,0.0,0.0,0.255567938089371
1932,0.0,0.0,0.0,0.0,0.0,0.0,0.0,0.0,0.0,0.257057696580887
1933,0.0,0.0,0.0,0.0,0.0,0.0,0.0,0.0,0.0,0.254667371511459
1934,0.0,0.0,0.0,0.0,0.0,0.0,0.0,0.0,0.0,0.250533193349838
1935,0.0,0.0,0.0,0.0,0.0,0.0,0.0,0.0,0.0,0.251146256923676
1936,0.0,0.0,0.0,0.0,0.0,0.0,0.0,0.0,0.0,0.250662714242935
1937,0.0,0.0,0.0,0.0,0.0,0.0,0.0,0.0,0.0,0.251715332269669
1938,0.0,0.0,0.0,0.0,0.0,0.0,0.0,0.0,0.0,0.252413928508759
1939,0.0,0.0,0.0,0.0,0.0,0.0,0.0,0.0,0.0,0.253290861845016
1940,0.0,0.0,0.0,0.0,0.0,0.0,0.0,0.0,0.0,0.255724787712097
1941,0.0,0.0,0.0,0.0,0.0,0.0,0.0,0.0,0.0,0.259215176105499
1942,0.0,0.0,0.0,0.0,0.0,0.0,0.0,0.0,0.0,0.266256630420685
1943,0.0,0.0,0.0,0.0,0.0,0.0,0.0,0.0,0.0,0.265447705984116
1944,0.0,0.0,0.0,0.0,0.0,0.0,0.0,0.0,0.0,0.261687755584717
1945,0.0,0.0,0.0,0.0,0.0,0.0,0.0,0.0,0.0,0.263538926839828
1946,0.0,0.0,0.0,0.0,0.0,0.0,0.0,0.0,0.0,0.266608953475952
1947,0.0,0.0,0.0,0.0,0.0,0.0,0.0,0.0,0.0,0.265394151210785
1948,0.0,0.0,0.0,0.0,0.0,0.0,0.0,0.0,0.0,0.265315979719162
1949,0.0,0.0,0.0,0.0,0.0,0.0,0.0,0.0,0.0,0.264740377664566
1950,0.0,0.0,0.0,0.0,0.0,0.0,0.0,0.0,0.0,0.266121715307236
1951,0.0,0.0,0.0,0.0,0.0,0.0,0.0,0.0,0.0,0.269564479589462
1952,0.0,0.0,0.0,0.0,0.0,0.0,0.0,0.0,0.0,0.268270611763
1953,0.0,0.0,0.0,0.0,0.0,0.0,0.0,0.0,0.0,0.270469576120377
1954,0.0,0.0,0.0,0.0,0.0,0.0,0.0,0.0,0.0,0.271902799606323
1955,0.0,0.0,0.0,0.0,0.0,0.0,0.0,0.0,0.0,0.272184520959854
1956,0.0,0.0,0.0,0.0,0.0,0.0,0.0,0.0,0.0,0.271913796663284
1957,0.0,0.0,0.0,0.0,0.0,0.0,0.0,0.0,0.0,0.274336248636246
1958,0.0,0.0,0.0,0.0,0.0,0.0,0.0,0.0,0.0,0.274963647127151
1959,0.0,0.0,0.0,0.0,0.0,0.0,0.0,0.0,0.0,0.275948137044907
1960,0.0,0.0,0.0,0.0,0.0,0.0,0.0,0.0,0.0,0.280452162027359
1961,0.0,0.0,0.0,0.0,0.0,0.0,0.0,0.0,0.0,0.281394213438034
1962,0.0,0.0,0.0,0.0,0.0,0.0,0.0,0.0,0.0,0.284006059169769
1963,0.0,0.0,0.0,0.0,0.0,0.0,0.0,0.0,0.0,0.284228384494781
1964,0.0,0.0,0.0,0.0,0.0,0.0,0.0,0.0,0.0,0.284698247909546
1965,0.0,0.0,0.0,0.0,0.0,0.0,0.0,0.0,0.0,0.285877704620361
1966,0.0,0.0,0.0,0.0,0.0,0.0,0.0,0.0,0.0,0.287061363458633
1967,0.0,0.0,0.0,0.0,0.0,0.0,0.0,0.0,0.0,0.288215577602386
1968,0.0,0.0,0.0,0.0,0.0,0.0,0.0,0.0,0.0,0.28912764787674
1969,0.0,0.0,0.0,0.0,0.0,0.0,0.0,0.0,0.0,0.28973600268364
1970,0.0,0.0,0.0,0.0,0.0,0.0,0.0,0.0,0.0,0.290850013494492
1971,0.0,0.0,0.0,0.0,0.0,0.0,0.0,0.0,0.0,0.292282819747925
1972,0.0,0.0,0.0,0.0,0.0,0.0,0.0,0.0,0.0,0.293436199426651
1973,0.0,0.0,0.0,0.0,0.0,0.0,0.0,0.0,0.0,0.294041752815247
1974,0.0,0.0,0.0,0.0,0.0,0.0,0.0,0.0,0.0,0.295130521059036
1975,0.0,0.0,0.0,0.0,0.0,0.0,0.0,0.0,0.0,0.296034306287766
1976,0.0,0.0,0.0,0.0,0.0,0.0,0.0,0.0,0.0,0.296627461910248
1977,0.0,0.0,0.0,0.0,0.0,0.0,0.0,0.0,0.0,0.297267824411392
1978,0.0,0.0,0.0,0.0,0.0,0.0,0.0,0.0,0.0,0.298221468925476
1979,0.0,0.0,0.0,0.0,0.0,0.0,0.0,0.0,0.0,0.299168318510056
1980,0.0,0.0,0.0,0.0,0.0,0.0,0.0,0.0,0.0,0.300636231899261
1981,0.0,0.0,0.0,0.0,0.0,0.0,0.0,0.0,0.0,0.30168753862381
1982,0.0,0.0,0.0,0.0,0.0,0.0,0.0,0.0,0.0,0.302134275436401
1983,0.0,0.0,0.0,0.0,0.0,0.0,0.0,0.0,0.0,0.302953392267227
1984,0.0,0.0,0.0,0.0,0.0,0.0,0.0,0.0,0.0,0.303412675857544
1985,0.0,0.0,0.0,0.0,0.0,0.0,0.0,0.0,0.0,0.304039120674133
1986,0.0,0.0,0.0,0.0,0.0,0.0,0.0,0.0,0.0,0.30463171005249
1987,0.0,0.0,0.0,0.0,0.0,0.0,0.0,0.0,0.0,0.305578529834747
1988,0.0,0.0,0.0,0.0,0.0,0.0,0.0,0.0,0.0,0.305904865264893
1989,0.0,0.0,0.0,0.0,0.0,0.0,0.0,0.0,0.0,0.307077825069427
1990,0.0,0.0,0.0,0.0,0.0,0.0,0.0,0.0,0.0,0.308373004198074
1991,0.0,0.0,0.0,0.0,0.0,0.0,0.0,0.0,0.0,0.310093969106674
1992,0.0,0.0,0.0,0.0,0.0,0.0,0.0,0.0,0.0,0.311434000730515
1993,0.0,0.0,0.0,0.0,0.0,0.0,0.0,0.0,0.0,0.311705559492111
1994,0.0,0.0,0.0,0.0,0.0,0.0,0.0,0.0,0.0,0.312183827161789
1995,0.0,0.0,0.0,0.0,0.0,0.0,0.0,0.0,0.0,0.312397390604019
1996,0.0,0.0,0.0,0.0,0.0,0.0,0.0,0.0,0.0,0.31306579709053
1997,0.0,0.0,0.0,0.0,0.0,0.0,0.0,0.0,0.0,0.314093142747879
1998,0.0,0.0,0.0,0.0,0.0,0.0,0.0,0.0,0.0,0.314482688903809
1999,0.0,0.0,0.0,0.0,0.0,0.0,0.0,0.0,0.0,0.314613908529282
2000,0.0,0.0,0.0,0.0,0.0,0.0,0.0,0.0,0.0,0.315203636884689
2001,0.0,0.0,0.0,0.0,0.0,0.0,0.0,0.0,0.0,0.318587601184845
2002,0.0,0.0,0.0,0.0,0.0,0.0,0.0,0.0,0.0,0.319197744131088
2003,0.0,0.0,0.0,0.0,0.0,0.0,0.0,0.0,0.0,0.317454367876053
2004,0.0,0.0,0.0,0.0,0.0,0.0,0.0,0.0,0.0,0.316597461700439
2005,0.0,0.0,0.0,0.0,0.0,0.0,0.0,0.0,0.0,0.318627595901489
2006,0.0,0.0,0.0,0.0,0.0,0.0,0.0,0.0,0.0,0.318241000175476
2007,0.0,0.0,0.0,0.0,0.0,0.0,0.0,0.0,0.0,0.322394490242004
2008,0.0,0.0,0.0,0.0,0.0,0.0,0.0,0.0,0.0,0.325337648391724
2009,0.0,0.0,0.0,0.0,0.0,0.0,0.0,0.0,0.0,0.325934499502182
2010,0.0,0.0,0.0,0.0,0.0,0.0,0.0,0.0,0.0,0.325764924287796
2011,0.0,0.0,0.0,0.0,0.0,0.0,0.0,0.0,0.0,0.328142672777176
2012,0.0,0.0,0.0,0.0,0.0,0.0,0.0,0.0,0.0,0.327891260385513
2013,0.0,0.0,0.0,0.0,0.0,0.0,0.0,0.0,0.0,0.328097254037857
2014,0.0,0.0,0.0,0.0,0.0,0.0,0.0,0.0,0.0,0.328249514102936
2015,0.0,0.0,0.0,0.0,0.0,0.0,0.0,0.0,0.0,0.327199995517731
2016,0.0,0.0,0.0,0.0,0.0,0.0,0.0,0.0,0.0,0.327043473720551
2017,0.0,0.0,0.0,0.0,0.0,0.0,0.0,0.0,0.0,0.32839959859848
2018,0.0,0.0,0.0,0.0,0.0,0.0,0.0,0.0,0.0,0.327953010797501
2019,0.0,0.0,0.0,0.0,0.0,0.0,0.0,0.0,0.0,0.328096181154251
2020,0.0,0.0,0.0,0.0,0.0,0.0,0.0,0.0,0.0,0.328134655952454
2021,0.0,0.0,0.0,0.0,0.0,0.0,0.0,0.0,0.0,0.327369600534439
2022,0.0,0.0,0.0,0.0,0.0,0.0,0.0,0.0,0.0,0.327243655920029
2023,0.0,0.0,0.0,0.0,0.0,0.0,0.0,0.0,0.0,0.327909469604492
2024,0.0,0.0,0.0,0.0,0.0,0.0,0.0,0.0,0.0,0.327660530805588
2025,0.0,0.0,0.0,0.0,0.0,0.0,0.0,0.0,0.0,0.328289866447449
2026,0.0,0.0,0.0,0.0,0.0,0.0,0.0,0.0,0.0,0.328134745359421
2027,0.0,0.0,0.0,0.0,0.0,0.0,0.0,0.0,0.0,0.32780510187149
2028,0.0,0.0,0.0,0.0,0.0,0.0,0.0,0.0,0.0,0.327794015407562
2029,0.0,0.0,0.0,0.0,0.0,0.0,0.0,0.0,0.0,0.327645033597946
2030,0.0,0.0,0.0,0.0,0.0,0.0,0.0,0.0,0.0,0.326947093009949
2031,0.0,0.0,0.0,0.0,0.0,0.0,0.0,0.0,0.0,0.32673978805542
2032,0.0,0.0,0.0,0.0,0.0,0.0,0.0,0.0,0.0,0.326082497835159
2033,0.0,0.0,0.0,0.0,0.0,0.0,0.0,0.0,0.0,0.325115323066711
2034,0.0,0.0,0.0,0.0,0.0,0.0,0.0,0.0,0.0,0.324337124824524
2035,0.0,0.0,0.0,0.0,0.0,0.0,0.0,0.0,0.0,0.323260933160782
2036,0.0,0.0,0.0,0.0,0.0,0.0,0.0,0.0,0.0,0.322402268648148
2037,0.0,0.0,0.0,0.0,0.0,0.0,0.0,0.0,0.0,0.321932703256607
2038,0.0,0.0,0.0,0.0,0.0,0.0,0.0,0.0,0.0,0.320960491895676
2039,0.0,0.0,0.0,0.0,0.0,0.0,0.0,0.0,0.0,0.320771157741547
2040,0.0,0.0,0.0,0.0,0.0,0.0,0.0,0.0,0.0,0.320171117782593
2041,0.0,0.0,0.0,0.0,0.0,0.0,0.0,0.0,0.0,0.319822371006012
2042,0.0,0.0,0.0,0.0,0.0,0.0,2.8e-05,0.0,0.0,0.319317489862442
2043,0.0,0.0,0.0,0.0,0.0,0.0,0.000119,0.0,0.0,0.31760385632515
2044,0.0,0.0,0.0,0.0,0.0,0.0,0.000217,0.0,0.0,0.316705644130707
2045,0.0,0.0,0.0,0.0,0.0,0.0,0.00032,0.0,0.0,0.316023856401443
2046,0.0,0.0,0.0,0.0,0.0,0.0,0.00044,0.0,0.0,0.315478295087814
2047,0.0,0.0,0.0,0.0,0.0,0.0,0.00056,0.0,0.0,0.314870357513428
2048,0.0,0.0,0.0,0.0,0.0,0.0,0.00068,0.0,0.0,0.314330130815506
2049,0.0,0.0,0.0,0.0,0.0,0.0,0.000811,0.0,0.0,0.313894987106323
2050,0.0,0.0,0.0,0.0,0.0,0.0,0.000974,0.0,0.0,0.313443958759308
2051,0.0,0.0,0.0,0.0,0.0,0.0,0.001145,0.0,0.0,0.311778873205185
2052,0.0,0.0,0.0,0.0,0.0,0.0,0.001345,0.0,0.0,0.310844510793686
2053,0.0,0.0,0.0,0.0,0.0,0.0,0.001554,0.0,0.0,0.310105174779892
2054,0.0,0.0,0.0,0.0,0.0,0.0,0.001795,0.0,0.0,0.309290826320648
2055,0.0,0.0,0.0,0.0,0.0,0.0,0.002047,0.0,0.0,0.3085578083992
2056,0.0,0.0,0.0,0.0,0.0,0.0,0.00234,0.0,0.0,0.308158040046692
2057,0.0,0.0,0.0,0.0,0.0,0.0,0.002651,0.0,0.0,0.307979941368103
2058,0.0,0.0,0.0,0.0,0.0,0.0,0.003025,0.0,0.0,0.307572066783905
2059,0.0,0.0,0.0,0.0,0.0,0.0,0.003421,0.0,0.0,0.306885361671448
2060,0.0,0.0,0.0,0.0,0.0,0.0,0.003903,0.0,0.0,0.305952191352844
2061,0.0,0.0,0.0,0.0,0.0,0.0,0.004415,0.0,0.0,0.30564671754837
2062,0.0,0.0,0.0,0.0,0.0,0.0,0.005019,0.0,0.0,0.305386871099472
2063,0.0,0.0,0.0,0.0,0.0,0.0,0.005643,0.0,0.0,0.305184811353683
2064,0.0,0.0,0.0,0.0,0.0,0.0,0.006348,0.0,0.0,0.304957121610641
2065,0.0,0.0,0.0,0.0,0.0,0.0,0.007088,0.0,0.0,0.30427274107933
2066,0.0,0.0,0.0,0.0,0.0,0.0,0.007992,0.0,0.0,0.303976684808731
2067,0.0,0.0,0.0,0.0,0.0,0.0,0.008959,0.0,0.0,0.303067773580551
2068,0.0,0.0,0.0,0.0,0.0,0.0,0.010155,0.0,0.0,0.302361696958542
2069,0.0,0.0,0.0,0.0,0.0,0.0,0.011426,0.0,0.0,0.301429390907288
2070,0.0,0.0,0.0,0.0,0.0,0.0,0.01293,0.0,0.0,0.300843238830566
2071,0.0,0.0,0.0,0.0,0.0,0.0,0.014545,0.0,0.0,0.299985706806183
2072,0.0,0.0,0.0,0.0,0.0,0.0,0.016562,0.0,0.0,0.299496322870255
2073,0.0,0.0,0.0,0.0,0.0,0.0,0.018688,0.0,0.0,0.299324125051498
2074,0.0,0.0,0.0,0.0,0.0,0.0,0.021262,0.0,0.0,0.299496859312058
2075,0.0,0.0,0.0,0.0,0.0,0.0,0.024,0.0,0.0,0.299025535583496
2076,0.0,0.0,0.0,0.0,0.0,0.0,0.027516,0.0,0.0,0.298214286565781
2077,0.0,0.0,0.0,0.0,0.0,0.0,0.031213,0.0,0.0,0.297764450311661
2078,0.0,0.0,0.0,0.0,0.0,0.0,0.035634,0.0,0.0,0.296723365783691
2079,0.0,0.0,0.0,0.0,0.0,0.0,0.040405,0.0,0.0,0.296537548303604
2080,0.0,0.0,0.0,0.0,0.0,0.0,0.046332,0.0,0.0,0.296492397785187
2081,0.0,0.0,0.0,0.0,0.0,0.0,0.052702,0.0,0.0,0.297319799661636
2082,0.0,0.0,0.0,0.0,0.0,0.0,0.060703,0.0,0.0,0.297980040311813
2083,0.0,0.0,0.0,0.0,0.0,0.0,0.069276,0.0,0.0,0.298037439584732
2084,0.0,0.0,0.0,0.0,0.0,0.0,0.080268,0.0,0.0,0.29804140329361
2085,0.0,0.0,0.0,0.0,0.0,0.0,0.092029,0.0,0.0,0.297459065914154
2086,0.0,0.0,0.0,0.0,0.0,0.0,0.106531,0.0,0.0,0.296881139278412
2087,0.0,0.0,0.0,0.0,0.0,0.0,0.122015,0.0,0.0,0.296849697828293
2088,0.0,0.0,0.0,0.0,0.0,0.0,0.141435,0.0,0.0,0.297023713588715
2089,0.0,0.0,0.0,0.0,0.0,0.0,0.161749,0.0,0.0,0.297384828329086
2090,0.0,0.0,0.0,0.0,0.0,0.0,0.186151,0.0,0.0,0.297879338264465
2091,0.0,0.0,0.0,0.0,0.0,0.0,0.212213,0.0,0.0,0.298025131225586
2092,0.0,0.0,0.0,0.0,0.0,0.0,0.244645,0.0,0.0,0.29783171415329
2093,0.0,0.0,0.0,0.0,0.0,0.0,0.27826,0.0,0.0,0.297969669103622
2094,0.0,0.0,0.0,0.0,0.0,0.0,0.315712,0.0,0.0,0.297972649335861
2095,0.0,0.0,0.0,0.0,0.0,0.0,0.355569,0.0,0.0,0.297844767570496
2096,0.0,0.0,0.0,0.0,0.0,0.0,0.403993,0.0,0.0,0.297742903232574
2097,0.0,0.0,0.0,0.0,0.0,0.0,0.452698,0.0,0.0,0.297687351703644
2098,0.0,0.0,0.0,0.0,0.0,0.0,0.502693,0.0,0.0,0.297553807497025
2099,0.0,0.0,0.0,0.0,0.0,0.0,0.552647,0.0,0.0,0.297915130853653
2100,0.0,0.0,0.0,0.0,0.0,0.0,0.602539,0.0,0.0,0.298504561185837
2101,0.0,0.0,0.0,0.0,0.0,0.0,0.651673,0.0,0.0,0.297872245311737
2102,0.0,0.0,0.0,0.0,0.0,0.0,0.69852,0.0,0.0,0.297865688800812
2103,0.0,0.0,0.0,0.0,0.0,0.0,0.744025,0.0,0.0,0.297698259353638
2104,0.0,0.0,0.0,0.0,0.0,0.0,0.78488,0.0,0.0,0.297216802835464
2105,0.0,0.0,0.0,0.0,0.0,0.0,0.823876,0.0,0.0,0.296720683574677
2106,0.0,0.0,0.0,0.0,0.0,0.0,0.855489,0.0,0.0,0.297159105539322
2107,0.0,0.0,0.0,0.0,0.0,0.0,0.883588,0.0,0.0,0.297341108322144
2108,0.0,0.0,0.0,0.0,0.0,0.0,0.89494,0.0,0.0,0.297914534807205
2109,0.0,0.0,0.0,0.0,0.0,0.0,0.907109,0.0,0.0,0.298459619283676
2110,0.0,0.0,0.0,0.0,0.0,0.0,0.922405,0.0,0.0,0.298935234546661
2111,0.0,0.0,0.0,0.0,0.0,0.0,0.93665,0.0,0.0,0.299551665782928
2112,0.0,0.0,0.0,0.0,0.0,0.0,0.947195,0.0,0.0,0.300150483846664
2113,0.0,0.0,0.0,0.0,0.0,0.0,0.955588,0.0,0.0,0.300365567207336
2114,0.0,0.0,0.0,0.0,0.0,0.0,0.955085,0.0,0.0,0.300651431083679
2115,0.0,0.0,0.0,0.0,0.0,0.0,0.955095,0.0,0.0,0.300275802612305
2116,0.0,0.0,0.0,0.0,0.0,0.0,0.956943,0.0,0.0,0.300329387187958
2117,0.0,0.0,0.0,0.0,0.0,0.0,0.959895,0.0,0.0,0.300649255514145
2118,0.0,0.0,0.0,0.0,0.0,0.0,0.967502,0.0,0.0,0.30103325843811
2119,0.0,0.0,0.0,0.0,0.0,0.0,0.973662,0.0,0.0,0.301360189914703
2120,0.0,0.0,0.0,0.0,0.0,0.0,0.974409,0.0,0.0,0.302010744810104
2121,0.0,0.0,0.0,0.0,0.0,0.0,0.975206,0.0,0.0,0.302623808383942
2122,0.0,0.0,0.0,0.0,0.0,0.0,0.976199,0.0,0.0,0.302531599998474
2123,0.0,0.0,0.0,0.0,0.0,0.0,0.97654,0.0,0.0,0.303724497556686
2124,0.0,0.0,0.0,0.0,0.0,0.0,0.974168,0.0,0.0,0.304500937461853
2125,0.0,0.0,0.0,0.0,0.0,0.0,0.972794,0.0,0.0,0.305077642202377
2126,0.0,0.0,0.0,0.0,0.0,0.0,0.975019,0.0,0.0,0.305518835783005
2127,0.0,0.0,0.0,0.0,0.0,0.0,0.978024,0.0,0.0,0.306251108646393
2128,0.0,0.0,0.0,0.0,0.0,0.0,0.984536,0.0,0.0,0.306426107883453
2129,0.0,0.0,0.0,0.0,0.0,0.0,0.989132,0.0,0.0,0.306278347969055
2130,0.0,0.0,0.0,0.0,0.0,0.0,0.986037,0.0,0.0,0.306387454271317
2131,0.0,0.0,0.0,0.0,0.0,0.0,0.984349,0.0,0.0,0.306338429450989
2132,0.0,0.0,0.0,0.0,0.0,0.0,0.987747,0.0,0.0,0.306928306818008
2133,0.0,0.0,0.0,0.0,0.0,0.0,0.991127,0.0,0.0,0.3074771463871
2134,0.0,0.0,0.0,0.0,0.0,0.0,0.994356,0.0,0.0,0.307314187288284
2135,0.0,0.0,0.0,0.0,0.0,0.0,0.997261,0.0,0.0,0.307875901460648
2136,0.0,0.0,0.0,0.0,0.0,0.0,0.999279,0.0,0.0,0.308446854352951
2137,0.0,0.0,0.0,0.0,0.0,0.0,1.0,0.0,0.0,0.308971852064133
2138,0.0,0.0,0.0,0.0,0.0,0.0,0.995894,0.0,0.0,0.309256792068481
2139,0.0,0.0,0.0,0.0,0.0,0.0,0.992675,0.0,0.0,0.309494614601135
2140,0.0,0.0,0.0,0.0,0.0,0.0,0.992469,0.0,0.0,0.309949040412903
2141,0.0,0.0,0.0,0.0,0.0,0.0,0.993153,0.0,0.0,0.310522198677063
2142,0.0,0.0,0.0,0.0,0.0,0.0,0.997654,0.0,0.0,0.310879081487656
2143,0.0,0.0,0.0,0.0,0.0,0.0,0.9996,0.0,0.0,0.311225146055222
2144,0.0,0.0,0.0,0.0,0.0,0.0,0.991486,0.0,0.0,0.311604797840118
2145,0.0,0.0,0.0,0.0,0.0,0.0,0.985056,0.0,0.0,0.311930924654007
2146,0.0,0.0,0.0,0.0,0.0,0.0,0.984693,0.0,0.0,0.31266525387764
2147,0.0,0.0,0.0,0.0,0.0,0.0,0.984155,0.0,0.0,0.312489867210388
2148,0.0,0.0,0.0,0.0,0.0,0.0,0.98276,0.0,0.0,0.312382787466049
2149,0.0,0.0,0.0,0.0,0.0,0.0,0.980904,0.0,0.0,0.312320113182068
2150,0.0,0.0,0.0,0.0,0.0,0.0,0.977637,0.0,0.0,0.312559187412262
2151,0.0,0.0,0.0,0.0,0.0,0.0,0.973416,0.0,0.0,0.312194347381592
2152,0.0,0.0,0.0,0.0,0.0,0.0,0.965473,0.0,0.0,0.312614798545837
2153,0.0,0.0,0.0,0.0,0.0,0.0,0.960173,0.0,0.0,0.313248813152313
2154,0.0,0.0,0.0,0.0,0.0,0.0,0.964315,0.0,0.0,0.314154833555222
2155,0.0,0.0,0.0,0.0,0.0,0.0,0.966786,0.0,0.0,0.315354496240616
2156,0.0,0.0,0.0,0.0,0.0,0.0,0.963736,0.0,0.0,0.315150022506714
2157,0.0,0.0,0.0,0.0,0.0,0.0,0.95997,0.0,0.0,0.314737945795059
2158,0.0,0.0,0.0,0.0,0.0,0.0,0.953245,0.0,0.0,0.31516769528389
2159,0.0,0.0,0.0,0.0,0.0,0.0,0.949261,0.0,0.0,0.314450651407242
2160,0.0,0.0,0.0,0.0,0.0,0.0,0.95575,0.0,0.0,0.313805669546127
2161,0.0,0.0,0.0,0.0,0.0,0.0,0.960764,0.0,0.0,0.314510434865952
2162,0.0,0.0,0.0,0.0,0.0,0.0,0.960554,0.0,0.0,0.314766317605972
2163,0.0,0.0,0.0,0.0,0.0,0.0,0.95906,0.0,0.0,0.315138548612595
2164,0.0,0.0,0.0,0.0,0.0,0.0,0.951965,0.0,0.0,0.31527191400528
2165,0.0,0.0,0.0,0.0,0.0,0.0,0.947696,0.0,0.0,0.315062940120697
2166,0.0,0.0,0.0,0.0,0.0,0.0,0.954785,0.0,0.0,0.314974278211594
2167,0.0,0.0,0.0,0.0,0.0,0.0,0.960339,0.0,0.0,0.314999401569366
2168,0.0,0.0,0.0,0.0,0.0,0.0,0.960212,0.0,0.0,0.31486114859581
2169,0.0,0.0,0.0,0.0,0.0,0.0,0.958833,0.0,0.0,0.314338654279709
2170,0.0,0.0,0.0,0.0,0.0,0.0,0.951706,0.0,0.0,0.314479559659958
2171,0.0,0.0,0.0,0.0,0.0,0.0,0.94716,0.0,0.0,0.31492155790329
2172,0.0,0.0,0.0,0.0,0.0,0.0,0.953274,0.0,0.0,0.314699828624725
2173,0.0,0.0,0.0,0.0,0.0,0.0,0.958041,0.0,0.0,0.315295398235321
2174,0.0,0.0,0.0,0.0,0.0,0.0,0.957781,0.0,0.0,0.31566059589386
2175,0.0,0.0,0.0,0.0,0.0,0.0,0.957814,0.0,0.0,0.316370815038681
2176,0.0,0.0,0.0,0.0,0.0,0.0,0.959239,0.0,0.0,0.316475421190262
2177,0.0,0.0,0.0,0.0,0.0,0.0,0.960741,0.0,0.0,0.31650698184967
2178,0.0,0.0,0.0,0.0,0.0,0.0,0.962473,0.0,0.0,0.316687256097794
2179,0.0,0.0,0.0,0.0,0.0,0.0,0.963685,0.0,0.0,0.317424982786179
2180,0.0,0.0,0.0,0.0,0.0,0.0,0.962905,0.0,0.0,0.317493140697479
2181,0.0,0.0,0.0,0.0,0.0,0.0,0.962434,0.0,0.0,0.317527562379837
2182,0.0,0.0,0.0,0.0,0.0,0.0,0.963523,0.0,0.0,0.318484127521515
2183,0.0,0.0,0.0,0.0,0.0,0.0,0.964365,0.0,0.0,0.318821042776108
2184,0.0,0.0,0.0,0.0,0.0,0.0,0.964442,0.0,0.0,0.318263649940491
2185,0.0,0.0,0.0,0.0,0.0,0.0,0.963135,0.0,0.0,0.318438529968262
2186,0.0,0.0,0.0,0.0,0.0,0.0,0.956666,0.0,0.0,0.318196892738342
2187,0.0,0.0,0.0,0.0,0.0,0.0,0.951991,0.0,0.0,0.318868160247803
2188,0.0,0.0,0.0,0.0,0.0,0.0,0.955661,0.0,0.0,0.319293469190598
2189,0.0,0.0,0.0,0.0,0.0,0.0,0.956567,0.0,0.0,0.319964617490768
2190,0.0,0.0,0.0,0.0,0.0,0.0,0.946217,0.0,0.0,0.320771962404251
2191,0.0,0.0,0.0,0.0,0.0,0.0,0.937592,0.0,0.0,0.320923686027527
2192,0.0,0.0,0.0,0.0,0.0,0.0,0.935132,0.0,0.0,0.321688890457153
2193,0.0,0.0,0.0,0.0,0.0,0.0,0.933523,0.0,0.0,0.321602314710617
2194,0.0,0.0,0.0,0.0,0.0,0.0,0.935776,0.0,0.0,0.32127645611763
2195,0.0,0.0,0.0,0.0,0.0,0.0,0.936472,0.0,0.0,0.321256071329117
2196,0.0,0.0,0.0,0.0,0.0,0.0,0.930981,0.0,0.0,0.321135133504868
2197,0.0,0.0,0.0,0.0,0.0,0.0,0.927984,0.0,0.0,0.321018666028976
2198,0.0,0.0,0.0,0.0,0.0,0.0,0.933908,0.0,0.0,0.321586072444916
2199,0.0,0.0,0.0,0.0,0.0,0.0,0.936899,0.0,0.0,0.322178661823273
2200,0.0,0.0,0.0,0.0,0.0,0.0,0.930508,0.0,0.0,0.322221904993057
2201,0.0,0.0,0.0,0.0,0.0,0.0,0.925692,0.0,0.0,0.322677910327911
2202,0.0,0.0,0.0,0.0,0.0,0.0,0.927085,0.0,0.0,0.322410553693771
2203,0.0,0.0,0.0,0.0,0.0,0.0,0.929162,0.0,0.0,0.322911649942398
2204,0.0,0.0,0.0,0.0,0.0,0.0,0.934675,0.0,0.0,0.322942465543747
2205,0.0,0.0,0.0,0.0,0.0,0.0,0.938955,0.0,0.0,0.322492837905884
2206,0.0,0.0,0.0,0.0,0.0,0.0,0.939253,0.0,0.0,0.322701245546341
2207,0.0,0.0,0.0,0.0,0.0,0.0,0.93882,0.0,0.0,0.323595523834229
2208,0.0,0.0,0.0,0.0,0.0,0.0,0.935493,0.0,0.0,0.323708415031433
2209,0.0,0.0,0.0,0.0,0.0,0.0,0.934142,0.0,0.0,0.323342502117157
2210,0.0,0.0,0.0,0.0,0.0,0.0,0.939939,0.0,0.0,0.322863668203354
2211,0.0,0.0,0.0,0.0,0.0,0.0,0.945318,0.0,0.0,0.322484910488129
2212,0.0,0.0,0.0,0.0,0.0,0.0,0.949283,0.0,0.0,0.322967231273651
2213,0.0,0.0,0.0,0.0,0.0,0.0,0.951661,0.0,0.0,0.323374420404434
2214,0.0,0.0,0.0,0.0,0.0,0.0,0.947414,0.0,0.0,0.323706030845642
2215,0.0,0.0,0.0,0.0,0.0,0.0,0.944482,0.0,0.0,0.324678957462311
2216,0.0,0.0,0.0,0.0,0.0,0.0,0.946554,0.0,0.0,0.324217408895493
2217,0.0,0.0,0.0,0.0,0.0,0.0,0.947019,0.0,0.0,0.323960483074188
2218,0.0,0.0,0.0,0.0,0.0,0.0,0.941859,0.0,0.0,0.32286524772644
2219,0.0,0.0,0.0,0.0,0.0,0.0,0.93806,0.0,0.0,0.322196841239929
2220,0.0,0.0,0.0,0.0,0.0,0.0,0.938737,0.0,0.0,0.322293400764465
2221,0.0,0.0,0.0,0.0,0.0,0.0,0.940213,0.0,0.0,0.322588443756104
2222,0.0,0.0,0.0,0.0,0.0,0.0,0.94501,0.0,0.0,0.322722762823105
2223,0.0,0.0,0.0,0.0,0.0,0.0,0.947923,0.0,0.0,0.322807192802429
2224,0.0,0.0,0.0,0.0,0.0,0.0,0.9434,0.0,0.0,0.323962986469269
2225,0.0,0.0,0.0,0.0,0.0,0.0,0.940311,0.0,0.0,0.323986023664474
2226,0.0,0.0,0.0,0.0,0.0,0.0,0.942515,0.0,0.0,0.322547405958176
2227,0.0,0.0,0.0,0.0,0.0,0.0,0.944956,0.0,0.0,0.321830540895462
2228,0.0,0.0,0.0,0.0,0.0,0.0,0.948644,0.0,0.0,0.319795727729797
2229,0.0,0.0,0.0,0.0,0.0,0.0,0.951518,0.0,0.0,0.318576395511627
2230,0.0,0.0,0.0,0.0,0.0,0.0,0.951641,0.0,0.0,0.318171620368958
2231,0.0,0.0,0.0,0.0,0.0,0.0,0.951119,0.0,0.0,0.317508190870285
2232,0.0,0.0,0.0,0.0,0.0,0.0,0.947778,0.0,0.0,0.317482441663742
2233,0.0,0.0,0.0,0.0,0.0,0.0,0.946412,0.0,0.0,0.316730320453644
2234,0.0,0.0,0.0,0.0,0.0,0.0,0.953332,0.0,0.0,0.316203385591507
2235,0.0,0.0,0.0,0.0,0.0,0.0,0.957717,0.0,0.0,0.314914733171463
2236,0.0,0.0,0.0,0.0,0.0,0.0,0.951812,0.0,0.0,0.312982320785522
2237,0.0,0.0,0.0,0.0,0.0,0.0,0.947085,0.0,0.0,0.311805158853531
2238,0.0,0.0,0.0,0.0,0.0,0.0,0.947014,0.0,0.0,0.310725837945938
2239,0.0,0.0,0.0,0.0,0.0,0.0,0.947477,0.0,0.0,0.309459954500198
2240,0.0,0.0,0.0,0.0,0.0,0.0,0.950874,0.0,0.0,0.307770907878876
2241,0.0,0.0,0.0,0.0,0.0,0.0,0.952773,0.0,0.0,0.307395666837692
2242,0.0,0.0,0.0,0.0,0.0,0.0,0.949094,0.0,0.0,0.306224852800369
2243,0.0,0.0,0.0,0.0,0.0,0.0,0.947423,0.0,0.0,0.305314958095551
2244,0.0,0.0,0.0,0.0,0.0,0.0,0.953083,0.0,0.0,0.304779976606369
2245,0.0,0.0,0.0,0.0,0.0,0.0,0.956635,0.0,0.0,0.303131550550461
2246,0.0,0.0,0.0,0.0,0.0,0.0,0.952551,0.0,0.0,0.301816344261169
2247,0.0,0.0,0.0,0.0,0.0,0.0,0.9494,0.0,0.0,0.300698131322861
2248,0.0,0.0,0.0,0.0,0.0,0.0,0.949643,0.0,0.0,0.29963031411171
2249,0.0,0.0,0.0,0.0,0.0,0.0,0.949694,0.0,0.0,0.297990441322327
2250,0.0,0.0,0.0,0.0,0.0,0.0,0.948776,0.0,0.0,0.295897722244263
2251,0.0,0.0,0.0,0.0,0.0,0.0,0.947537,0.0,0.0,0.294653683900833
2252,0.0,0.0,0.0,0.0,0.0,0.0,0.945168,0.0,0.0,0.293352723121643
2253,0.0,0.0,0.0,0.0,0.0,0.0,0.943194,0.0,0.0,0.291877150535584
2254,0.0,0.0,0.0,0.0,0.0,0.0,0.943112,0.0,0.0,0.290390104055405
2255,0.0,0.0,0.0,0.0,0.0,0.0,0.942952,0.0,0.0,0.289135843515396
2256,0.0,0.0,0.0,0.0,0.0,0.0,0.942571,0.0,0.0,0.287668079137802
2257,0.0,0.0,0.0,0.0,0.0,0.0,0.941406,0.0,0.0,0.286084085702896
2258,0.0,0.0,0.0,0.0,0.0,0.0,0.936544,0.0,0.0,0.28469255566597
2259,0.0,0.0,0.0,0.0,0.0,0.0,0.932227,0.0,0.0,0.28349706530571
2260,0.0,0.0,0.0,0.0,0.0,0.0,0.929693,0.0,0.0,0.282551944255829
2261,0.0,0.0,0.0,0.0,0.0,0.0,0.926131,0.0,0.0,0.281006157398224
2262,0.0,0.0,0.0,0.0,0.0,0.0,0.917985,0.0,0.0,0.280176550149918
2263,0.0,0.0,0.0,0.0,0.0,0.0,0.911091,0.0,0.0,0.279941022396088
2264,0.0,0.0,0.0,0.0,0.0,0.0,0.909739,0.0,0.0,0.279374718666077
2265,0.0,0.0,0.0,0.0,0.0,0.0,0.906527,0.0,0.0,0.278933167457581
2266,0.0,0.0,0.0,0.0,0.0,0.0,0.895232,0.0,0.0,0.278453081846237
2267,0.0,0.0,0.0,0.0,0.0,0.0,0.886127,0.0,0.0,0.277230679988861
2268,0.0,0.0,0.0,0.0,0.0,0.0,0.886411,0.0,0.0,0.276371240615845
2269,0.0,0.0,0.0,0.0,0.0,0.0,0.883615,0.0,0.0,0.276095002889633
2270,0.0,0.0,0.0,0.0,0.0,0.0,0.867845,0.0,0.0,0.275782495737076
2271,0.0,0.0,0.0,0.0,0.0,0.0,0.853714,0.0,0.0,0.275347799062729
2272,0.0,0.0,0.0,0.0,0.0,0.0,0.846344,0.0,0.0,0.274908781051636
2273,0.0,0.0,0.0,0.0,0.0,0.0,0.836001,0.0,0.0,0.273960292339325
2274,0.0,0.0,0.0,0.0,0.0,0.0,0.813716,0.0,0.0,0.272903978824615
2275,0.0,0.0,0.0,0.0,0.0,0.0,0.792667,0.0,0.0,0.273362070322037
2276,0.0,0.0,0.0,0.0,0.0,0.0,0.776463,0.0,0.0,0.273258835077286
2277,0.0,0.0,0.0,0.0,0.0,0.0,0.756529,0.0,0.0,0.273111194372177
2278,0.0,0.0,0.0,0.0,0.0,0.0,0.722284,0.0,0.0,0.273472189903259
2279,0.0,0.0,0.0,0.0,0.0,0.0,0.689664,0.0,0.0,0.273466616868973
2280,0.0,0.0,0.0,0.0,0.0,0.0,0.663067,0.0,0.0,0.272903591394424
2281,0.0,0.0,0.0,0.0,0.0,0.0,0.633521,0.0,0.0,0.273209720849991
2282,0.0,0.0,0.0,0.0,0.0,0.0,0.593227,0.0,0.0,0.273982852697372
2283,0.0,0.0,0.0,0.0,0.0,0.0,0.554715,0.0,0.0,0.274349689483643
2284,0.0,0.0,0.0,0.0,0.0,0.0,0.522458,0.0,0.0,0.274620354175568
2285,0.0,0.0,0.0,0.0,0.0,0.0,0.488816,0.0,0.0,0.274334847927094
2286,0.0,0.0,0.0,0.0,0.0,0.0,0.45047,0.0,0.0,0.274012863636017
2287,0.0,0.0,0.0,0.0,0.0,0.0,0.412621,0.0,0.0,0.272905737161636
2288,0.0,0.0,0.0,0.0,0.0,0.0,0.377044,0.0,0.0,0.272162109613419
2289,0.0,0.0,0.0,0.0,0.0,0.0,0.342526,0.0,0.0,0.272306561470032
2290,0.0,0.0,0.0,0.0,0.0,0.0,0.311347,0.0,0.0,0.272767901420593
2291,0.0,0.0,0.0,0.0,0.0,0.0,0.280925,0.0,0.0,0.273437112569809
2292,0.0,0.0,0.0,0.0,0.0,0.0,0.253732,0.0,0.0,0.273357957601547
2293,0.0,0.0,0.0,0.0,0.0,0.0,0.227234,0.0,0.0,0.272293210029602
2294,0.0,0.0,0.0,0.0,0.0,0.0,0.20278,0.0,0.0,0.271949976682663
2295,0.0,0.0,0.0,0.0,0.0,0.0,0.179714,0.0,0.0,0.270941108465195
2296,0.0,0.0,0.0,0.0,0.0,0.0,0.162055,0.0,0.0,0.269210875034332
2297,0.0,0.0,0.0,0.0,0.0,0.0,0.144668,0.0,0.0,0.268960386514664
2298,0.0,0.0,0.0,0.0,0.0,0.0,0.128292,0.0,0.0,0.269012689590454
2299,0.0,0.0,0.0,0.0,0.0,0.0,0.11283,0.0,0.0,0.267549812793732
2300,0.0,0.0,0.0,0.0,0.0,0.0,0.10064,0.0,0.0,0.266721904277802
2301,0.0,0.0,0.0,0.0,0.0,0.0,0.088907,0.0,0.0,0.266027092933655
2302,0.0,0.0,0.0,0.0,0.0,0.0,0.079382,0.0,0.0,0.265578269958496
2303,0.0,0.0,0.0,0.0,0.0,0.0,0.070409,0.0,0.0,0.265770852565765
2304,0.0,0.0,0.0,0.0,0.0,0.0,0.06327,0.0,0.0,0.266512900590897
2305,0.0,0.0,0.0,0.0,0.0,0.0,0.056429,0.0,0.0,0.266013145446777
2306,0.0,0.0,0.0,0.0,0.0,0.0,0.050903,0.0,0.0,0.264494568109512
2307,0.0,0.0,0.0,0.0,0.0,0.0,0.045432,0.0,0.0,0.263732731342316
2308,0.0,0.0,0.0,0.0,0.0,0.0,0.040206,0.0,0.0,0.263459950685501
2309,0.0,0.0,0.0,0.0,0.0,0.0,0.035363,0.0,0.0,0.263114035129547
2310,0.0,0.0,0.0,0.0,0.0,0.0,0.032071,0.0,0.0,0.26278492808342
2311,0.0,0.0,0.0,0.0,0.0,0.0,0.028847,0.0,0.0,0.262574911117554
2312,0.0,0.0,0.0,0.0,0.0,0.0,0.025897,0.0,0.0,0.261616468429565
2313,0.0,0.0,0.0,0.0,0.0,0.0,0.023121,0.0,0.0,0.261131763458252
2314,0.0,0.0,0.0,0.0,0.0,0.0,0.021,0.0,0.0,0.260916173458099
2315,0.0,0.0,0.0,0.0,0.0,0.0,0.018899,0.0,0.0,0.261848926544189
2316,0.0,0.0,0.0,0.0,0.0,0.0,0.016872,0.0,0.0,0.263003677129745
2317,0.0,0.0,0.0,0.0,0.0,0.0,0.014987,0.0,0.0,0.263288706541061
2318,0.0,0.0,0.0,0.0,0.0,0.0,0.01361,0.0,0.0,0.263131380081177
2319,0.0,0.0,0.0,0.0,0.0,0.0,0.012261,0.0,0.0,0.262389332056046
2320,0.0,0.0,0.0,0.0,0.0,0.0,0.011005,0.0,0.0,0.26245191693306
2321,0.0,0.0,0.0,0.0,0.0,0.0,0.009824,0.0,0.0,0.262793838977814
2322,0.0,0.0,0.0,0.0,0.0,0.0,0.008903,0.0,0.0,0.263144910335541
2323,0.0,0.0,0.0,0.0,0.0,0.0,0.007996,0.0,0.0,0.263245970010757
2324,0.0,0.0,0.0,0.0,0.0,0.0,0.007139,0.0,0.0,0.26453685760498
2325,0.0,0.0,0.0,0.0,0.0,0.0,0.006337,0.0,0.0,0.26470473408699
2326,0.0,0.0,0.0,0.0,0.0,0.0,0.005728,0.0,0.0,0.264326095581055
2327,0.0,0.0,0.0,0.0,0.0,0.0,0.005137,0.0,0.0,0.263170331716537
2328,0.0,0.0,0.0,0.0,0.0,0.0,0.004627,0.0,0.0,0.261765211820602
2329,0.0,0.0,0.0,0.0,0.0,0.0,0.004141,0.0,0.0,0.261264353990555
2330,0.0,0.0,0.0,0.0,0.0,0.0,0.003733,0.0,0.0,0.260163366794586
2331,0.0,0.0,0.0,0.0,0.0,0.0,0.003339,0.0,0.0,0.260223239660263
2332,0.0,0.0,0.0,0.0,0.0,0.0,0.00301,0.0,0.0,0.261056631803513
2333,0.0,0.0,0.0,0.0,0.0,0.0,0.002696,0.0,0.0,0.260473787784576
2334,0.0,0.0,0.0,0.0,0.0,0.0,0.002439,0.0,0.0,0.262057065963745
2335,0.0,0.0,0.0,0.0,0.0,0.0,0.002187,0.0,0.0,0.260382205247879
2336,0.0,0.0,0.0,0.0,0.0,0.0,0.001964,0.0,0.0,0.261293798685074
2337,0.0,0.0,0.0,0.0,0.0,0.0,0.001745,0.0,0.0,0.26021221280098
2338,0.0,0.0,0.0,0.0,0.0,0.0,0.001546,0.0,0.0,0.260518789291382
2339,0.0,0.0,0.0,0.0,0.0,0.0,0.00136,0.0,0.0,0.259853005409241
2340,0.0,0.0,0.0,0.0,0.0,0.0,0.001222,0.0,0.0,0.259732306003571
2341,0.0,0.0,0.0,0.0,0.0,0.0,0.001085,0.0,0.0,0.259666264057159
2342,0.0,0.0,0.0,0.0,0.0,0.0,0.000947,0.0,0.0,0.258531957864761
2343,0.0,0.0,0.0,0.0,0.0,0.0,0.000814,0.0,0.0,0.257936656475067
2344,0.0,0.0,0.0,0.0,0.0,0.0,0.000704,0.0,0.0,0.260086208581924
2345,0.0,0.0,0.0,0.0,0.0,0.0,0.000599,0.0,0.0,0.258648067712784
2346,0.0,0.0,0.0,0.0,0.0,0.0,0.000512,0.0,0.0,0.259502559900284
2347,0.0,0.0,0.0,0.0,0.0,0.0,0.00043,0.0,0.0,0.260463088750839
2348,0.0,0.0,0.0,0.0,0.0,0.0,0.000368,0.0,0.0,0.261589348316193
2349,0.0,0.0,0.0,0.0,0.0,0.0,0.000305,0.0,0.0,0.26298987865448
2350,0.0,0.0,0.0,0.0,0.0,0.0,0.00024,0.0,0.0,0.262370258569717
2351,0.0,0.0,0.0,0.0,0.0,0.0,0.000179,0.0,0.0,0.262318819761276
2352,0.0,0.0,0.0,0.0,0.0,0.0,0.000131,0.0,0.0,0.263111650943756
2353,0.0,0.0,0.0,0.0,0.0,0.0,8.3e-05,0.0,0.0,0.262344419956207
2354,0.0,0.0,0.0,0.0,0.0,0.0,3.7e-05,0.0,0.0,0.262729644775391
2355,0.0,0.0,0.0,0.0,0.0,0.0,0.0,0.0,0.0,0.262992352247238
