{
"type": "FeatureCollection",
"name": "radio_recortes_cordoba",
"crs": { "type": "name", "properties": { "name": "urn:ogc:def:crs:EPSG::5346" } },
"features": [
{ "type": "Feature", "properties": { "id": 3413, "link": "140143114", "totalpobl": 337.0, "area_radio": 44710.301 }, "geometry": { "type": "MultiPolygon", "coordinates": [ [ [ [ 4390390.52755300886929, 6528633.880073024891317 ], [ 4390601.308832303620875, 6528633.880073026753962 ], [ 4390598.03736528288573, 6528610.168760961852968 ], [ 4390580.438629223033786, 6528491.500100917182863 ], [ 4390566.189203743822873, 6528399.865165863186121 ], [ 4390525.903443652205169, 6528412.149177031591535 ], [ 4390455.154075002297759, 6528435.455419940873981 ], [ 4390435.525659301318228, 6528441.998920639045537 ], [ 4390340.816153940744698, 6528471.006831929087639 ], [ 4390372.358341218903661, 6528571.924002710729837 ], [ 4390390.52755300886929, 6528633.880073024891317 ] ] ] ] } },
{ "type": "Feature", "properties": { "id": 3414, "link": "140143113", "totalpobl": 449.0, "area_radio": 61036.64 }, "geometry": { "type": "MultiPolygon", "coordinates": [ [ [ [ 4390601.308832303620875, 6528633.880073026753962 ], [ 4390806.63747042324394, 6528633.88007302954793 ], [ 4390805.145706205628812, 6528544.859345812350512 ], [ 4390805.561365434899926, 6528502.366460740566254 ], [ 4390804.891624624840915, 6528427.768391778692603 ], [ 4390802.671158796176314, 6528332.850611834786832 ], [ 4390815.01882129535079, 6528318.130563843995333 ], [ 4390809.218949134461582, 6528319.478310140781105 ], [ 4390729.213725614361465, 6528346.79217894282192 ], [ 4390686.941408654674888, 6528360.343522685579956 ], [ 4390627.972215783782303, 6528379.698119532316923 ], [ 4390566.189203743822873, 6528399.865165863186121 ], [ 4390580.438629223033786, 6528491.500100917182863 ], [ 4390598.03736528288573, 6528610.168760961852968 ], [ 4390601.308832303620875, 6528633.880073026753962 ] ] ] ] } },
{ "type": "Feature", "properties": { "id": 3147, "link": "140145207", "totalpobl": 664.0, "area_radio": 64648.964 }, "geometry": { "type": "MultiPolygon", "coordinates": [ [ [ [ 4389886.868299994617701, 6525037.977012217976153 ], [ 4390034.974283738993108, 6525087.997352979145944 ], [ 4390144.007060877047479, 6525124.757537649944425 ], [ 4390162.940257757902145, 6525066.337765971198678 ], [ 4390181.173229159787297, 6525007.599727472290397 ], [ 4390198.754185288213193, 6524953.072426224127412 ], [ 4390217.706400539726019, 6524895.50225284602493 ], [ 4390110.517311376519501, 6524860.071350839920342 ], [ 4389962.317301754839718, 6524811.2235396374017 ], [ 4389925.560630178079009, 6524923.868809568695724 ], [ 4389907.206470964476466, 6524977.62533797044307 ], [ 4389886.868299994617701, 6525037.977012217976153 ] ] ] ] } },
{ "type": "Feature", "properties": { "id": 2282, "link": "140148013", "totalpobl": 1.0, "area_radio": 264.768 }, "geometry": { "type": "MultiPolygon", "coordinates": [ [ [ [ 4388821.314525810070336, 6522694.541837732307613 ], [ 4388821.314525810070336, 6522703.540973114781082 ], [ 4388841.405586993321776, 6522701.231564803980291 ], [ 4388873.507500387728214, 6522694.541837732307613 ], [ 4388821.314525810070336, 6522694.541837732307613 ] ] ] ] } },
{ "type": "Feature", "properties": { "id": 2301, "link": "140147816", "totalpobl": 206.0, "area_radio": 37421.025 }, "geometry": { "type": "MultiPolygon", "coordinates": [ [ [ [ 4389560.401890460401773, 6522694.541837732307613 ], [ 4389290.00743523798883, 6522694.541837732307613 ], [ 4389302.999786039814353, 6522767.000170993618667 ], [ 4389314.5002266690135, 6522824.500026416033506 ], [ 4389395.50014116987586, 6522810.00026217661798 ], [ 4389477.908221110701561, 6522795.870704587548971 ], [ 4389491.499946299940348, 6522866.999991216696799 ], [ 4389502.714935811236501, 6522927.182522733695805 ], [ 4389573.221634511835873, 6522914.435518961399794 ], [ 4389549.784904941916466, 6522782.578398334793746 ], [ 4389560.401890460401773, 6522694.541837732307613 ] ] ] ] } },
{ "type": "Feature", "properties": { "id": 2302, "link": "140147815", "totalpobl": 336.0, "area_radio": 81481.488 }, "geometry": { "type": "MultiPolygon", "coordinates": [ [ [ [ 4388821.314525810070336, 6522753.675585334189236 ], [ 4388821.314525810070336, 6522913.058152922429144 ], [ 4388977.000096774660051, 6522885.499782412312925 ], [ 4389019.00578080676496, 6522877.629873525351286 ], [ 4389080.000189187936485, 6522866.999991214834154 ], [ 4389185.363500027917325, 6522848.73862533364445 ], [ 4389235.000118967145681, 6522838.999333285726607 ], [ 4389314.5002266690135, 6522824.500026416033506 ], [ 4389302.999786039814353, 6522767.000170993618667 ], [ 4389290.00743523798883, 6522694.541837732307613 ], [ 4388919.918450260534883, 6522694.541837732307613 ], [ 4388854.197398083284497, 6522734.075124165043235 ], [ 4388821.314525810070336, 6522753.675585334189236 ] ] ] ] } },
{ "type": "Feature", "properties": { "id": 2303, "link": "140147814", "totalpobl": 1172.0, "area_radio": 170186.946 }, "geometry": { "type": "MultiPolygon", "coordinates": [ [ [ [ 4388821.314525810070336, 6522913.058152922429144 ], [ 4388821.314525811001658, 6523250.141061923466623 ], [ 4388836.356035003438592, 6523247.482169562019408 ], [ 4388842.327808593399823, 6523267.823350672610104 ], [ 4388893.104826354421675, 6523259.910634323954582 ], [ 4388955.472570145502687, 6523250.553852985613048 ], [ 4388995.647721585817635, 6523244.361315875314176 ], [ 4389069.048556107096374, 6523232.142875446006656 ], [ 4389079.973749287426472, 6523230.365398444235325 ], [ 4389164.710028046742082, 6523215.991711555980146 ], [ 4389232.786031906493008, 6523203.513824936933815 ], [ 4389246.171885908581316, 6523201.060285377316177 ], [ 4389324.998564629815519, 6523186.393350784666836 ], [ 4389358.812551069073379, 6523180.465015044435859 ], [ 4389364.278009529225528, 6523179.540101266466081 ], [ 4389364.316192138940096, 6523176.729200166650116 ], [ 4389365.410634427331388, 6523172.475516755133867 ], [ 4389366.562909138388932, 6523169.180759505368769 ], [ 4389369.454115719534457, 6523163.556388677097857 ], [ 4389370.370068538933992, 6523160.63686307426542 ], [ 4389367.516861388459802, 6523150.165772646665573 ], [ 4389343.987300989218056, 6523112.707571867853403 ], [ 4389304.027974467724562, 6523045.549665119498968 ], [ 4389258.758242168463767, 6522969.947923647239804 ], [ 4389235.000118967145681, 6522838.999333285726607 ], [ 4389185.363500027917325, 6522848.73862533364445 ], [ 4389080.000189187936485, 6522866.999991214834154 ], [ 4389019.00578080676496, 6522877.629873525351286 ], [ 4388977.000096774660051, 6522885.499782412312925 ], [ 4388821.314525810070336, 6522913.058152922429144 ] ] ] ] } },
{ "type": "Feature", "properties": { "id": 2304, "link": "140147813", "totalpobl": 640.0, "area_radio": 78574.662 }, "geometry": { "type": "MultiPolygon", "coordinates": [ [ [ [ 4389364.278009529225528, 6523179.540101266466081 ], [ 4389430.174215570092201, 6523168.388555788435042 ], [ 4389484.929643140174448, 6523158.058319009840488 ], [ 4389482.946140981279314, 6523148.992039818316698 ], [ 4389481.260395199991763, 6523141.286758608184755 ], [ 4389478.595075259916484, 6523093.207077316008508 ], [ 4389482.223045840859413, 6523087.390960418619215 ], [ 4389534.402713292278349, 6523005.270667466334999 ], [ 4389572.159463241696358, 6522949.517501587979496 ], [ 4389576.966481882147491, 6522935.503421626053751 ], [ 4389573.221634511835873, 6522914.435518961399794 ], [ 4389502.714935811236501, 6522927.182522733695805 ], [ 4389491.499946299940348, 6522866.999991216696799 ], [ 4389477.908221110701561, 6522795.870704587548971 ], [ 4389395.50014116987586, 6522810.00026217661798 ], [ 4389314.5002266690135, 6522824.500026416033506 ], [ 4389235.000118967145681, 6522838.999333285726607 ], [ 4389258.758242168463767, 6522969.947923647239804 ], [ 4389304.027974467724562, 6523045.549665119498968 ], [ 4389343.987300989218056, 6523112.707571867853403 ], [ 4389367.516861388459802, 6523150.165772646665573 ], [ 4389370.370068538933992, 6523160.63686307426542 ], [ 4389369.454115719534457, 6523163.556388677097857 ], [ 4389366.562909138388932, 6523169.180759505368769 ], [ 4389365.410634427331388, 6523172.475516755133867 ], [ 4389364.316192138940096, 6523176.729200166650116 ], [ 4389364.278009529225528, 6523179.540101266466081 ] ] ] ] } },
{ "type": "Feature", "properties": { "id": 2305, "link": "140147812", "totalpobl": 727.0, "area_radio": 109742.739 }, "geometry": { "type": "MultiPolygon", "coordinates": [ [ [ [ 4389755.306596118956804, 6522694.541837732307613 ], [ 4389560.401890460401773, 6522694.541837732307613 ], [ 4389549.784904941916466, 6522782.578398334793746 ], [ 4389573.221634511835873, 6522914.435518961399794 ], [ 4389576.966481882147491, 6522935.503421626053751 ], [ 4389572.159463241696358, 6522949.517501587979496 ], [ 4389534.402713292278349, 6523005.270667466334999 ], [ 4389482.223045840859413, 6523087.390960418619215 ], [ 4389478.595075259916484, 6523093.207077316008508 ], [ 4389481.260395199991763, 6523141.286758608184755 ], [ 4389482.946140981279314, 6523148.992039818316698 ], [ 4389484.929643140174448, 6523158.058319009840488 ], [ 4389531.177546910010278, 6523149.241954058408737 ], [ 4389547.044044851325452, 6523146.427927643992007 ], [ 4389588.963539601303637, 6523138.976323686540127 ], [ 4389608.450074042193592, 6523135.531596384011209 ], [ 4389653.750493060797453, 6523127.556961227208376 ], [ 4389691.560442692600191, 6523120.718948792666197 ], [ 4389722.834556803107262, 6523115.031497543677688 ], [ 4389764.363490724004805, 6523107.479124149307609 ], [ 4389783.409115533344448, 6523103.926796387881041 ], [ 4389838.239647384732962, 6523093.700169449672103 ], [ 4389837.206609264947474, 6523088.685497178696096 ], [ 4389827.000056785531342, 6523026.500160570256412 ], [ 4389814.499849524348974, 6522955.999971487559378 ], [ 4389781.000167704187334, 6522871.999796671792865 ], [ 4389764.499933484941721, 6522831.000187316909432 ], [ 4389767.000067423097789, 6522794.499794588424265 ], [ 4389769.000074973329902, 6522755.500192797742784 ], [ 4389755.306596118956804, 6522694.541837732307613 ] ] ] ] } },
{ "type": "Feature", "properties": { "id": 2306, "link": "140147811", "totalpobl": 487.0, "area_radio": 75312.554 }, "geometry": { "type": "MultiPolygon", "coordinates": [ [ [ [ 4389987.772576075978577, 6522694.541837732307613 ], [ 4389755.306596118956804, 6522694.541837732307613 ], [ 4389769.000074973329902, 6522755.500192797742784 ], [ 4389767.000067423097789, 6522794.499794588424265 ], [ 4389764.499933484941721, 6522831.000187316909432 ], [ 4389781.000167704187334, 6522871.999796671792865 ], [ 4389814.499849524348974, 6522955.999971487559378 ], [ 4389827.000056785531342, 6523026.500160570256412 ], [ 4389837.206609264947474, 6523088.685497178696096 ], [ 4389838.239647384732962, 6523093.700169449672103 ], [ 4389911.230696324259043, 6523080.406300009228289 ], [ 4389960.387727196328342, 6523071.558058647438884 ], [ 4389967.46864222548902, 6523070.283497432246804 ], [ 4389987.204000745899975, 6523066.557868899777532 ], [ 4389989.95741378609091, 6523060.659059051424265 ], [ 4389991.618220206350088, 6523055.191378649324179 ], [ 4389992.692859664559364, 6523048.649687035940588 ], [ 4389992.479010145179927, 6523043.783697910606861 ], [ 4389988.533849257044494, 6522997.224877751432359 ], [ 4389986.642714546993375, 6522962.545770892873406 ], [ 4389985.958196275867522, 6522955.794616007246077 ], [ 4389986.441082237288356, 6522909.089256912469864 ], [ 4389986.981712946668267, 6522855.949390440247953 ], [ 4389987.233643655665219, 6522804.496144738979638 ], [ 4389987.487886525690556, 6522752.577704081311822 ], [ 4389987.750061886385083, 6522699.061583769507706 ], [ 4389987.772576075978577, 6522694.541837732307613 ] ] ] ] } },
{ "type": "Feature", "properties": { "id": 2309, "link": "140147810", "totalpobl": 119.0, "area_radio": 15400.503 }, "geometry": { "type": "MultiPolygon", "coordinates": [ [ [ [ 4390414.017079094424844, 6522694.541837732307613 ], [ 4389987.772576075978577, 6522694.541837732307613 ], [ 4389987.750061886385083, 6522699.061583769507706 ], [ 4389987.487886525690556, 6522752.577704081311822 ], [ 4390062.499872758984566, 6522744.000226451084018 ], [ 4390184.999985428526998, 6522732.499785819090903 ], [ 4390250.499906627461314, 6522726.000087363645434 ], [ 4390309.00000296998769, 6522720.000040988437831 ], [ 4390358.999919020570815, 6522714.500109159387648 ], [ 4390415.4999959487468, 6522709.000189180485904 ], [ 4390414.017079094424844, 6522694.541837732307613 ] ] ] ] } },
{ "type": "Feature", "properties": { "id": 2365, "link": "140147313", "totalpobl": 703.0, "area_radio": 84843.099 }, "geometry": { "type": "MultiPolygon", "coordinates": [ [ [ [ 4390960.999843937344849, 6523466.499782194383442 ], [ 4391080.000056037679315, 6523454.999815857969224 ], [ 4391198.178876049816608, 6523443.500549085438251 ], [ 4391191.999968990683556, 6523381.999955276027322 ], [ 4391184.120859319344163, 6523321.790912846103311 ], [ 4391167.88220385927707, 6523205.893492046743631 ], [ 4391162.513491909019649, 6523156.83268824685365 ], [ 4391152.194488569162786, 6523085.873474644497037 ], [ 4391088.000109948217869, 6523091.499955384992063 ], [ 4391035.901301358826458, 6523097.325323134660721 ], [ 4390977.477858576923609, 6523103.418536603450775 ], [ 4390920.347022496163845, 6523109.539205354638398 ], [ 4390935.499765455722809, 6523226.499824733473361 ], [ 4390942.500052736140788, 6523290.499841067939997 ], [ 4390947.999984567053616, 6523345.500024982728064 ], [ 4390960.999843937344849, 6523466.499782194383442 ] ] ] ] } },
{ "type": "Feature", "properties": { "id": 2310, "link": "140147809", "totalpobl": 1100.0, "area_radio": 112664.316 }, "geometry": { "type": "MultiPolygon", "coordinates": [ [ [ [ 4389987.204000745899975, 6523066.557868899777532 ], [ 4390008.79990001488477, 6523061.644128610379994 ], [ 4390031.9408506648615, 6523055.903260707855225 ], [ 4390051.884326196275651, 6523050.845940330997109 ], [ 4390064.162179147824645, 6523047.515659137628973 ], [ 4390094.409422037191689, 6523038.729059760458767 ], [ 4390097.801186458207667, 6523037.804089858196676 ], [ 4390105.565064236521721, 6523035.043626931495965 ], [ 4390115.860070605762303, 6523031.527841617353261 ], [ 4390120.99899241887033, 6523029.744996810331941 ], [ 4390131.259404566138983, 6523026.129496124573052 ], [ 4390141.496217127889395, 6523022.447706990875304 ], [ 4390151.709001847542822, 6523018.699783446267247 ], [ 4390156.806250208057463, 6523016.801070168614388 ], [ 4390162.877638977952302, 6523014.401699369773269 ], [ 4390171.032634917646646, 6523011.106933348812163 ], [ 4390179.600576339289546, 6523007.464450882747769 ], [ 4390188.020675038918853, 6523004.036051161587238 ], [ 4390196.284849577583373, 6523000.451812571845949 ], [ 4390204.39309276919812, 6522997.179246688261628 ], [ 4390214.06061349902302, 6522992.348317290656269 ], [ 4390220.907252538949251, 6522988.974818840622902 ], [ 4390228.323416639119387, 6522985.600152500905097 ], [ 4390236.324750078842044, 6522982.00919848959893 ], [ 4390242.270165087655187, 6522978.818158931098878 ], [ 4390249.756987729109824, 6522975.186977890320122 ], [ 4390254.821605578996241, 6522972.656153069809079 ], [ 4390261.427623858675361, 6522969.024972029961646 ], [ 4390281.164936377666891, 6522959.397984047420323 ], [ 4390292.218135049566627, 6522954.487088879570365 ], [ 4390307.039408509619534, 6522947.127826030366123 ], [ 4390321.652859520167112, 6522939.580688622780144 ], [ 4390336.528043819591403, 6522932.101852619089186 ], [ 4390351.403220910578966, 6522924.4406080795452 ], [ 4390365.500707568600774, 6522917.116976673714817 ], [ 4390379.828342250548303, 6522909.273318550549448 ], [ 4390395.842382209375501, 6522901.213478484191 ], [ 4390410.603641331195831, 6522893.474523423239589 ], [ 4390420.991115611046553, 6522888.224852259270847 ], [ 4390430.102206722833216, 6522859.961523630656302 ], [ 4390425.500069281086326, 6522813.500174609944224 ], [ 4390415.4999959487468, 6522709.000189180485904 ], [ 4390358.999919020570815, 6522714.500109159387648 ], [ 4390309.00000296998769, 6522720.000040988437831 ], [ 4390250.499906627461314, 6522726.000087363645434 ], [ 4390184.999985428526998, 6522732.499785819090903 ], [ 4390062.499872758984566, 6522744.000226451084018 ], [ 4389987.487886525690556, 6522752.577704081311822 ], [ 4389987.233643655665219, 6522804.496144738979638 ], [ 4389986.981712946668267, 6522855.949390440247953 ], [ 4389986.441082237288356, 6522909.089256912469864 ], [ 4389985.958196275867522, 6522955.794616007246077 ], [ 4389986.642714546993375, 6522962.545770892873406 ], [ 4389988.533849257044494, 6522997.224877751432359 ], [ 4389992.479010145179927, 6523043.783697910606861 ], [ 4389992.692859664559364, 6523048.649687035940588 ], [ 4389991.618220206350088, 6523055.191378649324179 ], [ 4389989.95741378609091, 6523060.659059051424265 ], [ 4389987.204000745899975, 6523066.557868899777532 ] ] ] ] } },
{ "type": "Feature", "properties": { "id": 2312, "link": "140147808", "totalpobl": 207.0, "area_radio": 29233.385 }, "geometry": { "type": "MultiPolygon", "coordinates": [ [ [ [ 4390631.237194473855197, 6522694.541837732307613 ], [ 4390414.017079094424844, 6522694.541837732307613 ], [ 4390415.4999959487468, 6522709.000189180485904 ], [ 4390425.500069281086326, 6522813.500174609944224 ], [ 4390430.102206722833216, 6522859.961523630656302 ], [ 4390420.991115611046553, 6522888.224852259270847 ], [ 4390508.954263012856245, 6522843.039659178815782 ], [ 4390536.350527052767575, 6522829.454761560074985 ], [ 4390544.454517362639308, 6522825.136843751184642 ], [ 4390589.584080572240055, 6522800.460053909569979 ], [ 4390614.004747762344778, 6522786.949411232024431 ], [ 4390638.071818891912699, 6522773.735081823542714 ], [ 4390636.183346933685243, 6522751.85423790011555 ], [ 4390631.237194473855197, 6522694.541837732307613 ] ] ] ] } },
{ "type": "Feature", "properties": { "id": 2313, "link": "140147807", "totalpobl": 44.0, "area_radio": 6372.618 }, "geometry": { "type": "MultiPolygon", "coordinates": [ [ [ [ 4390792.304348807781935, 6522694.541837733238935 ], [ 4390631.237194473855197, 6522694.541837732307613 ], [ 4390636.183346933685243, 6522751.85423790011555 ], [ 4390638.071818891912699, 6522773.735081823542714 ], [ 4390651.590425434522331, 6522766.793729640543461 ], [ 4390719.29784114472568, 6522732.02823690418154 ], [ 4390792.304348807781935, 6522694.541837733238935 ] ] ] ] } },
{ "type": "Feature", "properties": { "id": 2314, "link": "140147806", "totalpobl": 368.0, "area_radio": 94275.342 }, "geometry": { "type": "MultiPolygon", "coordinates": [ [ [ [ 4391106.859151556156576, 6522694.541837732307613 ], [ 4390844.44194161798805, 6522694.541837732307613 ], [ 4390875.000123986043036, 6522755.999844892881811 ], [ 4390890.999781245365739, 6522786.000076723285019 ], [ 4390894.000029714778066, 6522825.49979305639863 ], [ 4390898.999835155904293, 6522872.499923054128885 ], [ 4390904.999881526455283, 6522926.000213955529034 ], [ 4390911.500054277479649, 6522988.999989367090166 ], [ 4390920.347022496163845, 6523109.539205354638398 ], [ 4390977.477858576923609, 6523103.418536603450775 ], [ 4391035.901301358826458, 6523097.325323134660721 ], [ 4391088.000109948217869, 6523091.499955384992063 ], [ 4391152.194488569162786, 6523085.873474644497037 ], [ 4391139.298014979809523, 6522967.694298385642469 ], [ 4391128.300308329053223, 6522849.697413365356624 ], [ 4391119.2722157696262, 6522789.167620124295354 ], [ 4391110.882277588360012, 6522728.018523601815104 ], [ 4391106.859151556156576, 6522694.541837732307613 ] ] ] ] } },
{ "type": "Feature", "properties": { "id": 2315, "link": "140147805", "totalpobl": 799.0, "area_radio": 93945.111 }, "geometry": { "type": "MultiPolygon", "coordinates": [ [ [ [ 4390844.44194161798805, 6522694.541837732307613 ], [ 4390792.304348807781935, 6522694.541837733238935 ], [ 4390719.29784114472568, 6522732.02823690418154 ], [ 4390651.590425434522331, 6522766.793729640543461 ], [ 4390653.156124884262681, 6522782.413840132765472 ], [ 4390664.482106673531234, 6522894.951778692193329 ], [ 4390669.684931732714176, 6522948.606201814487576 ], [ 4390675.832126404158771, 6523012.001333052292466 ], [ 4390681.500158283859491, 6523073.999942671507597 ], [ 4390685.31765307392925, 6523132.734455052763224 ], [ 4390803.329580595716834, 6523120.686578113585711 ], [ 4390920.347022496163845, 6523109.539205354638398 ], [ 4390911.500054277479649, 6522988.999989367090166 ], [ 4390904.999881526455283, 6522926.000213955529034 ], [ 4390898.999835155904293, 6522872.499923054128885 ], [ 4390894.000029714778066, 6522825.49979305639863 ], [ 4390890.999781245365739, 6522786.000076723285019 ], [ 4390875.000123986043036, 6522755.999844892881811 ], [ 4390844.44194161798805, 6522694.541837732307613 ] ] ] ] } },
{ "type": "Feature", "properties": { "id": 2316, "link": "140147804", "totalpobl": 853.0, "area_radio": 85359.553 }, "geometry": { "type": "MultiPolygon", "coordinates": [ [ [ [ 4390213.000197848305106, 6523177.000023220665753 ], [ 4390275.946053309366107, 6523171.374966938048601 ], [ 4390330.500054500065744, 6523166.499835369177163 ], [ 4390316.685392229817808, 6523047.25669461954385 ], [ 4390390.500043861567974, 6523040.00014632102102 ], [ 4390437.000047479756176, 6523035.499992970377207 ], [ 4390495.001715920865536, 6523030.898981634527445 ], [ 4390556.499911673367023, 6523023.499912103638053 ], [ 4390615.612232723273337, 6523017.999980264343321 ], [ 4390675.832126404158771, 6523012.001333052292466 ], [ 4390669.684931732714176, 6522948.606201814487576 ], [ 4390664.482106673531234, 6522894.951778692193329 ], [ 4390653.156124884262681, 6522782.413840132765472 ], [ 4390651.590425434522331, 6522766.793729640543461 ], [ 4390638.071818891912699, 6522773.735081823542714 ], [ 4390614.004747762344778, 6522786.949411232024431 ], [ 4390589.584080572240055, 6522800.460053909569979 ], [ 4390544.454517362639308, 6522825.136843751184642 ], [ 4390536.350527052767575, 6522829.454761560074985 ], [ 4390508.954263012856245, 6522843.039659178815782 ], [ 4390420.991115611046553, 6522888.224852259270847 ], [ 4390410.603641331195831, 6522893.474523423239589 ], [ 4390395.842382209375501, 6522901.213478484191 ], [ 4390379.828342250548303, 6522909.273318550549448 ], [ 4390365.500707568600774, 6522917.116976673714817 ], [ 4390351.403220910578966, 6522924.4406080795452 ], [ 4390336.528043819591403, 6522932.101852619089186 ], [ 4390321.652859520167112, 6522939.580688622780144 ], [ 4390307.039408509619534, 6522947.127826030366123 ], [ 4390292.218135049566627, 6522954.487088879570365 ], [ 4390281.164936377666891, 6522959.397984047420323 ], [ 4390261.427623858675361, 6522969.024972029961646 ], [ 4390254.821605578996241, 6522972.656153069809079 ], [ 4390249.756987729109824, 6522975.186977890320122 ], [ 4390242.270165087655187, 6522978.818158931098878 ], [ 4390236.324750078842044, 6522982.00919848959893 ], [ 4390228.323416639119387, 6522985.600152500905097 ], [ 4390220.907252538949251, 6522988.974818840622902 ], [ 4390214.06061349902302, 6522992.348317290656269 ], [ 4390204.39309276919812, 6522997.179246688261628 ], [ 4390196.284849577583373, 6523000.451812571845949 ], [ 4390198.019390347413719, 6523018.626704671420157 ], [ 4390201.990101389586926, 6523060.232671091333032 ], [ 4390207.495149618946016, 6523118.616347157396376 ], [ 4390213.000197848305106, 6523177.000023220665753 ] ] ] ] } },
{ "type": "Feature", "properties": { "id": 2317, "link": "140147803", "totalpobl": 774.0, "area_radio": 99903.835 }, "geometry": { "type": "MultiPolygon", "coordinates": [ [ [ [ 4390459.902946620248258, 6523274.074668551795185 ], [ 4390577.590241272933781, 6523261.716478301212192 ], [ 4390697.496573854237795, 6523251.002760412171483 ], [ 4390689.760902903974056, 6523191.944766494445503 ], [ 4390685.31765307392925, 6523132.734455052763224 ], [ 4390681.500158283859491, 6523073.999942671507597 ], [ 4390675.832126404158771, 6523012.001333052292466 ], [ 4390615.612232723273337, 6523017.999980264343321 ], [ 4390556.499911673367023, 6523023.499912103638053 ], [ 4390495.001715920865536, 6523030.898981634527445 ], [ 4390437.000047479756176, 6523035.499992970377207 ], [ 4390390.500043861567974, 6523040.00014632102102 ], [ 4390316.685392229817808, 6523047.25669461954385 ], [ 4390330.500054500065744, 6523166.499835369177163 ], [ 4390275.946053309366107, 6523171.374966938048601 ], [ 4390213.000197848305106, 6523177.000023220665753 ], [ 4390217.000236657448113, 6523219.499999879859388 ], [ 4390222.765112888067961, 6523298.456766191869974 ], [ 4390341.976292078383267, 6523286.38033433072269 ], [ 4390398.874311119318008, 6523280.544354160316288 ], [ 4390459.902946620248258, 6523274.074668551795185 ] ] ] ] } },
{ "type": "Feature", "properties": { "id": 2318, "link": "140147802", "totalpobl": 604.0, "area_radio": 122102.583 }, "geometry": { "type": "MultiPolygon", "coordinates": [ [ [ [ 4390222.765112888067961, 6523298.456766191869974 ], [ 4390217.000236657448113, 6523219.499999879859388 ], [ 4390213.000197848305106, 6523177.000023220665753 ], [ 4390207.495149618946016, 6523118.616347157396376 ], [ 4390201.990101389586926, 6523060.232671091333032 ], [ 4390198.019390347413719, 6523018.626704671420157 ], [ 4390196.284849577583373, 6523000.451812571845949 ], [ 4390188.020675038918853, 6523004.036051161587238 ], [ 4390179.600576339289546, 6523007.464450882747769 ], [ 4390171.032634917646646, 6523011.106933348812163 ], [ 4390162.877638977952302, 6523014.401699369773269 ], [ 4390156.806250208057463, 6523016.801070168614388 ], [ 4390151.709001847542822, 6523018.699783446267247 ], [ 4390141.496217127889395, 6523022.447706990875304 ], [ 4390131.259404566138983, 6523026.129496124573052 ], [ 4390120.99899241887033, 6523029.744996810331941 ], [ 4390115.860070605762303, 6523031.527841617353261 ], [ 4390105.565064236521721, 6523035.043626931495965 ], [ 4390097.801186458207667, 6523037.804089858196676 ], [ 4390094.409422037191689, 6523038.729059760458767 ], [ 4390064.162179147824645, 6523047.515659137628973 ], [ 4390051.884326196275651, 6523050.845940330997109 ], [ 4390031.9408506648615, 6523055.903260707855225 ], [ 4390008.79990001488477, 6523061.644128610379994 ], [ 4389987.204000745899975, 6523066.557868899777532 ], [ 4389967.46864222548902, 6523070.283497432246804 ], [ 4389960.387727196328342, 6523071.558058647438884 ], [ 4389911.230696324259043, 6523080.406300009228289 ], [ 4389838.239647384732962, 6523093.700169449672103 ], [ 4389783.409115533344448, 6523103.926796387881041 ], [ 4389764.363490724004805, 6523107.479124149307609 ], [ 4389722.834556803107262, 6523115.031497543677688 ], [ 4389724.06705042347312, 6523126.674270467832685 ], [ 4389725.639265462756157, 6523141.526227841153741 ], [ 4389734.000398731790483, 6523222.003494667820632 ], [ 4389743.019310313276947, 6523343.468632067553699 ], [ 4389864.34940570499748, 6523331.283986547030509 ], [ 4389923.834497825242579, 6523324.757044028490782 ], [ 4389983.39259257633239, 6523318.551934397779405 ], [ 4390104.000070927664638, 6523307.500201671384275 ], [ 4390222.765112888067961, 6523298.456766191869974 ] ] ] ] } },
{ "type": "Feature", "properties": { "id": 2319, "link": "140147801", "totalpobl": 1089.0, "area_radio": 158740.997 }, "geometry": { "type": "MultiPolygon", "coordinates": [ [ [ [ 4389743.019310313276947, 6523343.468632067553699 ], [ 4389734.000398731790483, 6523222.003494667820632 ], [ 4389725.639265462756157, 6523141.526227841153741 ], [ 4389724.06705042347312, 6523126.674270467832685 ], [ 4389722.834556803107262, 6523115.031497543677688 ], [ 4389691.560442692600191, 6523120.718948792666197 ], [ 4389653.750493060797453, 6523127.556961227208376 ], [ 4389608.450074042193592, 6523135.531596384011209 ], [ 4389588.963539601303637, 6523138.976323686540127 ], [ 4389547.044044851325452, 6523146.427927643992007 ], [ 4389531.177546910010278, 6523149.241954058408737 ], [ 4389484.929643140174448, 6523158.058319009840488 ], [ 4389430.174215570092201, 6523168.388555788435042 ], [ 4389364.278009529225528, 6523179.540101266466081 ], [ 4389358.812551069073379, 6523180.465015044435859 ], [ 4389324.998564629815519, 6523186.393350784666836 ], [ 4389246.171885908581316, 6523201.060285377316177 ], [ 4389232.786031906493008, 6523203.513824936933815 ], [ 4389164.710028046742082, 6523215.991711555980146 ], [ 4389079.973749287426472, 6523230.365398444235325 ], [ 4389069.048556107096374, 6523232.142875446006656 ], [ 4388995.647721585817635, 6523244.361315875314176 ], [ 4388955.472570145502687, 6523250.553852985613048 ], [ 4388893.104826354421675, 6523259.910634323954582 ], [ 4388842.327808593399823, 6523267.823350672610104 ], [ 4388849.394266833551228, 6523281.908611053600907 ], [ 4388856.460725072771311, 6523295.993871433660388 ], [ 4388915.877790254540741, 6523338.054489634931087 ], [ 4388993.165311244316399, 6523388.040126726031303 ], [ 4389001.762374504469335, 6523390.527400817722082 ], [ 4389017.929016714915633, 6523395.204680614173412 ], [ 4389110.229494496248662, 6523398.794385864399374 ], [ 4389152.593524404801428, 6523396.501581086777151 ], [ 4389194.438619417138398, 6523394.75339637696743 ], [ 4389200.499820018187165, 6523394.500174387358129 ], [ 4389250.757257758639753, 6523391.069557754322886 ], [ 4389289.499800289049745, 6523387.497115566395223 ], [ 4389389.247520199045539, 6523379.098409356549382 ], [ 4389453.7501136707142, 6523371.497398688457906 ], [ 4389507.972037420608103, 6523365.505754044279456 ], [ 4389564.835152861662209, 6523360.304249883629382 ], [ 4389625.216171490959823, 6523356.613925796933472 ], [ 4389743.019310313276947, 6523343.468632067553699 ] ] ] ] } },
{ "type": "Feature", "properties": { "id": 2321, "link": "140147601", "totalpobl": 664.0, "area_radio": 61315.253 }, "geometry": { "type": "MultiPolygon", "coordinates": [ [ [ [ 4393014.899673279374838, 6522694.541837732307613 ], [ 4392835.53559853695333, 6522694.541837732307613 ], [ 4392832.77708222810179, 6522785.797519563697278 ], [ 4392830.404532158747315, 6522864.29962414316833 ], [ 4392829.131883078254759, 6522906.398197763599455 ], [ 4392824.401018259115517, 6523034.506280491128564 ], [ 4392878.787808888591826, 6523036.100699405185878 ], [ 4392941.577436159364879, 6523036.757365153171122 ], [ 4392985.756668769754469, 6523038.75577977579087 ], [ 4393004.069187839515507, 6523039.019336605444551 ], [ 4393008.499955310486257, 6522910.999860915355384 ], [ 4393011.500215639360249, 6522792.000123104080558 ], [ 4393014.899673279374838, 6522694.541837732307613 ] ] ] ] } },
{ "type": "Feature", "properties": { "id": 2322, "link": "140147519", "totalpobl": 1969.0, "area_radio": 534469.74 }, "geometry": { "type": "MultiPolygon", "coordinates": [ [ [ [ 4393715.058711977675557, 6524593.521655189804733 ], [ 4393871.898058449849486, 6524459.220836739987135 ], [ 4393968.845289211720228, 6524378.367054377682507 ], [ 4394103.394344633445144, 6524267.307714262977242 ], [ 4394220.708792643621564, 6524155.681786225177348 ], [ 4394309.667002134956419, 6524040.990204683504999 ], [ 4394383.258613136596978, 6523915.21539512462914 ], [ 4394442.225988185033202, 6523807.034680431708694 ], [ 4394480.818496546708047, 6523685.07324502337724 ], [ 4394446.587517607025802, 6523683.830993925221264 ], [ 4394423.12171867582947, 6523675.863742602989078 ], [ 4394394.507321747019887, 6523661.989701452665031 ], [ 4394383.526841166429222, 6523653.571473652496934 ], [ 4394372.75017174705863, 6523670.505756301805377 ], [ 4394349.475412887521088, 6523695.3780507594347 ], [ 4394336.660600065253675, 6523701.456844391301274 ], [ 4394316.790955645032227, 6523708.62432989384979 ], [ 4394295.844956685788929, 6523711.074861104600132 ], [ 4394274.018082945607603, 6523712.125147512182593 ], [ 4394167.266214673407376, 6523709.401249520480633 ], [ 4394123.199481072835624, 6523707.019430503249168 ], [ 4394062.380972953513265, 6523705.951780462637544 ], [ 4393982.060800101608038, 6523702.292507503181696 ], [ 4393916.013262841850519, 6523700.100184089504182 ], [ 4393881.478433839976788, 6523698.785136873833835 ], [ 4393822.475424651056528, 6523696.727384576573968 ], [ 4393773.829396118409932, 6523694.325919129885733 ], [ 4393708.722617527469993, 6523692.738149299286306 ], [ 4393669.825541676953435, 6523691.38844061922282 ], [ 4393575.944707806222141, 6523688.433626557700336 ], [ 4393575.433622825890779, 6523712.147056958638132 ], [ 4393575.40817460604012, 6523728.330681441351771 ], [ 4393574.618814695626497, 6523734.982387476600707 ], [ 4393573.075619045644999, 6523818.942057987675071 ], [ 4393572.477672755718231, 6523868.66233295109123 ], [ 4393571.939623995684087, 6523913.402023016475141 ], [ 4393571.397369476035237, 6523958.491430507972836 ], [ 4393570.844170096330345, 6523992.996463719755411 ], [ 4393570.132285316474736, 6524041.73141417093575 ], [ 4393569.493085916154087, 6524095.413773280568421 ], [ 4393568.906081035733223, 6524144.712641716003418 ], [ 4393567.957300515845418, 6524197.456583200953901 ], [ 4393567.071055767126381, 6524246.724125516600907 ], [ 4393566.093022765591741, 6524301.094274798408151 ], [ 4393565.909437165595591, 6524311.500173907727003 ], [ 4393565.670455645769835, 6524360.307391178794205 ], [ 4393568.82862260658294, 6524472.540786539204419 ], [ 4393568.507891155779362, 6524529.217075358144939 ], [ 4393681.341458638198674, 6524532.780093517154455 ], [ 4393673.34838402736932, 6524544.747381889261305 ], [ 4393715.058711977675557, 6524593.521655189804733 ] ] ] ] } },
{ "type": "Feature", "properties": { "id": 2323, "link": "140147518", "totalpobl": 1416.0, "area_radio": 612353.654 }, "geometry": { "type": "MultiPolygon", "coordinates": [ [ [ [ 4393129.929798641242087, 6525343.960450417362154 ], [ 4393147.147616742178798, 6525320.075851575471461 ], [ 4393331.744671413674951, 6525051.997307267971337 ], [ 4393401.810816304758191, 6524946.243682168424129 ], [ 4393514.380250357091427, 6524799.809804957360029 ], [ 4393605.783117758110166, 6524699.919532568193972 ], [ 4393715.058711977675557, 6524593.521655189804733 ], [ 4393673.34838402736932, 6524544.747381889261305 ], [ 4393681.341458638198674, 6524532.780093517154455 ], [ 4393568.507891155779362, 6524529.217075358144939 ], [ 4393568.82862260658294, 6524472.540786539204419 ], [ 4393531.773392985574901, 6524473.724666560068727 ], [ 4393498.947234096936882, 6524473.406058019958436 ], [ 4393441.766364204697311, 6524472.606118868105114 ], [ 4393441.342737315222621, 6524428.750841278582811 ], [ 4393378.426521104760468, 6524448.421935339458287 ], [ 4393342.946858604438603, 6524451.910547814331949 ], [ 4393307.567774493247271, 6524476.746593997813761 ], [ 4393250.451436223462224, 6524509.167855348438025 ], [ 4393218.503630102612078, 6524530.397199186496437 ], [ 4393181.147587073035538, 6524555.220320967026055 ], [ 4393170.246109462343156, 6524566.536564646288753 ], [ 4393120.442240769974887, 6524616.716871284879744 ], [ 4393108.348828980699182, 6524628.901606175117195 ], [ 4393054.581191890873015, 6524645.34226634260267 ], [ 4393040.536050980910659, 6524651.180754775181413 ], [ 4392999.742733830586076, 6524666.796699994243681 ], [ 4392958.308651609346271, 6524682.658066302537918 ], [ 4392935.257958098314703, 6524691.482340454123914 ], [ 4392895.907714097760618, 6524706.545548722147942 ], [ 4392859.724893748760223, 6524720.396650962531567 ], [ 4392821.524837279692292, 6524735.824943552725017 ], [ 4392773.495290697552264, 6524751.313861531205475 ], [ 4392722.847027807496488, 6524759.263997152447701 ], [ 4392658.963888266123831, 6524766.852415231056511 ], [ 4392545.161894344724715, 6524773.657315910793841 ], [ 4392543.924458594992757, 6524780.934110033325851 ], [ 4392537.195551753975451, 6524795.360563613474369 ], [ 4392523.784865153953433, 6524808.439897190779448 ], [ 4392463.010998654179275, 6524833.920724262483418 ], [ 4392432.863900233060122, 6524848.760920271277428 ], [ 4392409.585223464295268, 6524862.062501700595021 ], [ 4392400.89191070292145, 6524868.578390192240477 ], [ 4392399.896176203154027, 6524869.57390839420259 ], [ 4392376.023744914680719, 6524898.23405279032886 ], [ 4392360.136787002906203, 6524925.377458649687469 ], [ 4392343.135666613467038, 6524964.911190262064338 ], [ 4392345.830169481225312, 6524977.093771514482796 ], [ 4392374.07346673309803, 6525020.977264682762325 ], [ 4392388.807422732934356, 6525075.412364728748798 ], [ 4392397.339877191931009, 6525109.405809542164207 ], [ 4392402.037105932831764, 6525126.105058701708913 ], [ 4392406.729882043786347, 6525139.037766860798001 ], [ 4392412.546297094784677, 6525154.461729530245066 ], [ 4392401.620219713076949, 6525169.589113109745085 ], [ 4392419.948981163091958, 6525226.897999859414995 ], [ 4392417.315823602490127, 6525241.939686321653426 ], [ 4392424.843749593012035, 6525248.558027012273669 ], [ 4392445.290343473665416, 6525247.055608331225812 ], [ 4392466.719277863390744, 6525265.322484120726585 ], [ 4392467.1636618738994, 6525277.161552763544023 ], [ 4392470.126217603683472, 6525281.897185633890331 ], [ 4392475.014415713958442, 6525283.969019083306193 ], [ 4392488.844395553693175, 6525287.291337452828884 ], [ 4392499.939556653611362, 6525288.564194261096418 ], [ 4392513.302263285033405, 6525292.462119543924928 ], [ 4392516.030743333511055, 6525280.045772053301334 ], [ 4392519.076204444281757, 6525261.787676822394133 ], [ 4392522.381707403808832, 6525239.501881641335785 ], [ 4392525.851812455803156, 6525230.353495820425451 ], [ 4392535.630691015161574, 6525224.675226856954396 ], [ 4392556.451344875618815, 6525207.325149944983423 ], [ 4392563.391094845719635, 6525202.593563901260495 ], [ 4392573.485703495331109, 6525197.546271379105747 ], [ 4392579.479690756648779, 6525192.183248771354556 ], [ 4392602.192318354733288, 6525175.779394692741334 ], [ 4392610.394481346942484, 6525170.732090375386178 ], [ 4392618.596172435209155, 6525166.315762502141297 ], [ 4392636.892932276241481, 6525158.744575962424278 ], [ 4392651.403868794441223, 6525154.643954573199153 ], [ 4392657.713114225305617, 6525154.012989921495318 ], [ 4392692.413268036209047, 6525153.06676709651947 ], [ 4392709.448086767457426, 6525153.697731755673885 ], [ 4392715.44161391723901, 6525154.643954573199153 ], [ 4392727.113881956785917, 6525157.483094964176416 ], [ 4392741.364037496969104, 6525159.894199923612177 ], [ 4392759.847340327687562, 6525162.251481011509895 ], [ 4392771.923321977257729, 6525164.466676296666265 ], [ 4392792.304530996829271, 6525168.426578584127128 ], [ 4392809.978621589019895, 6525170.514664984308183 ], [ 4392824.709227806888521, 6525171.829171353019774 ], [ 4392841.575131228193641, 6525176.324650154449046 ], [ 4392857.587729329243302, 6525182.792715156450868 ], [ 4392874.063240018673241, 6525191.46552265342325 ], [ 4392890.20522069837898, 6525201.31237802375108 ], [ 4392928.060233170166612, 6525226.56814441550523 ], [ 4392944.779333629645407, 6525234.770295605063438 ], [ 4392967.808139620348811, 6525244.549185974523425 ], [ 4392987.366380460560322, 6525254.643794614821672 ], [ 4393045.410598430782557, 6525291.552572477608919 ], [ 4393070.962366421706975, 6525306.69447364564985 ], [ 4393129.929798641242087, 6525343.960450417362154 ] ] ] ] } },
{ "type": "Feature", "properties": { "id": 2324, "link": "140147517", "totalpobl": 1120.0, "area_radio": 139638.027 }, "geometry": { "type": "MultiPolygon", "coordinates": [ [ [ [ 4392764.92471250705421, 6523359.819122892804444 ], [ 4392777.208536997437477, 6523356.596088535152376 ], [ 4392805.508169828914106, 6523355.887825763784349 ], [ 4392817.276614639908075, 6523355.549471847712994 ], [ 4392877.524574398063123, 6523356.317808932624757 ], [ 4392984.441918400116265, 6523355.594979921355844 ], [ 4393089.499869811348617, 6523357.500117725692689 ], [ 4393134.499980413354933, 6523357.999781675636768 ], [ 4393197.50023010186851, 6523359.500137122347951 ], [ 4393197.999882202595472, 6523308.499980169348419 ], [ 4393197.999882203526795, 6523254.500037167221308 ], [ 4393198.500008593313396, 6523207.499907165765762 ], [ 4393198.500008593313396, 6523150.000051735900342 ], [ 4393196.78781898226589, 6523043.86651395726949 ], [ 4393088.576449290849268, 6523040.235579204745591 ], [ 4393004.069187839515507, 6523039.019336605444551 ], [ 4392985.756668769754469, 6523038.75577977579087 ], [ 4392941.577436159364879, 6523036.757365153171122 ], [ 4392878.787808888591826, 6523036.100699405185878 ], [ 4392824.401018259115517, 6523034.506280491128564 ], [ 4392795.013239038176835, 6523033.76341266464442 ], [ 4392757.578320737928152, 6523004.510487284511328 ], [ 4392758.048713818192482, 6523106.114696200937033 ], [ 4392760.141782827675343, 6523148.772337952628732 ], [ 4392762.525639747269452, 6523254.90364945307374 ], [ 4392764.92471250705421, 6523359.819122892804444 ] ] ] ] } },
{ "type": "Feature", "properties": { "id": 2328, "link": "140147513", "totalpobl": 1738.0, "area_radio": 172618.612 }, "geometry": { "type": "MultiPolygon", "coordinates": [ [ [ [ 4394480.818496546708047, 6523685.07324502337724 ], [ 4394498.160206437110901, 6523648.217562502250075 ], [ 4394512.656339667737484, 6523596.622047552838922 ], [ 4394523.484495248645544, 6523525.594005453400314 ], [ 4394526.874517058953643, 6523408.503969632089138 ], [ 4394512.118638138286769, 6523408.340166864916682 ], [ 4394489.819303237833083, 6523407.651818914338946 ], [ 4394384.000067234970629, 6523401.499987401999533 ], [ 4394278.499852735549212, 6523398.500201360322535 ], [ 4394229.500177613459527, 6523396.999845911748707 ], [ 4394173.999867304228246, 6523393.499933488667011 ], [ 4394118.500031294301152, 6523391.499914083629847 ], [ 4394069.499881881289184, 6523390.000021062791348 ], [ 4393970.94500823225826, 6523386.758086532354355 ], [ 4393952.569077731110156, 6523490.735132248140872 ], [ 4393933.674404981546104, 6523595.769689339213073 ], [ 4393916.013262841850519, 6523700.100184089504182 ], [ 4393982.060800101608038, 6523702.292507503181696 ], [ 4394062.380972953513265, 6523705.951780462637544 ], [ 4394123.199481072835624, 6523707.019430503249168 ], [ 4394167.266214673407376, 6523709.401249520480633 ], [ 4394274.018082945607603, 6523712.125147512182593 ], [ 4394295.844956685788929, 6523711.074861104600132 ], [ 4394316.790955645032227, 6523708.62432989384979 ], [ 4394336.660600065253675, 6523701.456844391301274 ], [ 4394349.475412887521088, 6523695.3780507594347 ], [ 4394372.75017174705863, 6523670.505756301805377 ], [ 4394383.526841166429222, 6523653.571473652496934 ], [ 4394394.507321747019887, 6523661.989701452665031 ], [ 4394423.12171867582947, 6523675.863742602989078 ], [ 4394446.587517607025802, 6523683.830993925221264 ], [ 4394480.818496546708047, 6523685.07324502337724 ] ] ] ] } },
{ "type": "Feature", "properties": { "id": 2331, "link": "140147509", "totalpobl": 1363.0, "area_radio": 144681.852 }, "geometry": { "type": "MultiPolygon", "coordinates": [ [ [ [ 4392766.030893176794052, 6524094.413081894628704 ], [ 4392791.330522157251835, 6524094.285711003467441 ], [ 4392858.145064857788384, 6524093.566453932784498 ], [ 4392871.833492049016058, 6524093.402821151539683 ], [ 4392935.92244950029999, 6524093.081039467826486 ], [ 4392936.361459250561893, 6523987.1040581734851 ], [ 4392942.580493698827922, 6523985.443212765268981 ], [ 4392949.271910819225013, 6523982.750956763513386 ], [ 4392955.564261069521308, 6523979.225388215854764 ], [ 4392960.561598879285157, 6523975.583725151605904 ], [ 4392965.129482619464397, 6523971.416047965176404 ], [ 4392969.212822860106826, 6523966.77261954639107 ], [ 4392972.762373810634017, 6523961.709440406411886 ], [ 4392975.281487469561398, 6523957.213399885222316 ], [ 4392979.029197789728642, 6523952.500229636207223 ], [ 4393085.550129401497543, 6523953.411066995002329 ], [ 4393192.344430852681398, 6523954.594774937257171 ], [ 4393192.928364193066955, 6523903.419534013606608 ], [ 4393193.758643481880426, 6523812.334790666587651 ], [ 4393195.189622242003679, 6523672.175398885272443 ], [ 4393088.398581521585584, 6523672.742222235538065 ], [ 4392982.940809590741992, 6523671.471317096613348 ], [ 4392874.517567297443748, 6523671.063865944743156 ], [ 4392766.814151277765632, 6523672.438242628239095 ], [ 4392766.289491527713835, 6523715.976313650608063 ], [ 4392766.243543277494609, 6523718.200085054151714 ], [ 4392767.609223147854209, 6523775.451276903040707 ], [ 4392767.627556338906288, 6523776.219829523935914 ], [ 4392767.93583457544446, 6523836.430030434392393 ], [ 4392767.951690396293998, 6523837.584947976283729 ], [ 4392767.30905659776181, 6523882.814147032797337 ], [ 4392767.583531466312706, 6523893.670292694121599 ], [ 4392767.656765226274729, 6523896.566865221597254 ], [ 4392766.919650776311755, 6523954.906273784115911 ], [ 4392766.916121087037027, 6523955.406427272595465 ], [ 4392767.066818717867136, 6523987.383098135702312 ], [ 4392766.527387046255171, 6524025.364487864077091 ], [ 4392766.514566446654499, 6524026.267186611890793 ], [ 4392766.030893176794052, 6524094.413081894628704 ] ] ] ] } },
{ "type": "Feature", "properties": { "id": 2333, "link": "140147507", "totalpobl": 1442.0, "area_radio": 128200.006 }, "geometry": { "type": "MultiPolygon", "coordinates": [ [ [ [ 4393568.82862260658294, 6524472.540786539204419 ], [ 4393565.670455645769835, 6524360.307391178794205 ], [ 4393565.909437165595591, 6524311.500173907727003 ], [ 4393566.093022765591741, 6524301.094274798408151 ], [ 4393567.071055767126381, 6524246.724125516600907 ], [ 4393567.957300515845418, 6524197.456583200953901 ], [ 4393568.906081035733223, 6524144.712641716003418 ], [ 4393569.493085916154087, 6524095.413773280568421 ], [ 4393570.132285316474736, 6524041.73141417093575 ], [ 4393570.844170096330345, 6523992.996463719755411 ], [ 4393571.397369476035237, 6523958.491430507972836 ], [ 4393511.00016787648201, 6523956.50025637820363 ], [ 4393447.49981031473726, 6523956.000142067670822 ], [ 4393380.67673924472183, 6523954.517651434056461 ], [ 4393317.999872794374824, 6523954.999901146627963 ], [ 4393318.29125252366066, 6523988.370113799348474 ], [ 4393317.823033964261413, 6524037.886325728148222 ], [ 4393315.999853383749723, 6524140.499801074154675 ], [ 4393312.289150834083557, 6524296.960415714420378 ], [ 4393307.336255063302815, 6524452.999967018142343 ], [ 4393307.567774493247271, 6524476.746593997813761 ], [ 4393342.946858604438603, 6524451.910547814331949 ], [ 4393378.426521104760468, 6524448.421935339458287 ], [ 4393441.342737315222621, 6524428.750841278582811 ], [ 4393441.766364204697311, 6524472.606118868105114 ], [ 4393498.947234096936882, 6524473.406058019958436 ], [ 4393531.773392985574901, 6524473.724666560068727 ], [ 4393568.82862260658294, 6524472.540786539204419 ] ] ] ] } },
{ "type": "Feature", "properties": { "id": 2334, "link": "140147506", "totalpobl": 1306.0, "area_radio": 458850.934 }, "geometry": { "type": "MultiPolygon", "coordinates": [ [ [ [ 4392545.161894344724715, 6524773.657315910793841 ], [ 4392658.963888266123831, 6524766.852415231056511 ], [ 4392722.847027807496488, 6524759.263997152447701 ], [ 4392773.495290697552264, 6524751.313861531205475 ], [ 4392821.524837279692292, 6524735.824943552725017 ], [ 4392859.724893748760223, 6524720.396650962531567 ], [ 4392895.907714097760618, 6524706.545548722147942 ], [ 4392935.257958098314703, 6524691.482340454123914 ], [ 4392958.308651609346271, 6524682.658066302537918 ], [ 4392999.742733830586076, 6524666.796699994243681 ], [ 4393040.536050980910659, 6524651.180754775181413 ], [ 4393054.581191890873015, 6524645.34226634260267 ], [ 4393108.348828980699182, 6524628.901606175117195 ], [ 4393120.442240769974887, 6524616.716871284879744 ], [ 4393170.246109462343156, 6524566.536564646288753 ], [ 4393181.147587073035538, 6524555.220320967026055 ], [ 4393218.503630102612078, 6524530.397199186496437 ], [ 4393250.451436223462224, 6524509.167855348438025 ], [ 4393307.567774493247271, 6524476.746593997813761 ], [ 4393307.336255063302815, 6524452.999967018142343 ], [ 4393312.289150834083557, 6524296.960415714420378 ], [ 4393315.999853383749723, 6524140.499801074154675 ], [ 4393317.823033964261413, 6524037.886325728148222 ], [ 4393318.29125252366066, 6523988.370113799348474 ], [ 4393317.999872794374824, 6523954.999901146627963 ], [ 4393255.398109252564609, 6523954.010604456067085 ], [ 4393192.344430852681398, 6523954.594774937257171 ], [ 4393085.550129401497543, 6523953.411066995002329 ], [ 4392979.029197789728642, 6523952.500229636207223 ], [ 4392975.281487469561398, 6523957.213399885222316 ], [ 4392972.762373810634017, 6523961.709440406411886 ], [ 4392969.212822860106826, 6523966.77261954639107 ], [ 4392965.129482619464397, 6523971.416047965176404 ], [ 4392960.561598879285157, 6523975.583725151605904 ], [ 4392955.564261069521308, 6523979.225388215854764 ], [ 4392949.271910819225013, 6523982.750956763513386 ], [ 4392942.580493698827922, 6523985.443212765268981 ], [ 4392936.361459250561893, 6523987.1040581734851 ], [ 4392935.92244950029999, 6524093.081039467826486 ], [ 4392871.833492049016058, 6524093.402821151539683 ], [ 4392858.145064857788384, 6524093.566453932784498 ], [ 4392791.330522157251835, 6524094.285711003467441 ], [ 4392790.23144197743386, 6524132.500209592282772 ], [ 4392790.096988837234676, 6524170.786524402908981 ], [ 4392791.179386246949434, 6524230.864907941780984 ], [ 4392792.773993456736207, 6524296.483571172691882 ], [ 4392705.83643582649529, 6524336.011741692200303 ], [ 4392652.74009121581912, 6524361.841384285129607 ], [ 4392617.060382175259292, 6524380.22975336201489 ], [ 4392594.744837515056133, 6524390.762127161026001 ], [ 4392507.44114167522639, 6524429.764997104182839 ], [ 4392452.530136835761368, 6524455.8451141808182 ], [ 4392396.865329382941127, 6524480.968343340791762 ], [ 4392449.500121586024761, 6524585.999816963449121 ], [ 4392475.486338664777577, 6524639.842117412015796 ], [ 4392494.944241324439645, 6524677.143549361266196 ], [ 4392504.499843074008822, 6524694.49982934165746 ], [ 4392527.000135513953865, 6524736.500142044387758 ], [ 4392545.161894344724715, 6524773.657315910793841 ] ] ] ] } },
{ "type": "Feature", "properties": { "id": 2337, "link": "140147503", "totalpobl": 1042.0, "area_radio": 95572.239 }, "geometry": { "type": "MultiPolygon", "coordinates": [ [ [ [ 4392144.613570171408355, 6524609.896967461332679 ], [ 4392201.500098350457847, 6524583.000030922703445 ], [ 4392267.312351020984352, 6524547.750517386011779 ], [ 4392291.499845252372324, 6524595.499775750562549 ], [ 4392320.999962555244565, 6524652.499967219308019 ], [ 4392391.500151624903083, 6524614.000029368326068 ], [ 4392449.500121586024761, 6524585.999816963449121 ], [ 4392396.865329382941127, 6524480.968343340791762 ], [ 4392396.499957071617246, 6524471.50022064242512 ], [ 4392349.499827071093023, 6524376.50019400101155 ], [ 4392318.504275913350284, 6524317.313355692662299 ], [ 4392300.410274092108011, 6524280.223332681693137 ], [ 4392292.16908070165664, 6524264.157320061698556 ], [ 4392248.999880451709032, 6524179.999979830347002 ], [ 4392208.000259251333773, 6524104.499985310249031 ], [ 4392207.054601520299911, 6524097.290077657438815 ], [ 4392143.270063770003617, 6524097.336114523001015 ], [ 4392137.75473466143012, 6524094.796297891996801 ], [ 4392141.510022209957242, 6524197.577312909066677 ], [ 4392142.144236801192164, 6524233.896077590994537 ], [ 4392141.378275929950178, 6524323.482809287495911 ], [ 4392143.766809000633657, 6524385.038416582159698 ], [ 4392145.92161448020488, 6524440.570559469051659 ], [ 4392145.875549861229956, 6524475.561632951721549 ], [ 4392143.739966050721705, 6524502.452106329612434 ], [ 4392143.505738199688494, 6524561.364932871423662 ], [ 4392144.613570171408355, 6524609.896967461332679 ] ] ] ] } },
{ "type": "Feature", "properties": { "id": 2338, "link": "140147502", "totalpobl": 1032.0, "area_radio": 58567.808 }, "geometry": { "type": "MultiPolygon", "coordinates": [ [ [ [ 4392145.927094009704888, 6524731.248548628762364 ], [ 4392291.00019315071404, 6524762.499884482473135 ], [ 4392382.837918472476304, 6524782.921461031772196 ], [ 4392387.930923863314092, 6524782.625761093571782 ], [ 4392545.161894344724715, 6524773.657315910793841 ], [ 4392527.000135513953865, 6524736.500142044387758 ], [ 4392504.499843074008822, 6524694.49982934165746 ], [ 4392494.944241324439645, 6524677.143549361266196 ], [ 4392475.486338664777577, 6524639.842117412015796 ], [ 4392449.500121586024761, 6524585.999816963449121 ], [ 4392391.500151624903083, 6524614.000029368326068 ], [ 4392320.999962555244565, 6524652.499967219308019 ], [ 4392291.499845252372324, 6524595.499775750562549 ], [ 4392267.312351020984352, 6524547.750517386011779 ], [ 4392201.500098350457847, 6524583.000030922703445 ], [ 4392144.613570171408355, 6524609.896967461332679 ], [ 4392145.239901780150831, 6524678.766857668757439 ], [ 4392145.927094009704888, 6524731.248548628762364 ] ] ] ] } },
{ "type": "Feature", "properties": { "id": 3607, "link": "140140704", "totalpobl": 1084.0, "area_radio": 1133719.588 }, "geometry": { "type": "MultiPolygon", "coordinates": [ [ [ [ 4395629.514578091911972, 6528303.296636451035738 ], [ 4395639.064794150181115, 6528269.797609501518309 ], [ 4395801.921465733088553, 6528316.068903972394764 ], [ 4395836.24104250408709, 6528324.727336859330535 ], [ 4395831.381218274123967, 6528288.668773462995887 ], [ 4395818.324409684166312, 6528226.001325790770352 ], [ 4395762.79150340333581, 6527947.953790751285851 ], [ 4395737.979724883101881, 6527823.597752180881798 ], [ 4395715.729395353235304, 6527698.685519061051309 ], [ 4395655.96473647095263, 6527710.189371591433883 ], [ 4395595.017207629978657, 6527721.021019311621785 ], [ 4395585.781086060218513, 6527673.225660011172295 ], [ 4395576.614279631525278, 6527623.956854618154466 ], [ 4395566.445274830795825, 6527574.031764308921993 ], [ 4395559.926024170592427, 6527540.079005608335137 ], [ 4395557.030127129517496, 6527523.69243285804987 ], [ 4395551.044953649863601, 6527492.271019011735916 ], [ 4395547.878956940025091, 6527476.363049250096083 ], [ 4395541.603760031051934, 6527444.287477581761777 ], [ 4395536.959163160994649, 6527421.404412668198347 ], [ 4395531.876625561155379, 6527394.309210847131908 ], [ 4395520.921536801382899, 6527343.620113908313215 ], [ 4395511.58447572030127, 6527295.698718588799238 ], [ 4395505.369668680243194, 6527263.801934123039246 ], [ 4395502.171844869852066, 6527246.144957920536399 ], [ 4395373.529029027558863, 6527273.388621680438519 ], [ 4395361.066597137600183, 6527276.17960343696177 ], [ 4395261.286149435676634, 6527298.525596001185477 ], [ 4395210.644349326379597, 6527309.619580165483057 ], [ 4395191.173739426769316, 6527313.884962470270693 ], [ 4395155.685247185640037, 6527321.440687054768205 ], [ 4395120.196948716416955, 6527328.996370407752693 ], [ 4395050.377317602746189, 6527344.134208118543029 ], [ 4394850.25807992182672, 6527387.263197087682784 ], [ 4394749.261559261009097, 6527407.63476843573153 ], [ 4394715.651040678843856, 6527415.741672554984689 ], [ 4394702.799862310290337, 6527423.357145822606981 ], [ 4394697.868298639543355, 6527432.96024707518518 ], [ 4394693.722359330393374, 6527432.960247076116502 ], [ 4394611.786645248532295, 6527430.658242833800614 ], [ 4394546.397183967754245, 6527425.795423684641719 ], [ 4394538.104185418225825, 6527372.065774895250797 ], [ 4394528.453911757096648, 6527301.916270054876804 ], [ 4394518.10520008765161, 6527229.751830785535276 ], [ 4394501.943823788315058, 6527119.520997150801122 ], [ 4394288.830877586267889, 6527148.482145763002336 ], [ 4394248.289687614887953, 6527154.886742969974875 ], [ 4394244.835079194046557, 6527156.974059222266078 ], [ 4394258.19004023540765, 6527267.448359499685466 ], [ 4394266.339712095446885, 6527337.60160817950964 ], [ 4394274.469093444757164, 6527407.394935242831707 ], [ 4394303.372220964170992, 6527629.3668795786798 ], [ 4394320.019127176143229, 6527793.718483461998403 ], [ 4394332.988765266723931, 6527903.922195442020893 ], [ 4394324.015556805767119, 6527935.580486151389778 ], [ 4394342.305589525960386, 6527940.393184742890298 ], [ 4394589.958624088205397, 6528010.959242493845522 ], [ 4394617.999509958550334, 6528018.878037355840206 ], [ 4394875.363180731423199, 6528091.557984815910459 ], [ 4394883.569770392030478, 6528093.875539986416698 ], [ 4395465.576266668736935, 6528256.559568631462753 ], [ 4395514.918823281303048, 6528270.626606365665793 ], [ 4395629.514578091911972, 6528303.296636451035738 ] ] ] ] } },
{ "type": "Feature", "properties": { "id": 3782, "link": "140145113", "totalpobl": 988.0, "area_radio": 149700.909 }, "geometry": { "type": "MultiPolygon", "coordinates": [ [ [ [ 4392869.784800147637725, 6527501.501832423731685 ], [ 4392869.274129878729582, 6527478.441539695486426 ], [ 4392869.115024818107486, 6527473.523191511631012 ], [ 4392867.689565658569336, 6527409.696877802722156 ], [ 4392862.236908628605306, 6527317.002692422829568 ], [ 4392840.252346698194742, 6527125.95349898096174 ], [ 4392837.821988347917795, 6527113.510963293723762 ], [ 4392806.591311597265303, 6526953.621451751329005 ], [ 4392793.324854127131402, 6526885.127684981562197 ], [ 4392792.592164948582649, 6526880.22255792375654 ], [ 4392756.172893735580146, 6526881.309611945413053 ], [ 4392717.939424226991832, 6526883.219061161391437 ], [ 4392699.207729197107255, 6526883.004042034968734 ], [ 4392642.063638304360211, 6526882.376331769861281 ], [ 4392583.522563345730305, 6526880.665024220943451 ], [ 4392581.999845145270228, 6527052.500087245367467 ], [ 4392581.500193044543266, 6527225.376381642185152 ], [ 4392579.985395484603941, 6527389.287288914434612 ], [ 4392579.605237535201013, 6527420.292905772104859 ], [ 4392838.721261629834771, 6527493.031363825313747 ], [ 4392842.015886908397079, 6527493.929748913273215 ], [ 4392860.521959908306599, 6527498.97602238599211 ], [ 4392869.784800147637725, 6527501.501832423731685 ] ] ] ] } },
{ "type": "Feature", "properties": { "id": 3783, "link": "140145112", "totalpobl": 1115.0, "area_radio": 131519.551 }, "geometry": { "type": "MultiPolygon", "coordinates": [ [ [ [ 4392579.605237535201013, 6527420.292905772104859 ], [ 4392579.985395484603941, 6527389.287288914434612 ], [ 4392581.500193044543266, 6527225.376381642185152 ], [ 4392581.999845145270228, 6527052.500087245367467 ], [ 4392583.522563345730305, 6526880.665024220943451 ], [ 4392583.999864555895329, 6526795.500231603160501 ], [ 4392584.744925884529948, 6526714.455141032114625 ], [ 4392583.881320235319436, 6526709.339918931014836 ], [ 4392527.043438144959509, 6526705.805488402955234 ], [ 4392526.003155333921313, 6526878.965822912752628 ], [ 4392464.500000355765224, 6526876.99979820009321 ], [ 4392401.620824903249741, 6526875.170214710757136 ], [ 4392349.71030487306416, 6526873.671720852144063 ], [ 4392345.422490923665464, 6527046.166164800524712 ], [ 4392340.510239321738482, 6527217.990520730614662 ], [ 4392337.999860721640289, 6527318.000135029666126 ], [ 4392336.304878764785826, 6527324.523930348455906 ], [ 4392329.652850001119077, 6527350.126842492260039 ], [ 4392579.605237535201013, 6527420.292905772104859 ] ] ] ] } },
{ "type": "Feature", "properties": { "id": 3784, "link": "140145111", "totalpobl": 802.0, "area_radio": 83604.648 }, "geometry": { "type": "MultiPolygon", "coordinates": [ [ [ [ 4392329.652850001119077, 6527350.126842492260039 ], [ 4392336.304878764785826, 6527324.523930348455906 ], [ 4392337.999860721640289, 6527318.000135029666126 ], [ 4392340.510239321738482, 6527217.990520730614662 ], [ 4392345.422490923665464, 6527046.166164800524712 ], [ 4392349.71030487306416, 6526873.671720852144063 ], [ 4392279.999878911301494, 6526871.999992747791111 ], [ 4392209.036818881519139, 6526870.216047769412398 ], [ 4392207.494085961021483, 6526955.43950059171766 ], [ 4392204.759261440485716, 6527042.044126872904599 ], [ 4392131.447413249872625, 6527040.479979487136006 ], [ 4392126.926770590245724, 6527212.123192411847413 ], [ 4392123.658950740471482, 6527259.001300730742514 ], [ 4392124.879119611345232, 6527289.913493320345879 ], [ 4392133.799027010798454, 6527292.586946422234178 ], [ 4392268.550418453291059, 6527332.974307902157307 ], [ 4392329.652850001119077, 6527350.126842492260039 ] ] ] ] } },
{ "type": "Feature", "properties": { "id": 3789, "link": "140143409", "totalpobl": 778.0, "area_radio": 82970.136 }, "geometry": { "type": "MultiPolygon", "coordinates": [ [ [ [ 4390357.349616951309144, 6527677.940014308318496 ], [ 4390433.415853812359273, 6527622.011764471419156 ], [ 4390492.826775652356446, 6527578.343446844257414 ], [ 4390420.123547561466694, 6527480.629547719843686 ], [ 4390348.794952639378607, 6527384.75733832269907 ], [ 4390295.667192399501801, 6527313.350035060197115 ], [ 4390280.657531418837607, 6527293.176191750913858 ], [ 4390261.679272439330816, 6527302.917422861792147 ], [ 4390216.986256978474557, 6527332.108740880154073 ], [ 4390142.388716747052968, 6527388.178554271347821 ], [ 4390067.50014063809067, 6527444.499812218360603 ], [ 4390139.356335167773068, 6527540.838615741580725 ], [ 4390210.411122779361904, 6527637.720373991876841 ], [ 4390285.567921440117061, 6527581.419131060130894 ], [ 4390357.349616951309144, 6527677.940014308318496 ] ] ] ] } },
{ "type": "Feature", "properties": { "id": 3790, "link": "140143314", "totalpobl": 867.0, "area_radio": 98310.539 }, "geometry": { "type": "MultiPolygon", "coordinates": [ [ [ [ 4391831.643264966085553, 6527916.747418330051005 ], [ 4391904.704356327652931, 6527917.639627969823778 ], [ 4391976.389190068468451, 6527918.774910959415138 ], [ 4392048.500089899636805, 6527919.499945408664644 ], [ 4392124.5002108104527, 6527920.500186328776181 ], [ 4392196.999945000745356, 6527921.499952963553369 ], [ 4392269.489434542134404, 6527921.530224487185478 ], [ 4392270.078502072021365, 6527809.740777482278645 ], [ 4392270.675478361546993, 6527697.028398740105331 ], [ 4392198.999964410439134, 6527696.049927705898881 ], [ 4392124.183563301339746, 6527695.261326609179378 ], [ 4392049.499868388287723, 6527694.655623381026089 ], [ 4391978.0092206094414, 6527694.119640707969666 ], [ 4391905.16955129802227, 6527693.500088227912784 ], [ 4391838.832485466264188, 6527692.867018509656191 ], [ 4391832.918830927461386, 6527690.030435480177402 ], [ 4391832.498444456607103, 6527804.798953928984702 ], [ 4391831.643264966085553, 6527916.747418330051005 ] ] ] ] } },
{ "type": "Feature", "properties": { "id": 3798, "link": "140147512", "totalpobl": 1128.0, "area_radio": 114606.939 }, "geometry": { "type": "MultiPolygon", "coordinates": [ [ [ [ 4393575.944707806222141, 6523688.433626557700336 ], [ 4393669.825541676953435, 6523691.38844061922282 ], [ 4393708.722617527469993, 6523692.738149299286306 ], [ 4393773.829396118409932, 6523694.325919129885733 ], [ 4393822.475424651056528, 6523696.727384576573968 ], [ 4393881.478433839976788, 6523698.785136873833835 ], [ 4393916.013262841850519, 6523700.100184089504182 ], [ 4393933.674404981546104, 6523595.769689339213073 ], [ 4393952.569077731110156, 6523490.735132248140872 ], [ 4393970.94500823225826, 6523386.758086532354355 ], [ 4393891.499933189712465, 6523383.499860159121454 ], [ 4393786.057333008386195, 6523379.587719040922821 ], [ 4393682.499962327070534, 6523375.999908920377493 ], [ 4393676.499915957450867, 6523377.000149838626385 ], [ 4393582.860554666258395, 6523372.485103810206056 ], [ 4393581.702920786105096, 6523477.980195966549218 ], [ 4393578.104412975721061, 6523582.488102030940354 ], [ 4393575.944707806222141, 6523688.433626557700336 ] ] ] ] } },
{ "type": "Feature", "properties": { "id": 3799, "link": "140147418", "totalpobl": 863.0, "area_radio": 101034.731 }, "geometry": { "type": "MultiPolygon", "coordinates": [ [ [ [ 4391198.178876049816608, 6523443.500549085438251 ], [ 4391317.499879561364651, 6523433.000112239271402 ], [ 4391435.432013540528715, 6523421.567647597752512 ], [ 4391555.499829463660717, 6523408.000160147435963 ], [ 4391615.499818835407495, 6523400.500220756046474 ], [ 4391601.230215414427221, 6523278.816407695412636 ], [ 4391586.674938233569264, 6523162.861117079854012 ], [ 4391528.769227194599807, 6523168.710245718248188 ], [ 4391407.729444752447307, 6523181.041159586980939 ], [ 4391287.44773715082556, 6523193.515767169184983 ], [ 4391167.88220385927707, 6523205.893492046743631 ], [ 4391184.120859319344163, 6523321.790912846103311 ], [ 4391191.999968990683556, 6523381.999955276027322 ], [ 4391198.178876049816608, 6523443.500549085438251 ] ] ] ] } },
{ "type": "Feature", "properties": { "id": 3800, "link": "140147408", "totalpobl": 1068.0, "area_radio": 90518.182 }, "geometry": { "type": "MultiPolygon", "coordinates": [ [ [ [ 4392434.229459503665566, 6524095.690264689736068 ], [ 4392479.979702964425087, 6524094.593403281643987 ], [ 4392548.538424273952842, 6524094.512671234086156 ], [ 4392586.029120495542884, 6524094.852278161793947 ], [ 4392663.332485965453088, 6524094.993054910562932 ], [ 4392766.030893176794052, 6524094.413081894628704 ], [ 4392766.514566446654499, 6524026.267186611890793 ], [ 4392766.527387046255171, 6524025.364487864077091 ], [ 4392767.066818717867136, 6523987.383098135702312 ], [ 4392766.916121087037027, 6523955.406427272595465 ], [ 4392766.919650776311755, 6523954.906273784115911 ], [ 4392767.656765226274729, 6523896.566865221597254 ], [ 4392767.583531466312706, 6523893.670292694121599 ], [ 4392767.30905659776181, 6523882.814147032797337 ], [ 4392767.951690396293998, 6523837.584947976283729 ], [ 4392767.93583457544446, 6523836.430030434392393 ], [ 4392767.627556338906288, 6523776.219829523935914 ], [ 4392767.609223147854209, 6523775.451276903040707 ], [ 4392766.243543277494609, 6523718.200085054151714 ], [ 4392766.289491527713835, 6523715.976313650608063 ], [ 4392663.520418745465577, 6523715.856712532229722 ], [ 4392549.986968015320599, 6523715.569045493379235 ], [ 4392549.066832435317338, 6523775.500047584995627 ], [ 4392548.793758896179497, 6523834.757386467419565 ], [ 4392550.076981616206467, 6523895.831454541534185 ], [ 4392549.483658354729414, 6523954.092332371510565 ], [ 4392548.741630034521222, 6524024.962354281917214 ], [ 4392495.500010663643479, 6524024.499849294312298 ], [ 4392434.885513043031096, 6524024.000197202898562 ], [ 4392434.229459503665566, 6524095.690264689736068 ] ] ] ] } },
{ "type": "Feature", "properties": { "id": 3801, "link": "140147407", "totalpobl": 1022.0, "area_radio": 126799.914 }, "geometry": { "type": "MultiPolygon", "coordinates": [ [ [ [ 4392220.386142640374601, 6524097.216931231319904 ], [ 4392325.616755931638181, 6524097.361988532356918 ], [ 4392349.226245443336666, 6524097.229744755662978 ], [ 4392412.279379213228822, 6524095.871423380449414 ], [ 4392434.229459503665566, 6524095.690264689736068 ], [ 4392434.885513043031096, 6524024.000197202898562 ], [ 4392495.500010663643479, 6524024.499849294312298 ], [ 4392548.741630034521222, 6524024.962354281917214 ], [ 4392549.483658354729414, 6523954.092332371510565 ], [ 4392550.076981616206467, 6523895.831454541534185 ], [ 4392548.793758896179497, 6523834.757386467419565 ], [ 4392549.066832435317338, 6523775.500047584995627 ], [ 4392549.986968015320599, 6523715.569045493379235 ], [ 4392436.334948622621596, 6523715.005753729492426 ], [ 4392327.50012344121933, 6523714.499817293137312 ], [ 4392221.828417740762234, 6523713.553586081601679 ], [ 4392174.714717931114137, 6523715.807070230133832 ], [ 4392138.06022268999368, 6523718.581682899966836 ], [ 4392137.905386510305107, 6523730.600434668362141 ], [ 4392138.209990450181067, 6523833.939281370490789 ], [ 4392221.896232861094177, 6523835.259456590749323 ], [ 4392222.119228331372142, 6523892.96811497118324 ], [ 4392221.49961819127202, 6523953.523671942763031 ], [ 4392221.468422391451895, 6524024.445320468395948 ], [ 4392220.386142640374601, 6524097.216931231319904 ] ] ] ] } },
{ "type": "Feature", "properties": { "id": 3802, "link": "140147406", "totalpobl": 1436.0, "area_radio": 205053.55 }, "geometry": { "type": "MultiPolygon", "coordinates": [ [ [ [ 4391788.653727367520332, 6524354.065922028385103 ], [ 4391847.999848766252398, 6524347.999867048114538 ], [ 4391906.560385307297111, 6524343.383696528151631 ], [ 4391956.460469217970967, 6524338.927717057988048 ], [ 4392025.045423747971654, 6524333.45079944934696 ], [ 4392141.378275929950178, 6524323.482809287495911 ], [ 4392142.144236801192164, 6524233.896077590994537 ], [ 4392141.510022209957242, 6524197.577312909066677 ], [ 4392137.75473466143012, 6524094.796297891996801 ], [ 4392143.270063770003617, 6524097.336114523001015 ], [ 4392207.054601520299911, 6524097.290077657438815 ], [ 4392220.386142640374601, 6524097.216931231319904 ], [ 4392221.468422391451895, 6524024.445320468395948 ], [ 4392221.49961819127202, 6523953.523671942763031 ], [ 4392222.119228331372142, 6523892.96811497118324 ], [ 4392221.896232861094177, 6523835.259456590749323 ], [ 4392138.209990450181067, 6523833.939281370490789 ], [ 4392064.372163289226592, 6523844.439800581894815 ], [ 4392007.141917709261179, 6523852.817981779575348 ], [ 4391970.791009167209268, 6523856.498100490309298 ], [ 4391919.038660458289087, 6523861.328909041360021 ], [ 4391850.836223247461021, 6523869.415343498811126 ], [ 4391729.114564353600144, 6523879.892824715934694 ], [ 4391737.902647256851196, 6523944.237141767516732 ], [ 4391744.64812243450433, 6523999.268058458343148 ], [ 4391752.128975206054747, 6524064.424214728176594 ], [ 4391759.247048666700721, 6524115.299232049845159 ], [ 4391768.129673967137933, 6524188.457467989996076 ], [ 4391774.45141797605902, 6524234.413565738126636 ], [ 4391779.623336954973638, 6524286.062221976928413 ], [ 4391788.653727367520332, 6524354.065922028385103 ] ] ] ] } },
{ "type": "Feature", "properties": { "id": 2833, "link": "140147605", "totalpobl": 488.0, "area_radio": 52940.539 }, "geometry": { "type": "MultiPolygon", "coordinates": [ [ [ [ 4394034.79012012667954, 6522694.541837732307613 ], [ 4393588.142206897959113, 6522694.541837732307613 ], [ 4393586.577928815968335, 6522805.981133236549795 ], [ 4393701.000227808021009, 6522809.500135807320476 ], [ 4393815.499812280759215, 6522813.999826732091606 ], [ 4393929.000092539936304, 6522817.500201590359211 ], [ 4394032.49983705021441, 6522819.000094609335065 ], [ 4394033.538718910887837, 6522759.938120570965111 ], [ 4394034.634827931411564, 6522697.622697371989489 ], [ 4394034.79012012667954, 6522694.541837732307613 ] ] ] ] } },
{ "type": "Feature", "properties": { "id": 2339, "link": "140147501", "totalpobl": 1499.0, "area_radio": 584325.485 }, "geometry": { "type": "MultiPolygon", "coordinates": [ [ [ [ 4392513.302263285033405, 6525292.462119543924928 ], [ 4392499.939556653611362, 6525288.564194261096418 ], [ 4392488.844395553693175, 6525287.291337452828884 ], [ 4392475.014415713958442, 6525283.969019083306193 ], [ 4392470.126217603683472, 6525281.897185633890331 ], [ 4392467.1636618738994, 6525277.161552763544023 ], [ 4392466.719277863390744, 6525265.322484120726585 ], [ 4392445.290343473665416, 6525247.055608331225812 ], [ 4392424.843749593012035, 6525248.558027012273669 ], [ 4392417.315823602490127, 6525241.939686321653426 ], [ 4392419.948981163091958, 6525226.897999859414995 ], [ 4392401.620219713076949, 6525169.589113109745085 ], [ 4392412.546297094784677, 6525154.461729530245066 ], [ 4392406.729882043786347, 6525139.037766860798001 ], [ 4392402.037105932831764, 6525126.105058701708913 ], [ 4392397.339877191931009, 6525109.405809542164207 ], [ 4392388.807422732934356, 6525075.412364728748798 ], [ 4392374.07346673309803, 6525020.977264682762325 ], [ 4392345.830169481225312, 6524977.093771514482796 ], [ 4392343.135666613467038, 6524964.911190262064338 ], [ 4392360.136787002906203, 6524925.377458649687469 ], [ 4392376.023744914680719, 6524898.23405279032886 ], [ 4392399.896176203154027, 6524869.57390839420259 ], [ 4392400.89191070292145, 6524868.578390192240477 ], [ 4392409.585223464295268, 6524862.062501700595021 ], [ 4392432.863900233060122, 6524848.760920271277428 ], [ 4392463.010998654179275, 6524833.920724262483418 ], [ 4392523.784865153953433, 6524808.439897190779448 ], [ 4392537.195551753975451, 6524795.360563613474369 ], [ 4392543.924458594992757, 6524780.934110033325851 ], [ 4392545.161894344724715, 6524773.657315910793841 ], [ 4392387.930923863314092, 6524782.625761093571782 ], [ 4392382.837918472476304, 6524782.921461031772196 ], [ 4392291.00019315071404, 6524762.499884482473135 ], [ 4392145.927094009704888, 6524731.248548628762364 ], [ 4392067.867367508821189, 6524736.860088839195669 ], [ 4392063.639149229042232, 6524741.722181994467974 ], [ 4392062.223703688010573, 6524743.349824579432607 ], [ 4392060.147846228443086, 6524745.736884960904717 ], [ 4392058.916542079299688, 6524747.152780536562204 ], [ 4392054.979925368912518, 6524751.679556562565267 ], [ 4392051.016625138930976, 6524756.237016398459673 ], [ 4392035.011468629352748, 6524774.666215701028705 ], [ 4392014.832317659631371, 6524795.32894336245954 ], [ 4392000.233434827998281, 6524808.683263040147722 ], [ 4391990.654947618953884, 6524818.328915131278336 ], [ 4391981.076460408978164, 6524827.974567228928208 ], [ 4391971.281402807682753, 6524842.660857851617038 ], [ 4391961.950775447301567, 6524848.654819185845554 ], [ 4391951.731490927748382, 6524851.540768552571535 ], [ 4391937.256475447677076, 6524864.660230797715485 ], [ 4391930.256549337878823, 6524870.998043401166797 ], [ 4391923.256623228080571, 6524877.335855996236205 ], [ 4391916.362208107486367, 6524895.134480736218393 ], [ 4391908.235133627429605, 6524904.585059679113328 ], [ 4391900.108059148304164, 6524914.035638607107103 ], [ 4391892.332445387728512, 6524919.474587519653141 ], [ 4391884.556831637397408, 6524924.91353642847389 ], [ 4391879.114011158235371, 6524928.243514948524535 ], [ 4391873.671190677210689, 6524931.573493478819728 ], [ 4391865.521467718295753, 6524936.629211509600282 ], [ 4391861.446606236509979, 6524939.157070529647171 ], [ 4391857.37174475658685, 6524941.684929551556706 ], [ 4391850.041823945939541, 6524946.474066818132997 ], [ 4391842.711903146468103, 6524951.263204087503254 ], [ 4391828.878776466473937, 6524958.317677627317607 ], [ 4391815.045649796724319, 6524965.372151160612702 ], [ 4391797.28469483461231, 6524977.204188196919858 ], [ 4391780.651615906506777, 6524977.485896497964859 ], [ 4391761.428606166504323, 6524965.917894969694316 ], [ 4391736.901850334368646, 6524972.678990390151739 ], [ 4391715.693778763525188, 6524980.518606969155371 ], [ 4391701.375483485870063, 6524986.442981649190187 ], [ 4391687.057188205420971, 6524992.367356329225004 ], [ 4391651.708825665526092, 6524995.720770524814725 ], [ 4391627.727214784361422, 6525001.728086685761809 ], [ 4391519.90757723338902, 6525057.478947948664427 ], [ 4391510.350239112973213, 6525053.988126669079065 ], [ 4391501.387250463478267, 6525050.71439175773412 ], [ 4391498.787412222474813, 6525049.76479987706989 ], [ 4391495.907909703440964, 6525048.662899998016655 ], [ 4391492.429611432366073, 6525047.331858818419278 ], [ 4391490.084259253926575, 6525046.434362357482314 ], [ 4391487.612057433463633, 6525045.518822226673365 ], [ 4391461.809327940456569, 6525035.963196848519146 ], [ 4391447.148671361617744, 6525030.533858756534755 ], [ 4391449.060047332197428, 6525041.611635368317366 ], [ 4391446.037897051312029, 6525063.747872127220035 ], [ 4391441.939017921686172, 6525130.10127935744822 ], [ 4391440.046100363135338, 6525150.60621493589133 ], [ 4391440.046100363135338, 6525188.145497326739132 ], [ 4391439.099877533502877, 6525197.293883149512112 ], [ 4391434.052573212422431, 6525226.252886238507926 ], [ 4391433.106350380927324, 6525239.501881634816527 ], [ 4391431.844409281387925, 6525243.918209504336119 ], [ 4391430.898186452686787, 6525255.274759266525507 ], [ 4391425.219917472451925, 6525295.653653956018388 ], [ 4391423.011741743423045, 6525320.259187324903905 ], [ 4391422.065058802254498, 6525350.227755095809698 ], [ 4391422.268545552156866, 6525371.60160315502435 ], [ 4391424.683361802250147, 6525388.28870121575892 ], [ 4391428.596938282251358, 6525404.689143234863877 ], [ 4391433.308250102214515, 6525418.918001284822822 ], [ 4391439.148113982751966, 6525425.589909986592829 ], [ 4391448.169190161861479, 6525432.476212476380169 ], [ 4391459.447725552134216, 6525437.745175837539136 ], [ 4391564.720416324213147, 6525463.213607847690582 ], [ 4391589.80083470325917, 6525472.35785073786974 ], [ 4391628.105402294546366, 6525480.179531479254365 ], [ 4391638.174398122355342, 6525484.241963707841933 ], [ 4391650.728626914322376, 6525487.634770206175745 ], [ 4391661.246513485908508, 6525492.384973024949431 ], [ 4391682.961232525296509, 6525505.617675809189677 ], [ 4391694.600709354504943, 6525503.020789031870663 ], [ 4391705.693892625160515, 6525502.991617837920785 ], [ 4391717.569647415541112, 6525504.783343280665576 ], [ 4391726.05166367534548, 6525500.901224450208247 ], [ 4391739.62336160428822, 6525502.394338387064636 ], [ 4391771.856439126655459, 6525497.616385076195002 ], [ 4391810.875601566396654, 6525488.06047844607383 ], [ 4391839.376393736340106, 6525473.724065337330103 ], [ 4391850.912221356295049, 6525465.920051167719066 ], [ 4391861.430579836480319, 6525457.098556050099432 ], [ 4391867.198263597674668, 6525449.973475991748273 ], [ 4391871.608999347314239, 6525441.151520760729909 ], [ 4391873.6448814580217, 6525433.008511449210346 ], [ 4391874.662810706533492, 6525422.151146017946303 ], [ 4391873.305874516256154, 6525412.650728598237038 ], [ 4391873.305874516256154, 6525406.543577787466347 ], [ 4391875.002277767285705, 6525399.757492868229747 ], [ 4391879.290952287614346, 6525399.345775018446147 ], [ 4391911.970995298586786, 6525396.410646867007017 ], [ 4391923.958521507680416, 6525396.410646868869662 ], [ 4391940.677621957845986, 6525399.880751910619438 ], [ 4391965.914131778292358, 6525407.451478339731693 ], [ 4391980.109821917489171, 6525410.290606929920614 ], [ 4391992.097336329519749, 6525413.760723767802119 ], [ 4392000.614745697937906, 6525416.599852369166911 ], [ 4392006.923991127870977, 6525419.75471104029566 ], [ 4392029.005654068663716, 6525426.379202842712402 ], [ 4392042.570367759093642, 6525432.372729991562665 ], [ 4392063.075291539542377, 6525444.360256197862327 ], [ 4392071.592700899578631, 6525447.83036123868078 ], [ 4392080.425368439406157, 6525453.192911938764155 ], [ 4392087.049860249273479, 6525456.032052330672741 ], [ 4392115.441228740848601, 6525462.972274212166667 ], [ 4392161.757766020484269, 6525474.923555180430412 ], [ 4392180.836600700393319, 6525481.230744500644505 ], [ 4392199.322378741577268, 6525487.288540840148926 ], [ 4392215.833842719905078, 6525489.15855379961431 ], [ 4392231.694551741704345, 6525490.472055308520794 ], [ 4392244.463401921093464, 6525490.732666239142418 ], [ 4392252.665093001909554, 6525491.678889072500169 ], [ 4392291.062147892080247, 6525492.574472012929618 ], [ 4392312.041513723321259, 6525493.254864120855927 ], [ 4392333.334883701056242, 6525493.478817841038108 ], [ 4392353.159237172454596, 6525491.840774861164391 ], [ 4392383.554639482870698, 6525486.01080431137234 ], [ 4392420.220675751566887, 6525478.323143612593412 ], [ 4392462.072215094231069, 6525460.209550452418625 ], [ 4392482.164449194446206, 6525440.349071800708771 ], [ 4392492.097881464287639, 6525423.540074253454804 ], [ 4392503.454431224614382, 6525409.975360563024879 ], [ 4392507.316103843972087, 6525389.83385921176523 ], [ 4392511.274320254102349, 6525372.547493851743639 ], [ 4392512.615441653877497, 6525363.287692341953516 ], [ 4392513.949284083209932, 6525353.193083704449236 ], [ 4392513.754224984906614, 6525337.86580357234925 ], [ 4392511.100519684143364, 6525322.593551274389029 ], [ 4392510.32002133410424, 6525306.033247641287744 ], [ 4392513.302263285033405, 6525292.462119543924928 ] ] ] ] } },
{ "type": "Feature", "properties": { "id": 2340, "link": "140147417", "totalpobl": 760.0, "area_radio": 106543.642 }, "geometry": { "type": "MultiPolygon", "coordinates": [ [ [ [ 4392114.907813000492752, 6523343.366599811241031 ], [ 4392114.580339830368757, 6523237.998984790407121 ], [ 4392112.941222789697349, 6523119.959104211069643 ], [ 4392040.221951028332114, 6523122.303366652689874 ], [ 4391996.249409859068692, 6523123.739675829187036 ], [ 4391935.550087807700038, 6523129.50973485223949 ], [ 4391858.497713007032871, 6523136.83431007899344 ], [ 4391747.229581266641617, 6523147.04136332962662 ], [ 4391637.938062754459679, 6523157.766601541079581 ], [ 4391586.674938233569264, 6523162.861117079854012 ], [ 4391601.230215414427221, 6523278.816407695412636 ], [ 4391615.499818835407495, 6523400.500220756046474 ], [ 4391677.000175504945219, 6523392.000040462240577 ], [ 4391719.999804265797138, 6523337.499971065670252 ], [ 4391806.823026436381042, 6523330.421387709677219 ], [ 4391889.161593367345631, 6523322.211734590120614 ], [ 4391892.994982118718326, 6523331.578973980620503 ], [ 4391898.181422508321702, 6523337.671866718679667 ], [ 4391905.692822717130184, 6523341.425423060543835 ], [ 4391909.550759708508849, 6523343.756409058347344 ], [ 4391920.500057248398662, 6523340.999883499927819 ], [ 4391926.500091757625341, 6523338.999864089302719 ], [ 4391930.500130577012897, 6523336.000078050419688 ], [ 4391936.999829037114978, 6523328.000012281350791 ], [ 4391938.999848448671401, 6523319.000179882161319 ], [ 4391939.369034347124398, 6523316.230676959268749 ], [ 4391983.000180557370186, 6523311.499766197055578 ], [ 4391988.723734498955309, 6523313.611077629961073 ], [ 4391982.27642044890672, 6523344.094170616008341 ], [ 4391989.999993547797203, 6523343.500017441809177 ], [ 4392035.295493228361011, 6523344.000131970271468 ], [ 4392114.907813000492752, 6523343.366599811241031 ] ] ] ] } },
{ "type": "Feature", "properties": { "id": 2341, "link": "140147416", "totalpobl": 698.0, "area_radio": 72964.197 }, "geometry": { "type": "MultiPolygon", "coordinates": [ [ [ [ 4392114.907813000492752, 6523343.366599811241031 ], [ 4392221.383159641176462, 6523345.000988060608506 ], [ 4392325.618610152043402, 6523344.589614200405777 ], [ 4392359.255154421553016, 6523344.822535480372608 ], [ 4392434.437756611965597, 6523344.020513731054962 ], [ 4392434.684519085101783, 6523292.816920601762831 ], [ 4392434.793876633048058, 6523238.013427569530904 ], [ 4392434.11749701295048, 6523113.2171203000471 ], [ 4392381.239065352827311, 6523114.105611694045365 ], [ 4392358.317478273063898, 6523114.515987390652299 ], [ 4392326.338635020889342, 6523115.041123950853944 ], [ 4392319.727819280698895, 6523115.225969602353871 ], [ 4392219.829533311538398, 6523118.019235181622207 ], [ 4392114.49717971123755, 6523119.930865832604468 ], [ 4392112.941222789697349, 6523119.959104211069643 ], [ 4392114.580339830368757, 6523237.998984790407121 ], [ 4392114.907813000492752, 6523343.366599811241031 ] ] ] ] } },
{ "type": "Feature", "properties": { "id": 2343, "link": "140147414", "totalpobl": 863.0, "area_radio": 102101.388 }, "geometry": { "type": "MultiPolygon", "coordinates": [ [ [ [ 4391701.350982825271785, 6523642.170755355618894 ], [ 4391823.410301326774061, 6523630.500104893930256 ], [ 4391899.097526787780225, 6523623.545030550099909 ], [ 4391886.572435898706317, 6523497.834605308249593 ], [ 4391961.999781128950417, 6523491.000094047747552 ], [ 4392038.500016569159925, 6523483.999806771054864 ], [ 4392114.992331380955875, 6523476.783919349312782 ], [ 4392114.201180971227586, 6523468.97337965015322 ], [ 4392114.907813000492752, 6523343.366599811241031 ], [ 4392035.295493228361011, 6523344.000131970271468 ], [ 4391989.999993547797203, 6523343.500017441809177 ], [ 4391982.27642044890672, 6523344.094170616008341 ], [ 4391988.723734498955309, 6523313.611077629961073 ], [ 4391983.000180557370186, 6523311.499766197055578 ], [ 4391939.369034347124398, 6523316.230676959268749 ], [ 4391938.999848448671401, 6523319.000179882161319 ], [ 4391936.999829037114978, 6523328.000012281350791 ], [ 4391930.500130577012897, 6523336.000078050419688 ], [ 4391926.500091757625341, 6523338.999864089302719 ], [ 4391920.500057248398662, 6523340.999883499927819 ], [ 4391909.550759708508849, 6523343.756409058347344 ], [ 4391905.692822717130184, 6523341.425423060543835 ], [ 4391898.181422508321702, 6523337.671866718679667 ], [ 4391892.994982118718326, 6523331.578973980620503 ], [ 4391889.161593367345631, 6523322.211734590120614 ], [ 4391806.823026436381042, 6523330.421387709677219 ], [ 4391719.999804265797138, 6523337.499971065670252 ], [ 4391677.000175504945219, 6523392.000040462240577 ], [ 4391615.499818835407495, 6523400.500220756046474 ], [ 4391630.274445675313473, 6523522.996373108588159 ], [ 4391686.162728775292635, 6523516.785335689783096 ], [ 4391694.802276604808867, 6523580.500188858248293 ], [ 4391701.350982825271785, 6523642.170755355618894 ] ] ] ] } },
{ "type": "Feature", "properties": { "id": 2344, "link": "140147413", "totalpobl": 796.0, "area_radio": 139189.881 }, "geometry": { "type": "MultiPolygon", "coordinates": [ [ [ [ 4391240.237169870175421, 6523805.413889642804861 ], [ 4391359.904174510389566, 6523794.797685766592622 ], [ 4391479.000068311579525, 6523782.000208467245102 ], [ 4391464.596860063262284, 6523668.081751694902778 ], [ 4391464.983499143272638, 6523666.569954526610672 ], [ 4391582.642894083634019, 6523654.606604027561843 ], [ 4391701.350982825271785, 6523642.170755355618894 ], [ 4391694.802276604808867, 6523580.500188858248293 ], [ 4391686.162728775292635, 6523516.785335689783096 ], [ 4391630.274445675313473, 6523522.996373108588159 ], [ 4391615.499818835407495, 6523400.500220756046474 ], [ 4391555.499829463660717, 6523408.000160147435963 ], [ 4391435.432013540528715, 6523421.567647597752512 ], [ 4391317.499879561364651, 6523433.000112239271402 ], [ 4391198.178876049816608, 6523443.500549085438251 ], [ 4391211.480528908781707, 6523563.472660316154361 ], [ 4391224.892882538959384, 6523685.607329784892499 ], [ 4391240.237169870175421, 6523805.413889642804861 ] ] ] ] } },
{ "type": "Feature", "properties": { "id": 2345, "link": "140147412", "totalpobl": 1120.0, "area_radio": 203368.874 }, "geometry": { "type": "MultiPolygon", "coordinates": [ [ [ [ 4391257.193787940777838, 6524165.994407285936177 ], [ 4391275.426404260098934, 6524163.495159682817757 ], [ 4391309.357616800814867, 6524158.844016924500465 ], [ 4391313.635898021049798, 6524158.257568774744868 ], [ 4391402.047985062003136, 6524150.154654204845428 ], [ 4391458.851687622256577, 6524144.113491213880479 ], [ 4391520.392492493614554, 6524137.157825626432896 ], [ 4391577.258188793435693, 6524132.30294400639832 ], [ 4391639.471252834424376, 6524126.647429729811847 ], [ 4391702.000139455311, 6524120.500116849318147 ], [ 4391759.247048666700721, 6524115.299232049845159 ], [ 4391752.128975206054747, 6524064.424214728176594 ], [ 4391744.64812243450433, 6523999.268058458343148 ], [ 4391737.902647256851196, 6523944.237141767516732 ], [ 4391729.114564353600144, 6523879.892824715934694 ], [ 4391716.911498595029116, 6523762.321207216009498 ], [ 4391701.350982825271785, 6523642.170755355618894 ], [ 4391582.642894083634019, 6523654.606604027561843 ], [ 4391464.983499143272638, 6523666.569954526610672 ], [ 4391464.596860063262284, 6523668.081751694902778 ], [ 4391479.000068311579525, 6523782.000208467245102 ], [ 4391359.904174510389566, 6523794.797685766592622 ], [ 4391240.237169870175421, 6523805.413889642804861 ], [ 4391253.795415511354804, 6523923.17380896396935 ], [ 4391267.440486750565469, 6524043.524772697128356 ], [ 4391273.90502561070025, 6524097.079523205757141 ], [ 4391267.997835628688335, 6524088.018102954141796 ], [ 4391257.940569760277867, 6524075.012526397593319 ], [ 4391255.44629227090627, 6524072.348059547133744 ], [ 4391248.227612639777362, 6524064.763164457865059 ], [ 4391245.277073949575424, 6524069.128182657063007 ], [ 4391215.739339950494468, 6524112.826218795962632 ], [ 4391208.089807329699397, 6524124.142914675176144 ], [ 4391210.299351989291608, 6524125.818140376359224 ], [ 4391222.163089789450169, 6524134.812952207401395 ], [ 4391227.462782328948379, 6524139.60786830727011 ], [ 4391233.519639539532363, 6524147.935747605748475 ], [ 4391247.651999629102647, 6524157.777968024834991 ], [ 4391257.193787940777838, 6524165.994407285936177 ] ] ] ] } },
{ "type": "Feature", "properties": { "id": 2347, "link": "140147411", "totalpobl": 1263.0, "area_radio": 129071.911 }, "geometry": { "type": "MultiPolygon", "coordinates": [ [ [ [ 4391729.114564353600144, 6523879.892824715934694 ], [ 4391850.836223247461021, 6523869.415343498811126 ], [ 4391919.038660458289087, 6523861.328909041360021 ], [ 4391970.791009167209268, 6523856.498100490309298 ], [ 4392007.141917709261179, 6523852.817981779575348 ], [ 4392064.372163289226592, 6523844.439800581894815 ], [ 4392138.209990450181067, 6523833.939281370490789 ], [ 4392137.905386510305107, 6523730.600434668362141 ], [ 4392138.06022268999368, 6523718.581682899966836 ], [ 4392136.105195990763605, 6523704.949682708829641 ], [ 4392127.59219872020185, 6523601.173684260807931 ], [ 4392114.992331380955875, 6523476.783919349312782 ], [ 4392038.500016569159925, 6523483.999806771054864 ], [ 4391961.999781128950417, 6523491.000094047747552 ], [ 4391886.572435898706317, 6523497.834605308249593 ], [ 4391899.097526787780225, 6523623.545030550099909 ], [ 4391823.410301326774061, 6523630.500104893930256 ], [ 4391701.350982825271785, 6523642.170755355618894 ], [ 4391716.911498595029116, 6523762.321207216009498 ], [ 4391729.114564353600144, 6523879.892824715934694 ] ] ] ] } },
{ "type": "Feature", "properties": { "id": 2348, "link": "140147410", "totalpobl": 794.0, "area_radio": 115874.334 }, "geometry": { "type": "MultiPolygon", "coordinates": [ [ [ [ 4392138.06022268999368, 6523718.581682899966836 ], [ 4392174.714717931114137, 6523715.807070230133832 ], [ 4392221.828417740762234, 6523713.553586081601679 ], [ 4392327.50012344121933, 6523714.499817293137312 ], [ 4392436.334948622621596, 6523715.005753729492426 ], [ 4392436.334948624484241, 6523596.505549444817007 ], [ 4392435.640238384716213, 6523544.460697651840746 ], [ 4392434.663689403794706, 6523477.209189644083381 ], [ 4392434.437756611965597, 6523344.020513731054962 ], [ 4392359.255154421553016, 6523344.822535480372608 ], [ 4392325.618610152043402, 6523344.589614200405777 ], [ 4392221.383159641176462, 6523345.000988060608506 ], [ 4392114.907813000492752, 6523343.366599811241031 ], [ 4392114.201180971227586, 6523468.97337965015322 ], [ 4392114.992331380955875, 6523476.783919349312782 ], [ 4392127.59219872020185, 6523601.173684260807931 ], [ 4392136.105195990763605, 6523704.949682708829641 ], [ 4392138.06022268999368, 6523718.581682899966836 ] ] ] ] } },
{ "type": "Feature", "properties": { "id": 2349, "link": "140147409", "totalpobl": 806.0, "area_radio": 78521.241 }, "geometry": { "type": "MultiPolygon", "coordinates": [ [ [ [ 4392549.986968015320599, 6523715.569045493379235 ], [ 4392663.520418745465577, 6523715.856712532229722 ], [ 4392766.289491527713835, 6523715.976313650608063 ], [ 4392766.814151277765632, 6523672.438242628239095 ], [ 4392766.474678587168455, 6523656.632996620610356 ], [ 4392766.465754017233849, 6523655.987956043332815 ], [ 4392765.689420077949762, 6523598.67584600392729 ], [ 4392765.679168667644262, 6523597.919045430608094 ], [ 4392767.048819357529283, 6523537.654736084863544 ], [ 4392767.039432588033378, 6523536.481243524700403 ], [ 4392766.201728686690331, 6523478.889512753114104 ], [ 4392663.416317674331367, 6523477.784367547370493 ], [ 4392550.062500375322998, 6523477.749609900638461 ], [ 4392434.663689403794706, 6523477.209189644083381 ], [ 4392435.640238384716213, 6523544.460697651840746 ], [ 4392436.334948624484241, 6523596.505549444817007 ], [ 4392436.334948622621596, 6523715.005753729492426 ], [ 4392549.986968015320599, 6523715.569045493379235 ] ] ] ] } },
{ "type": "Feature", "properties": { "id": 2350, "link": "140147405", "totalpobl": 846.0, "area_radio": 108438.487 }, "geometry": { "type": "MultiPolygon", "coordinates": [ [ [ [ 4391353.675291779451072, 6524388.757230218499899 ], [ 4391392.513418031856418, 6524387.939804914407432 ], [ 4391431.759251421317458, 6524384.43907352630049 ], [ 4391488.421318764798343, 6524379.553539176471531 ], [ 4391548.15210993308574, 6524375.245536735281348 ], [ 4391613.000159183517098, 6524369.000254608690739 ], [ 4391668.126439295709133, 6524363.100268510170281 ], [ 4391733.500252445228398, 6524358.500066759064794 ], [ 4391788.653727367520332, 6524354.065922028385103 ], [ 4391779.623336954973638, 6524286.062221976928413 ], [ 4391774.45141797605902, 6524234.413565738126636 ], [ 4391768.129673967137933, 6524188.457467989996076 ], [ 4391759.247048666700721, 6524115.299232049845159 ], [ 4391702.000139455311, 6524120.500116849318147 ], [ 4391639.471252834424376, 6524126.647429729811847 ], [ 4391577.258188793435693, 6524132.30294400639832 ], [ 4391520.392492493614554, 6524137.157825626432896 ], [ 4391458.851687622256577, 6524144.113491213880479 ], [ 4391402.047985062003136, 6524150.154654204845428 ], [ 4391313.635898021049798, 6524158.257568774744868 ], [ 4391309.357616800814867, 6524158.844016924500465 ], [ 4391275.426404260098934, 6524163.495159682817757 ], [ 4391257.193787940777838, 6524165.994407285936177 ], [ 4391265.822571260854602, 6524173.424657436087728 ], [ 4391273.39328589104116, 6524182.509701405651867 ], [ 4391280.964472430758178, 6524195.632968705147505 ], [ 4391298.630267610773444, 6524216.074574215337634 ], [ 4391301.910854381509125, 6524221.879031416960061 ], [ 4391306.200982240960002, 6524233.487969386391342 ], [ 4391321.342895210720599, 6524262.45956061501056 ], [ 4391323.362000990658998, 6524268.516406024806201 ], [ 4391327.652140650898218, 6524275.582816125825047 ], [ 4391331.689892081543803, 6524292.995762974955142 ], [ 4391337.241972850635648, 6524306.6238067233935 ], [ 4391342.036888950504363, 6524331.860316547565162 ], [ 4391344.055994721129537, 6524336.402844426222146 ], [ 4391348.598510801792145, 6524354.321027836762369 ], [ 4391353.141038680449128, 6524368.453376115299761 ], [ 4391353.675291779451072, 6524388.757230218499899 ] ] ] ] } },
{ "type": "Feature", "properties": { "id": 2351, "link": "140147404", "totalpobl": 752.0, "area_radio": 96834.413 }, "geometry": { "type": "MultiPolygon", "coordinates": [ [ [ [ 4391428.211594081483781, 6524623.435183078050613 ], [ 4391437.883313070982695, 6524622.728331414051354 ], [ 4391458.369682362303138, 6524621.075476165860891 ], [ 4391465.50008256174624, 6524620.500190268270671 ], [ 4391503.509770364500582, 6524617.433540876023471 ], [ 4391577.904303843155503, 6524610.965292708016932 ], [ 4391640.000130685046315, 6524604.500070573762059 ], [ 4391697.00725475512445, 6524599.358045838773251 ], [ 4391756.500196984969079, 6524594.499997260048985 ], [ 4391815.984832657501101, 6524589.642155979759991 ], [ 4391809.64162084646523, 6524531.000095469877124 ], [ 4391802.588922014459968, 6524471.705233419314027 ], [ 4391795.197610577568412, 6524412.806289420463145 ], [ 4391788.653727367520332, 6524354.065922028385103 ], [ 4391733.500252445228398, 6524358.500066759064794 ], [ 4391668.126439295709133, 6524363.100268510170281 ], [ 4391613.000159183517098, 6524369.000254608690739 ], [ 4391548.15210993308574, 6524375.245536735281348 ], [ 4391488.421318764798343, 6524379.553539176471531 ], [ 4391431.759251421317458, 6524384.43907352630049 ], [ 4391392.513418031856418, 6524387.939804914407432 ], [ 4391353.675291779451072, 6524388.757230218499899 ], [ 4391354.669215831905603, 6524403.577198225073516 ], [ 4391358.912171601317823, 6524414.34700448717922 ], [ 4391362.105754332616925, 6524424.547127275727689 ], [ 4391366.414160060696304, 6524431.511420965194702 ], [ 4391369.955535711720586, 6524436.040095584467053 ], [ 4391374.278484471142292, 6524444.674264187924564 ], [ 4391378.673403252847493, 6524451.223929704166949 ], [ 4391383.960526562295854, 6524462.921636725775898 ], [ 4391398.942318951711059, 6524502.706514025107026 ], [ 4391402.181189311668277, 6524511.340030616149306 ], [ 4391411.285858871415257, 6524541.630478452891111 ], [ 4391415.889620522037148, 6524555.980518665164709 ], [ 4391418.777933672070503, 6524574.754959875717759 ], [ 4391421.933506391942501, 6524581.393960227258503 ], [ 4391422.83697251137346, 6524589.011303867213428 ], [ 4391427.468878812156618, 6524610.921081616543233 ], [ 4391428.211594081483781, 6524623.435183078050613 ] ] ] ] } },
{ "type": "Feature", "properties": { "id": 2352, "link": "140147403", "totalpobl": 836.0, "area_radio": 67252.475 }, "geometry": { "type": "MultiPolygon", "coordinates": [ [ [ [ 4392143.505738199688494, 6524561.364932871423662 ], [ 4392143.739966050721705, 6524502.452106329612434 ], [ 4392145.875549861229956, 6524475.561632951721549 ], [ 4392145.92161448020488, 6524440.570559469051659 ], [ 4392143.766809000633657, 6524385.038416582159698 ], [ 4392141.378275929950178, 6524323.482809287495911 ], [ 4392025.045423747971654, 6524333.45079944934696 ], [ 4391956.460469217970967, 6524338.927717057988048 ], [ 4391906.560385307297111, 6524343.383696528151631 ], [ 4391847.999848766252398, 6524347.999867048114538 ], [ 4391788.653727367520332, 6524354.065922028385103 ], [ 4391795.197610577568412, 6524412.806289420463145 ], [ 4391802.588922014459968, 6524471.705233419314027 ], [ 4391809.64162084646523, 6524531.000095469877124 ], [ 4391876.431213577277958, 6524524.583217077888548 ], [ 4391928.078068767674267, 6524520.305539153516293 ], [ 4391987.000207518227398, 6524515.500090308487415 ], [ 4392046.128029558807611, 6524509.775702890008688 ], [ 4392052.798587027937174, 6524568.636675188317895 ], [ 4392143.505738199688494, 6524561.364932871423662 ] ] ] ] } },
{ "type": "Feature", "properties": { "id": 2342, "link": "140147415", "totalpobl": 1003.0, "area_radio": 121229.47 }, "geometry": { "type": "MultiPolygon", "coordinates": [ [ [ [ 4392434.663689403794706, 6523477.209189644083381 ], [ 4392550.062500375322998, 6523477.749609900638461 ], [ 4392663.416317674331367, 6523477.784367547370493 ], [ 4392766.201728686690331, 6523478.889512753114104 ], [ 4392764.92471250705421, 6523359.819122892804444 ], [ 4392762.525639747269452, 6523254.90364945307374 ], [ 4392760.141782827675343, 6523148.772337952628732 ], [ 4392758.048713818192482, 6523106.114696200937033 ], [ 4392656.13080351613462, 6523106.696593604050577 ], [ 4392554.729564623907208, 6523109.041077592410147 ], [ 4392482.002467254176736, 6523111.456006765365601 ], [ 4392434.11749701295048, 6523113.2171203000471 ], [ 4392434.793876633048058, 6523238.013427569530904 ], [ 4392434.684519085101783, 6523292.816920601762831 ], [ 4392434.437756611965597, 6523344.020513731054962 ], [ 4392434.663689403794706, 6523477.209189644083381 ] ] ] ] } },
{ "type": "Feature", "properties": { "id": 2353, "link": "140147402", "totalpobl": 1014.0, "area_radio": 90906.345 }, "geometry": { "type": "MultiPolygon", "coordinates": [ [ [ [ 4391861.446606236509979, 6524939.157070529647171 ], [ 4391865.521467718295753, 6524936.629211509600282 ], [ 4391873.671190677210689, 6524931.573493478819728 ], [ 4391879.114011158235371, 6524928.243514948524535 ], [ 4391884.556831637397408, 6524924.91353642847389 ], [ 4391892.332445387728512, 6524919.474587519653141 ], [ 4391900.108059148304164, 6524914.035638607107103 ], [ 4391908.235133627429605, 6524904.585059679113328 ], [ 4391916.362208107486367, 6524895.134480736218393 ], [ 4391923.256623228080571, 6524877.335855996236205 ], [ 4391930.256549337878823, 6524870.998043401166797 ], [ 4391937.256475447677076, 6524864.660230797715485 ], [ 4391951.731490927748382, 6524851.540768552571535 ], [ 4391961.950775447301567, 6524848.654819185845554 ], [ 4391971.281402807682753, 6524842.660857851617038 ], [ 4391981.076460408978164, 6524827.974567228928208 ], [ 4391990.654947618953884, 6524818.328915131278336 ], [ 4392000.233434827998281, 6524808.683263040147722 ], [ 4392014.832317659631371, 6524795.32894336245954 ], [ 4392035.011468629352748, 6524774.666215701028705 ], [ 4392051.016625138930976, 6524756.237016398459673 ], [ 4392054.979925368912518, 6524751.679556562565267 ], [ 4392058.916542079299688, 6524747.152780536562204 ], [ 4392060.147846228443086, 6524745.736884960904717 ], [ 4392062.223703688010573, 6524743.349824579432607 ], [ 4392063.639149229042232, 6524741.722181994467974 ], [ 4392067.867367508821189, 6524736.860088839195669 ], [ 4392145.927094009704888, 6524731.248548628762364 ], [ 4392145.239901780150831, 6524678.766857668757439 ], [ 4392144.613570171408355, 6524609.896967461332679 ], [ 4392143.505738199688494, 6524561.364932871423662 ], [ 4392052.798587027937174, 6524568.636675188317895 ], [ 4392046.128029558807611, 6524509.775702890008688 ], [ 4391987.000207518227398, 6524515.500090308487415 ], [ 4391928.078068767674267, 6524520.305539153516293 ], [ 4391876.431213577277958, 6524524.583217077888548 ], [ 4391809.64162084646523, 6524531.000095469877124 ], [ 4391815.984832657501101, 6524589.642155979759991 ], [ 4391823.630161726847291, 6524652.08479836769402 ], [ 4391830.460785896517336, 6524709.674193659797311 ], [ 4391837.685080666095018, 6524768.619405481033027 ], [ 4391844.234760906547308, 6524827.092875550501049 ], [ 4391854.133292046375573, 6524924.965123390778899 ], [ 4391853.543755616061389, 6524932.718724598176777 ], [ 4391853.307712288573384, 6524933.163197698071599 ], [ 4391861.446606236509979, 6524939.157070529647171 ] ] ] ] } },
{ "type": "Feature", "properties": { "id": 2354, "link": "140147401", "totalpobl": 1225.0, "area_radio": 159119.809 }, "geometry": { "type": "MultiPolygon", "coordinates": [ [ [ [ 4391447.148671361617744, 6525030.533858756534755 ], [ 4391461.809327940456569, 6525035.963196848519146 ], [ 4391487.612057433463633, 6525045.518822226673365 ], [ 4391490.084259253926575, 6525046.434362357482314 ], [ 4391492.429611432366073, 6525047.331858818419278 ], [ 4391495.907909703440964, 6525048.662899998016655 ], [ 4391498.787412222474813, 6525049.76479987706989 ], [ 4391501.387250463478267, 6525050.71439175773412 ], [ 4391510.350239112973213, 6525053.988126669079065 ], [ 4391519.90757723338902, 6525057.478947948664427 ], [ 4391627.727214784361422, 6525001.728086685761809 ], [ 4391651.708825665526092, 6524995.720770524814725 ], [ 4391687.057188205420971, 6524992.367356329225004 ], [ 4391701.375483485870063, 6524986.442981649190187 ], [ 4391715.693778763525188, 6524980.518606969155371 ], [ 4391736.901850334368646, 6524972.678990390151739 ], [ 4391761.428606166504323, 6524965.917894969694316 ], [ 4391780.651615906506777, 6524977.485896497964859 ], [ 4391797.28469483461231, 6524977.204188196919858 ], [ 4391815.045649796724319, 6524965.372151160612702 ], [ 4391828.878776466473937, 6524958.317677627317607 ], [ 4391842.711903146468103, 6524951.263204087503254 ], [ 4391850.041823945939541, 6524946.474066818132997 ], [ 4391857.37174475658685, 6524941.684929551556706 ], [ 4391861.446606236509979, 6524939.157070529647171 ], [ 4391853.307712288573384, 6524933.163197698071599 ], [ 4391853.543755616061389, 6524932.718724598176777 ], [ 4391854.133292046375573, 6524924.965123390778899 ], [ 4391844.234760906547308, 6524827.092875550501049 ], [ 4391837.685080666095018, 6524768.619405481033027 ], [ 4391830.460785896517336, 6524709.674193659797311 ], [ 4391823.630161726847291, 6524652.08479836769402 ], [ 4391815.984832657501101, 6524589.642155979759991 ], [ 4391756.500196984969079, 6524594.499997260048985 ], [ 4391697.00725475512445, 6524599.358045838773251 ], [ 4391640.000130685046315, 6524604.500070573762059 ], [ 4391577.904303843155503, 6524610.965292708016932 ], [ 4391503.509770364500582, 6524617.433540876023471 ], [ 4391465.50008256174624, 6524620.500190268270671 ], [ 4391458.369682362303138, 6524621.075476165860891 ], [ 4391437.883313070982695, 6524622.728331414051354 ], [ 4391428.211594081483781, 6524623.435183078050613 ], [ 4391429.311169212684035, 6524641.962060418911278 ], [ 4391431.801561342552304, 6524661.326017268002033 ], [ 4391434.173994762822986, 6524673.195096585899591 ], [ 4391436.529809871688485, 6524681.928384167142212 ], [ 4391440.697087291628122, 6524693.345640894025564 ], [ 4391442.877904560416937, 6524709.343710577115417 ], [ 4391446.539819043129683, 6524726.765462986193597 ], [ 4391448.698390241712332, 6524744.359582668170333 ], [ 4391445.491035293787718, 6524759.904379237443209 ], [ 4391440.44142269063741, 6524766.728176485747099 ], [ 4391438.752372763119638, 6524773.863429478369653 ], [ 4391436.695117920637131, 6524780.032882276922464 ], [ 4391434.731387571431696, 6524788.632732876576483 ], [ 4391432.767646312713623, 6524796.297816547565162 ], [ 4391431.56558936368674, 6524811.270082967355847 ], [ 4391436.756983773782849, 6524837.347715931944549 ], [ 4391438.116674521937966, 6524851.346676738932729 ], [ 4391439.314425421878695, 6524859.817030357196927 ], [ 4391440.117551502771676, 6524872.963221175596118 ], [ 4391443.41410456225276, 6524925.270516156218946 ], [ 4391443.826266803778708, 6524986.878819004632533 ], [ 4391446.638352592475712, 6525016.949813517741859 ], [ 4391447.148671361617744, 6525030.533858756534755 ] ] ] ] } },
{ "type": "Feature", "properties": { "id": 2357, "link": "140147308", "totalpobl": 659.0, "area_radio": 79468.443 }, "geometry": { "type": "MultiPolygon", "coordinates": [ [ [ [ 4389400.415902519598603, 6523553.205802155658603 ], [ 4389478.573040860705078, 6523557.874783676117659 ], [ 4389480.697430700063705, 6523558.001691306941211 ], [ 4389529.295694711618125, 6523561.454526037909091 ], [ 4389650.244347231462598, 6523575.169768068008125 ], [ 4389695.275654222816229, 6523596.531042489223182 ], [ 4389751.276541492901742, 6523631.170655341818929 ], [ 4389775.540532943792641, 6523655.047442537732422 ], [ 4389773.231593023054302, 6523581.421267434954643 ], [ 4389760.078476613387465, 6523459.923248829320073 ], [ 4389743.019310313276947, 6523343.468632067553699 ], [ 4389625.216171490959823, 6523356.613925796933472 ], [ 4389564.835152861662209, 6523360.304249883629382 ], [ 4389507.972037420608103, 6523365.505754044279456 ], [ 4389453.7501136707142, 6523371.497398688457906 ], [ 4389389.247520199045539, 6523379.098409356549382 ], [ 4389395.99980512727052, 6523442.50007101520896 ], [ 4389401.500187539495528, 6523491.999860666692257 ], [ 4389390.18023880943656, 6523497.863108487799764 ], [ 4389384.275141399353743, 6523502.411023137159646 ], [ 4389381.128555268980563, 6523506.507203127257526 ], [ 4389379.832460938952863, 6523513.327401825226843 ], [ 4389381.199569629505277, 6523519.865183146670461 ], [ 4389384.521186199039221, 6523526.379763354547322 ], [ 4389388.956020100042224, 6523530.496676037088037 ], [ 4389398.499939069151878, 6523536.000204640440643 ], [ 4389400.415902519598603, 6523553.205802155658603 ] ] ] ] } },
{ "type": "Feature", "properties": { "id": 2358, "link": "140147307", "totalpobl": 399.0, "area_radio": 94768.152 }, "geometry": { "type": "MultiPolygon", "coordinates": [ [ [ [ 4388821.314525811001658, 6523250.141061923466623 ], [ 4388821.314525810070336, 6523430.209889499470592 ], [ 4388831.110343762673438, 6523427.539777320809662 ], [ 4388850.664149883203208, 6523426.309799996204674 ], [ 4388867.653343543410301, 6523426.581668795086443 ], [ 4388878.592532283626497, 6523428.221640950068831 ], [ 4388893.086960713379085, 6523431.364917944185436 ], [ 4388903.752679794095457, 6523436.148159943521023 ], [ 4388912.093815324828029, 6523440.111426580697298 ], [ 4388924.537142056040466, 6523444.211346255615354 ], [ 4388926.451502834446728, 6523447.491290563717484 ], [ 4388923.848127534613013, 6523451.099907386116683 ], [ 4388925.53568250592798, 6523457.850599192082882 ], [ 4388929.248867384158075, 6523465.445534504018724 ], [ 4388929.417432945221663, 6523468.990142035298049 ], [ 4388930.598819344304502, 6523472.196686435490847 ], [ 4388932.624449246563017, 6523475.572268294170499 ], [ 4388937.012368254363537, 6523480.297802111133933 ], [ 4388941.474341434426606, 6523483.977457923814654 ], [ 4388960.611852646805346, 6523492.636191952973604 ], [ 4388975.880189784802496, 6523499.197589654475451 ], [ 4388991.779255624860525, 6523509.292198305018246 ], [ 4389006.416392145678401, 6523517.115773065015674 ], [ 4389035.019501334987581, 6523525.948440602980554 ], [ 4389053.278908305801451, 6523535.033484567888081 ], [ 4389084.902203836478293, 6523544.623316765762866 ], [ 4389085.9579554554075, 6523545.016045223921537 ], [ 4389134.78346910700202, 6523563.646055506542325 ], [ 4389135.88047182559967, 6523564.055829501710832 ], [ 4389136.996717255562544, 6523564.326812447048724 ], [ 4389164.894108028151095, 6523571.099263015203178 ], [ 4389178.177707027643919, 6523574.53221380431205 ], [ 4389214.579586488194764, 6523583.939744183793664 ], [ 4389226.415561897680163, 6523586.643018802627921 ], [ 4389244.650097657926381, 6523590.022478466853499 ], [ 4389269.634231049567461, 6523596.780811566859484 ], [ 4389284.40122548956424, 6523604.132385440170765 ], [ 4389290.735105718486011, 6523604.868945994414389 ], [ 4389302.568121518939734, 6523605.443805175833404 ], [ 4389313.798477159813046, 6523605.94858162663877 ], [ 4389335.754400209523737, 6523606.453358065336943 ], [ 4389361.055974939838052, 6523606.347938677296042 ], [ 4389375.001201189123094, 6523606.060381076298654 ], [ 4389399.425839690491557, 6523606.04147073533386 ], [ 4389400.415902519598603, 6523553.205802155658603 ], [ 4389398.499939069151878, 6523536.000204640440643 ], [ 4389388.956020100042224, 6523530.496676037088037 ], [ 4389384.521186199039221, 6523526.379763354547322 ], [ 4389381.199569629505277, 6523519.865183146670461 ], [ 4389379.832460938952863, 6523513.327401825226843 ], [ 4389381.128555268980563, 6523506.507203127257526 ], [ 4389384.275141399353743, 6523502.411023137159646 ], [ 4389390.18023880943656, 6523497.863108487799764 ], [ 4389401.500187539495528, 6523491.999860666692257 ], [ 4389395.99980512727052, 6523442.50007101520896 ], [ 4389389.247520199045539, 6523379.098409356549382 ], [ 4389289.499800289049745, 6523387.497115566395223 ], [ 4389250.757257758639753, 6523391.069557754322886 ], [ 4389200.499820018187165, 6523394.500174387358129 ], [ 4389194.438619417138398, 6523394.75339637696743 ], [ 4389152.593524404801428, 6523396.501581086777151 ], [ 4389110.229494496248662, 6523398.794385864399374 ], [ 4389017.929016714915633, 6523395.204680614173412 ], [ 4389001.762374504469335, 6523390.527400817722082 ], [ 4388993.165311244316399, 6523388.040126726031303 ], [ 4388915.877790254540741, 6523338.054489634931087 ], [ 4388856.460725072771311, 6523295.993871433660388 ], [ 4388849.394266833551228, 6523281.908611053600907 ], [ 4388842.327808593399823, 6523267.823350672610104 ], [ 4388836.356035003438592, 6523247.482169562019408 ], [ 4388821.314525811001658, 6523250.141061923466623 ] ] ] ] } },
{ "type": "Feature", "properties": { "id": 2359, "link": "140147306", "totalpobl": 786.0, "area_radio": 144609.242 }, "geometry": { "type": "MultiPolygon", "coordinates": [ [ [ [ 4389887.354228114709258, 6523875.267425569705665 ], [ 4389889.698093624785542, 6523887.851107988506556 ], [ 4389917.801769545301795, 6523887.851107991300523 ], [ 4389930.67120411619544, 6523935.88536866940558 ], [ 4390046.500215496867895, 6523917.999856309965253 ], [ 4390033.499881847761571, 6523800.49999966006726 ], [ 4390153.49986057728529, 6523787.500140296295285 ], [ 4390272.500072678551078, 6523776.00016209948808 ], [ 4390260.004987748339772, 6523657.696586373262107 ], [ 4390247.500120588578284, 6523536.999971270561218 ], [ 4390187.500119368545711, 6523541.999776720069349 ], [ 4390130.499927897006273, 6523548.499949469231069 ], [ 4390010.499937306158245, 6523558.500022792257369 ], [ 4389891.500199494883418, 6523569.999989128671587 ], [ 4389833.00010315515101, 6523575.499920970760286 ], [ 4389773.231593023054302, 6523581.421267434954643 ], [ 4389775.540532943792641, 6523655.047442537732422 ], [ 4389751.276541492901742, 6523631.170655341818929 ], [ 4389695.275654222816229, 6523596.531042489223182 ], [ 4389650.244347231462598, 6523575.169768068008125 ], [ 4389529.295694711618125, 6523561.454526037909091 ], [ 4389480.697430700063705, 6523558.001691306941211 ], [ 4389478.573040860705078, 6523557.874783676117659 ], [ 4389400.415902519598603, 6523553.205802155658603 ], [ 4389399.425839690491557, 6523606.04147073533386 ], [ 4389419.287516220472753, 6523605.443805179558694 ], [ 4389467.994290211237967, 6523604.686640517786145 ], [ 4389491.922629349865019, 6523606.516881499439478 ], [ 4389543.703831461258233, 6523607.967227285727859 ], [ 4389631.278257022611797, 6523618.210537106730044 ], [ 4389655.880710083059967, 6523623.361752638593316 ], [ 4389693.104740212671459, 6523635.22284287866205 ], [ 4389739.287631993182003, 6523657.683548269793391 ], [ 4389756.953427173197269, 6523670.806349557824433 ], [ 4389761.62214326299727, 6523675.727689825929701 ], [ 4389766.290859364904463, 6523680.649030098691583 ], [ 4389770.581114042550325, 6523686.150587206706405 ], [ 4389774.871368734166026, 6523691.652144318446517 ], [ 4389792.325132733210921, 6523710.343872776255012 ], [ 4389798.089014624245465, 6523716.78760682977736 ], [ 4389812.222114794887602, 6523728.896214958280325 ], [ 4389823.325524443760514, 6523738.238765228539705 ], [ 4389831.906263874843717, 6523748.838138518854976 ], [ 4389840.486543184146285, 6523762.213794051669538 ], [ 4389848.56250617466867, 6523775.084213019348681 ], [ 4389859.413807573728263, 6523793.2547846455127 ], [ 4389867.237382333725691, 6523810.16294326633215 ], [ 4389876.070049874484539, 6523831.361701649613678 ], [ 4389885.911990004591644, 6523867.698895970359445 ], [ 4389887.354228114709258, 6523875.267425569705665 ] ] ] ] } },
{ "type": "Feature", "properties": { "id": 2362, "link": "140147303", "totalpobl": 645.0, "area_radio": 166773.089 }, "geometry": { "type": "MultiPolygon", "coordinates": [ [ [ [ 4390767.96061098575592, 6524034.531940873712301 ], [ 4390786.074561663903296, 6524033.159558162093163 ], [ 4390807.273320055566728, 6524029.626583162695169 ], [ 4390814.33927003480494, 6524029.626583164557815 ], [ 4390824.686255104839802, 6524031.393300726078451 ], [ 4390838.566687075421214, 6524032.150005275383592 ], [ 4390894.793213536031544, 6524030.383747833780944 ], [ 4390923.109367776662111, 6524026.093608173541725 ], [ 4390934.465905737131834, 6524022.055396626703441 ], [ 4390941.27946749702096, 6524010.951235092245042 ], [ 4390944.055737936869264, 6524008.680213002488017 ], [ 4390950.617371586151421, 6524005.903930775821209 ], [ 4390972.024447006173432, 6524006.057067302986979 ], [ 4390981.658350396901369, 6524006.913483651354909 ], [ 4390995.033545817248523, 6524012.213176202960312 ], [ 4391006.642471985891461, 6524014.737058425322175 ], [ 4391019.76573930028826, 6524022.055396626703441 ], [ 4391024.56065539829433, 6524026.093608173541725 ], [ 4391027.158761526457965, 6524029.953655411489308 ], [ 4391034.150487597100437, 6524036.692993267439306 ], [ 4391053.83491665776819, 6524045.020884355530143 ], [ 4391057.367891649715602, 6524047.544766575098038 ], [ 4391089.670811558142304, 6524063.948148746043444 ], [ 4391101.027361318469048, 6524067.22919562458992 ], [ 4391116.421662506647408, 6524073.286052834242582 ], [ 4391131.815951899625361, 6524082.118720375001431 ], [ 4391148.976970640942454, 6524093.222881904803216 ], [ 4391169.923352599143982, 6524102.055537645705044 ], [ 4391179.008396559394896, 6524105.033442595042288 ], [ 4391182.037067021243274, 6524107.30493659619242 ], [ 4391194.993188939988613, 6524114.213361288420856 ], [ 4391208.089807329699397, 6524124.142914675176144 ], [ 4391215.739339950494468, 6524112.826218795962632 ], [ 4391245.277073949575424, 6524069.128182657063007 ], [ 4391248.227612639777362, 6524064.763164457865059 ], [ 4391255.44629227090627, 6524072.348059547133744 ], [ 4391257.940569760277867, 6524075.012526397593319 ], [ 4391267.997835628688335, 6524088.018102954141796 ], [ 4391273.90502561070025, 6524097.079523205757141 ], [ 4391267.440486750565469, 6524043.524772697128356 ], [ 4391253.795415511354804, 6523923.17380896396935 ], [ 4391240.237169870175421, 6523805.413889642804861 ], [ 4391224.892882538959384, 6523685.607329784892499 ], [ 4391108.499920547939837, 6523697.499919106252491 ], [ 4390984.499903006479144, 6523708.999885454773903 ], [ 4390867.500184605829418, 6523719.500085160136223 ], [ 4390747.485763754695654, 6523732.591221530921757 ], [ 4390753.499777944758534, 6523791.50016725435853 ], [ 4390759.000172214582562, 6523849.500149071216583 ], [ 4390769.707932854071259, 6523954.951001882553101 ], [ 4390769.431963874027133, 6523967.519877233542502 ], [ 4390767.96061098575592, 6524034.531940873712301 ] ] ] ] } },
{ "type": "Feature", "properties": { "id": 2363, "link": "140147302", "totalpobl": 696.0, "area_radio": 126095.978 }, "geometry": { "type": "MultiPolygon", "coordinates": [ [ [ [ 4390306.49059293884784, 6524173.486961523070931 ], [ 4390319.729764530435205, 6524165.494637598283589 ], [ 4390328.815292201004922, 6524160.952109718695283 ], [ 4390337.143171499483287, 6524155.904805400408804 ], [ 4390342.947640488855541, 6524151.614665742963552 ], [ 4390351.527919799089432, 6524146.567361422814429 ], [ 4390370.708044321276248, 6524138.491398440673947 ], [ 4390378.043903339654207, 6524135.826307265087962 ], [ 4390393.673060140572488, 6524129.153966251760721 ], [ 4390404.272433431819081, 6524122.592332601547241 ], [ 4390410.58167886082083, 6524117.292640060186386 ], [ 4390418.198092731647193, 6524112.570674522779882 ], [ 4390431.023284381255507, 6524105.936550409533083 ], [ 4390441.370281251147389, 6524100.888785981573164 ], [ 4390451.46487809997052, 6524095.589093432761729 ], [ 4390462.316651409491897, 6524091.0465655522421 ], [ 4390478.972893711179495, 6524083.475850918330252 ], [ 4390492.348549231886864, 6524078.428546602837741 ], [ 4390507.742838630452752, 6524072.876465830951929 ], [ 4390517.837447271682322, 6524068.586326173506677 ], [ 4390518.859163442626595, 6524068.327960919588804 ], [ 4390539.793382123112679, 6524063.034245411865413 ], [ 4390574.106617782264948, 6524056.144951731897891 ], [ 4390605.155926503241062, 6524049.910978101193905 ], [ 4390619.793051232583821, 6524047.387567793019116 ], [ 4390633.925871422514319, 6524046.125626681372523 ], [ 4390640.235116854310036, 6524044.611297350376844 ], [ 4390654.418996223248541, 6524036.905426844954491 ], [ 4390668.471796394325793, 6524032.654781712219119 ], [ 4390694.970259113237262, 6524031.39330072235316 ], [ 4390702.036669214256108, 6524032.907169930636883 ], [ 4390708.597830954007804, 6524032.654781712219119 ], [ 4390723.487815814092755, 6524028.112253836356103 ], [ 4390729.796601134352386, 6524028.112253836356103 ], [ 4390735.853458344005048, 6524029.374194945208728 ], [ 4390740.395974424667656, 6524032.402393491007388 ], [ 4390745.191362434066832, 6524034.421499261632562 ], [ 4390752.762077074497938, 6524035.683440375141799 ], [ 4390767.96061098575592, 6524034.531940873712301 ], [ 4390769.431963874027133, 6523967.519877233542502 ], [ 4390769.707932854071259, 6523954.951001882553101 ], [ 4390759.000172214582562, 6523849.500149071216583 ], [ 4390753.499777944758534, 6523791.50016725435853 ], [ 4390747.485763754695654, 6523732.591221530921757 ], [ 4390691.00011707469821, 6523737.500224264338613 ], [ 4390629.000108303502202, 6523743.000144232995808 ], [ 4390510.500022591091692, 6523753.999996040016413 ], [ 4390516.500068961642683, 6523813.000218781642616 ], [ 4390521.999988931231201, 6523871.393789710476995 ], [ 4390455.999953201040626, 6523878.000013594515622 ], [ 4390403.095713739283383, 6523882.883523262105882 ], [ 4390347.499940820969641, 6523888.999865402467549 ], [ 4390284.026587381027639, 6523894.770331949926913 ], [ 4390289.49997085891664, 6523952.000115090981126 ], [ 4390295.590357508510351, 6524014.624099089764059 ], [ 4390304.756428370252252, 6524109.628785622306168 ], [ 4390306.49059293884784, 6524173.486961523070931 ] ] ] ] } },
{ "type": "Feature", "properties": { "id": 2364, "link": "140147301", "totalpobl": 731.0, "area_radio": 153266.734 }, "geometry": { "type": "MultiPolygon", "coordinates": [ [ [ [ 4389955.816521915607154, 6524196.739060709252954 ], [ 4389964.940667415037751, 6524203.493119567632675 ], [ 4389974.240762526169419, 6524219.248715919442475 ], [ 4389981.306700717657804, 6524227.072290680371225 ], [ 4389987.236468126997352, 6524233.001631626859307 ], [ 4389995.944297347217798, 6524241.204638969153166 ], [ 4390006.286546695977449, 6524246.788995389826596 ], [ 4390016.929983507841825, 6524251.77540810033679 ], [ 4390027.840082115493715, 6524256.14769655931741 ], [ 4390032.273301925510168, 6524257.614063877612352 ], [ 4390040.858284316956997, 6524260.453701470047235 ], [ 4390052.223706127144396, 6524263.449440671131015 ], [ 4390062.084628948010504, 6524265.456064890138805 ], [ 4390069.557420495897532, 6524266.635241181589663 ], [ 4390075.373580537736416, 6524267.477305331267416 ], [ 4390087.082917406223714, 6524268.4963613525033 ], [ 4390090.899165667593479, 6524268.610271752811968 ], [ 4390098.831291696056724, 6524268.84703728929162 ], [ 4390111.430157047696412, 6524268.476850256323814 ], [ 4390116.863689397461712, 6524268.01658823993057 ], [ 4390122.192293386906385, 6524267.565214460715652 ], [ 4390130.468547676689923, 6524266.343935702927411 ], [ 4390135.858973597176373, 6524265.548502370715141 ], [ 4390146.414430977776647, 6524263.325852432288229 ], [ 4390147.345760196447372, 6524263.072913428768516 ], [ 4390160.578178408555686, 6524259.479131000116467 ], [ 4390171.693872669711709, 6524255.659641609527171 ], [ 4390182.574052638374269, 6524251.21342499088496 ], [ 4390189.679195887409151, 6524247.908140858635306 ], [ 4390196.653709597885609, 6524244.335449670441449 ], [ 4390208.514638029038906, 6524237.455504657700658 ], [ 4390219.892434519715607, 6524229.802987841889262 ], [ 4390224.608203148469329, 6524226.295093519613147 ], [ 4390231.906520658172667, 6524219.248715922236443 ], [ 4390237.458601429127157, 6524215.210964480414987 ], [ 4390244.525011518970132, 6524211.677529380656779 ], [ 4390252.348114377819002, 6524207.135001498274505 ], [ 4390257.647806918248534, 6524205.116355840116739 ], [ 4390263.704664128832519, 6524201.582920730113983 ], [ 4390267.994803790934384, 6524196.788004631176591 ], [ 4390278.089400639757514, 6524189.21727820020169 ], [ 4390291.969832608476281, 6524180.131762334145606 ], [ 4390306.49059293884784, 6524173.486961523070931 ], [ 4390304.756428370252252, 6524109.628785622306168 ], [ 4390295.590357508510351, 6524014.624099089764059 ], [ 4390289.49997085891664, 6523952.000115090981126 ], [ 4390284.026587381027639, 6523894.770331949926913 ], [ 4390278.892676579765975, 6523841.555029730312526 ], [ 4390272.500072678551078, 6523776.00016209948808 ], [ 4390153.49986057728529, 6523787.500140296295285 ], [ 4390033.499881847761571, 6523800.49999966006726 ], [ 4390046.500215496867895, 6523917.999856309965253 ], [ 4389930.67120411619544, 6523935.88536866940558 ], [ 4389917.801769545301795, 6523887.851107991300523 ], [ 4389889.698093624785542, 6523887.851107988506556 ], [ 4389893.483445044606924, 6523908.838432357646525 ], [ 4389898.656943476758897, 6523946.138132937252522 ], [ 4389905.09238301590085, 6523991.009020058438182 ], [ 4389905.839081985875964, 6524033.400864518247545 ], [ 4389905.878214825876057, 6524052.462714237160981 ], [ 4389905.879189485684037, 6524052.937477448955178 ], [ 4389908.26978237554431, 6524077.614272228442132 ], [ 4389927.429342516697943, 6524144.61766 ], [ 4389928.870665815658867, 6524152.232617751695216 ], [ 4389930.331449994817376, 6524156.613124969415367 ], [ 4389932.138889946043491, 6524160.276099309325218 ], [ 4389934.494324376806617, 6524165.32340363971889 ], [ 4389936.849758805707097, 6524171.44699380826205 ], [ 4389952.228200918063521, 6524188.964486876502633 ], [ 4389955.816521915607154, 6524196.739060709252954 ] ] ] ] } },
{ "type": "Feature", "properties": { "id": 2355, "link": "140147310", "totalpobl": 565.0, "area_radio": 86383.209 }, "geometry": { "type": "MultiPolygon", "coordinates": [ [ [ [ 4390260.004987748339772, 6523657.696586373262107 ], [ 4390379.500192050822079, 6523645.499983659945428 ], [ 4390497.99981533177197, 6523634.500131853856146 ], [ 4390486.000185031443834, 6523513.542870962992311 ], [ 4390473.499977771192789, 6523392.000040452927351 ], [ 4390459.902946620248258, 6523274.074668551795185 ], [ 4390398.874311119318008, 6523280.544354160316288 ], [ 4390341.976292078383267, 6523286.38033433072269 ], [ 4390222.765112888067961, 6523298.456766191869974 ], [ 4390235.351942828856409, 6523414.618134539574385 ], [ 4390247.500120588578284, 6523536.999971270561218 ], [ 4390260.004987748339772, 6523657.696586373262107 ] ] ] ] } },
{ "type": "Feature", "properties": { "id": 2356, "link": "140147309", "totalpobl": 979.0, "area_radio": 115095.735 }, "geometry": { "type": "MultiPolygon", "coordinates": [ [ [ [ 4389773.231593023054302, 6523581.421267434954643 ], [ 4389833.00010315515101, 6523575.499920970760286 ], [ 4389891.500199494883418, 6523569.999989128671587 ], [ 4390010.499937306158245, 6523558.500022792257369 ], [ 4390130.499927897006273, 6523548.499949469231069 ], [ 4390187.500119368545711, 6523541.999776720069349 ], [ 4390247.500120588578284, 6523536.999971270561218 ], [ 4390235.351942828856409, 6523414.618134539574385 ], [ 4390222.765112888067961, 6523298.456766191869974 ], [ 4390104.000070927664638, 6523307.500201671384275 ], [ 4389983.39259257633239, 6523318.551934397779405 ], [ 4389923.834497825242579, 6523324.757044028490782 ], [ 4389864.34940570499748, 6523331.283986547030509 ], [ 4389743.019310313276947, 6523343.468632067553699 ], [ 4389760.078476613387465, 6523459.923248829320073 ], [ 4389773.231593023054302, 6523581.421267434954643 ] ] ] ] } },
{ "type": "Feature", "properties": { "id": 2798, "link": "140210812", "totalpobl": 378.0, "area_radio": 125910.131 }, "geometry": { "type": "MultiPolygon", "coordinates": [ [ [ [ 4399635.16936774738133, 6528555.660810655914247 ], [ 4399635.169367748312652, 6528095.07491485401988 ], [ 4399401.272399958223104, 6528014.302892315201461 ], [ 4399401.779091018252075, 6528055.325780253857374 ], [ 4399403.794586578384042, 6528169.161634894087911 ], [ 4399401.146742788143456, 6528276.20263356436044 ], [ 4399400.799775089137256, 6528368.033102645538747 ], [ 4399399.180072349496186, 6528452.879524062387645 ], [ 4399399.393676528707147, 6528552.582644194364548 ], [ 4399397.520077938213944, 6528630.335595154203475 ], [ 4399635.16936774738133, 6528555.660810655914247 ] ] ] ] } },
{ "type": "Feature", "properties": { "id": 2943, "link": "140143710", "totalpobl": 393.0, "area_radio": 36766.613 }, "geometry": { "type": "MultiPolygon", "coordinates": [ [ [ [ 4388821.314525811001658, 6527034.471534442156553 ], [ 4388821.314525811001658, 6527277.570501142181456 ], [ 4388919.999905305914581, 6527242.999792592599988 ], [ 4389010.000126495026052, 6527211.000015643425286 ], [ 4388972.499955284409225, 6527101.500224772840738 ], [ 4388934.899199134670198, 6526994.642143246717751 ], [ 4388844.464054504409432, 6527026.353670765645802 ], [ 4388821.314525811001658, 6527034.471534442156553 ] ] ] ] } },
{ "type": "Feature", "properties": { "id": 3131, "link": "140145302", "totalpobl": 689.0, "area_radio": 86396.825 }, "geometry": { "type": "MultiPolygon", "coordinates": [ [ [ [ 4389546.499205351807177, 6525177.637382516637444 ], [ 4389585.000079922378063, 6525064.999977088533342 ], [ 4389603.000219011679292, 6525010.49990769661963 ], [ 4389622.499776842072606, 6524951.000032866373658 ], [ 4389626.809004962444305, 6524937.938468446023762 ], [ 4389659.999948050826788, 6524835.999859589152038 ], [ 4389645.530573911033571, 6524831.76408704277128 ], [ 4389544.998838040046394, 6524798.608656373806298 ], [ 4389524.994493939913809, 6524791.756335546262562 ], [ 4389430.999830540269613, 6524760.000212958082557 ], [ 4389400.499946619383991, 6524855.499891697429121 ], [ 4389393.999829789623618, 6524876.000025737099349 ], [ 4389380.338196939788759, 6524917.925005365163088 ], [ 4389369.544516899622977, 6524949.4170500067994 ], [ 4389356.500076939351857, 6524990.000097098760307 ], [ 4389333.500144260004163, 6525060.999938278459013 ], [ 4389319.099565809592605, 6525102.205377394333482 ], [ 4389432.807537430897355, 6525140.132563265040517 ], [ 4389546.499205351807177, 6525177.637382516637444 ] ] ] ] } },
{ "type": "Feature", "properties": { "id": 3501, "link": "140143210", "totalpobl": 828.0, "area_radio": 94176.33 }, "geometry": { "type": "MultiPolygon", "coordinates": [ [ [ [ 4391266.349381787702441, 6528633.880073027685285 ], [ 4391722.553375580348074, 6528633.880073026753962 ], [ 4391722.680618775077164, 6528604.254395000636578 ], [ 4391722.973978664726019, 6528543.940556436777115 ], [ 4391722.104131785221398, 6528476.175428728573024 ], [ 4391565.932395504787564, 6528442.406599489971995 ], [ 4391403.279813761822879, 6528406.261627435684204 ], [ 4391270.031187131069601, 6528377.435214615426958 ], [ 4391268.18309449031949, 6528388.709573317319155 ], [ 4391268.631985760293901, 6528427.002294085919857 ], [ 4391268.502540311776102, 6528481.969420035369694 ], [ 4391267.408698359504342, 6528545.062334028072655 ], [ 4391266.349381787702441, 6528633.880073027685285 ] ] ] ] } },
{ "type": "Feature", "properties": { "id": 3645, "link": "140143610", "totalpobl": 620.0, "area_radio": 80964.613 }, "geometry": { "type": "MultiPolygon", "coordinates": [ [ [ [ 4389266.999982138164341, 6527792.000015426427126 ], [ 4389308.000065779313445, 6527845.999958422034979 ], [ 4389415.499837241135538, 6527767.500177869573236 ], [ 4389519.809822311624885, 6527686.889560165815055 ], [ 4389614.500185350887477, 6527615.499959752894938 ], [ 4389681.099058972671628, 6527581.605870679020882 ], [ 4389611.668036932125688, 6527488.360916648060083 ], [ 4389506.758739690296352, 6527525.366095658391714 ], [ 4389490.487136711366475, 6527531.105828249827027 ], [ 4389358.662149199284613, 6527577.623060426674783 ], [ 4389336.632648350670934, 6527585.396344683133066 ], [ 4389311.017080380581319, 6527594.435305966064334 ], [ 4389291.658182147890329, 6527601.266555668786168 ], [ 4389163.077882858924568, 6527646.639185884036124 ], [ 4389164.50560087710619, 6527653.088597812689841 ], [ 4389192.999880637973547, 6527692.99996183346957 ], [ 4389230.500051847659051, 6527743.499992405995727 ], [ 4389266.999982138164341, 6527792.000015426427126 ] ] ] ] } },
{ "type": "Feature", "properties": { "id": 2835, "link": "140147603", "totalpobl": 910.0, "area_radio": 97159.8 }, "geometry": { "type": "MultiPolygon", "coordinates": [ [ [ [ 4393582.462403486482799, 6523058.263835495337844 ], [ 4393584.656617745757103, 6522930.788142457604408 ], [ 4393586.577928815968335, 6522805.981133236549795 ], [ 4393468.500197876244783, 6522802.00019642803818 ], [ 4393339.499912453815341, 6522796.00015006121248 ], [ 4393201.327034692279994, 6522791.491625506430864 ], [ 4393199.999901610426605, 6522916.499792746268213 ], [ 4393196.78781898226589, 6523043.86651395726949 ], [ 4393330.118373653851449, 6523048.114416516385972 ], [ 4393459.268519375473261, 6523054.252461068332195 ], [ 4393582.462403486482799, 6523058.263835495337844 ] ] ] ] } },
{ "type": "Feature", "properties": { "id": 2377, "link": "140210811", "totalpobl": 39.0, "area_radio": 9707.928 }, "geometry": { "type": "MultiPolygon", "coordinates": [ [ [ [ 4399397.434667304158211, 6528633.880073027685285 ], [ 4399635.16936774738133, 6528633.88007302954793 ], [ 4399635.16936774738133, 6528555.660810655914247 ], [ 4399397.520077938213944, 6528630.335595154203475 ], [ 4399397.434667304158211, 6528633.880073027685285 ] ] ] ] } },
{ "type": "Feature", "properties": { "id": 2326, "link": "140147515", "totalpobl": 1527.0, "area_radio": 129823.729 }, "geometry": { "type": "MultiPolygon", "coordinates": [ [ [ [ 4393582.860554666258395, 6523372.485103810206056 ], [ 4393676.499915957450867, 6523377.000149838626385 ], [ 4393682.499962327070534, 6523375.999908920377493 ], [ 4393786.057333008386195, 6523379.587719040922821 ], [ 4393891.499933189712465, 6523383.499860159121454 ], [ 4393970.94500823225826, 6523386.758086532354355 ], [ 4393986.67294505238533, 6523283.017711259424686 ], [ 4394005.966922111809254, 6523179.276185842230916 ], [ 4394020.404414331540465, 6523080.120386481285095 ], [ 4394022.698670731857419, 6523073.535849836654961 ], [ 4393912.009373979642987, 6523068.659537701867521 ], [ 4393807.979932108893991, 6523065.066217937506735 ], [ 4393693.170724436640739, 6523060.782246138900518 ], [ 4393582.462403486482799, 6523058.263835495337844 ], [ 4393586.254759826697409, 6523063.236180320382118 ], [ 4393585.159993016161025, 6523162.998061378486454 ], [ 4393584.018662836402655, 6523266.983015868812799 ], [ 4393582.860554666258395, 6523372.485103810206056 ] ] ] ] } },
{ "type": "Feature", "properties": { "id": 2327, "link": "140147514", "totalpobl": 1790.0, "area_radio": 165189.415 }, "geometry": { "type": "MultiPolygon", "coordinates": [ [ [ [ 4393970.94500823225826, 6523386.758086532354355 ], [ 4394069.499881881289184, 6523390.000021062791348 ], [ 4394118.500031294301152, 6523391.499914083629847 ], [ 4394173.999867304228246, 6523393.499933488667011 ], [ 4394229.500177613459527, 6523396.999845911748707 ], [ 4394278.499852735549212, 6523398.500201360322535 ], [ 4394384.000067234970629, 6523401.499987401999533 ], [ 4394489.819303237833083, 6523407.651818914338946 ], [ 4394512.118638138286769, 6523408.340166864916682 ], [ 4394526.874517058953643, 6523408.503969632089138 ], [ 4394527.678514018654823, 6523380.734227165579796 ], [ 4394527.451769768260419, 6523312.230125793255866 ], [ 4394527.124234997667372, 6523303.015888054855168 ], [ 4394517.253766668960452, 6523196.319257345050573 ], [ 4394515.110791648738086, 6523173.36687923129648 ], [ 4394500.55655137822032, 6523088.190849622711539 ], [ 4394484.616873055696487, 6523089.051145683042705 ], [ 4394480.748648325912654, 6523088.922602474689484 ], [ 4394477.360377177596092, 6523088.81000838521868 ], [ 4394453.466058567166328, 6523088.015987164340913 ], [ 4394386.45916909724474, 6523085.789311725646257 ], [ 4394334.467780405655503, 6523084.518877663649619 ], [ 4394280.731899506412446, 6523083.057447912171483 ], [ 4394230.202318164519966, 6523080.964025672525167 ], [ 4394177.107720154337585, 6523079.03329963888973 ], [ 4394069.738456992432475, 6523074.601981489919126 ], [ 4394022.698670731857419, 6523073.535849836654961 ], [ 4394020.404414331540465, 6523080.120386481285095 ], [ 4394005.966922111809254, 6523179.276185842230916 ], [ 4393986.67294505238533, 6523283.017711259424686 ], [ 4393970.94500823225826, 6523386.758086532354355 ] ] ] ] } },
{ "type": "Feature", "properties": { "id": 2336, "link": "140147504", "totalpobl": 1011.0, "area_radio": 69763.317 }, "geometry": { "type": "MultiPolygon", "coordinates": [ [ [ [ 4392396.865329382941127, 6524480.968343340791762 ], [ 4392452.530136835761368, 6524455.8451141808182 ], [ 4392507.44114167522639, 6524429.764997104182839 ], [ 4392480.500120045617223, 6524372.999819145537913 ], [ 4392457.999839453957975, 6524325.500048890709877 ], [ 4392513.000023374333978, 6524301.000211334787309 ], [ 4392565.50007335562259, 6524276.499899484217167 ], [ 4392518.499943355098367, 6524173.499818932265043 ], [ 4392464.500000354833901, 6524200.00013833027333 ], [ 4392412.279379213228822, 6524095.871423380449414 ], [ 4392349.226245443336666, 6524097.229744755662978 ], [ 4392325.616755931638181, 6524097.361988532356918 ], [ 4392220.386142640374601, 6524097.216931231319904 ], [ 4392207.054601520299911, 6524097.290077657438815 ], [ 4392208.000259251333773, 6524104.499985310249031 ], [ 4392248.999880451709032, 6524179.999979830347002 ], [ 4392292.16908070165664, 6524264.157320061698556 ], [ 4392300.410274092108011, 6524280.223332681693137 ], [ 4392318.504275913350284, 6524317.313355692662299 ], [ 4392349.499827071093023, 6524376.50019400101155 ], [ 4392396.499957071617246, 6524471.50022064242512 ], [ 4392396.865329382941127, 6524480.968343340791762 ] ] ] ] } },
{ "type": "Feature", "properties": { "id": 2361, "link": "140147304", "totalpobl": 743.0, "area_radio": 121825.829 }, "geometry": { "type": "MultiPolygon", "coordinates": [ [ [ [ 4390747.485763754695654, 6523732.591221530921757 ], [ 4390867.500184605829418, 6523719.500085160136223 ], [ 4390984.499903006479144, 6523708.999885454773903 ], [ 4391108.499920547939837, 6523697.499919106252491 ], [ 4391224.892882538959384, 6523685.607329784892499 ], [ 4391211.480528908781707, 6523563.472660316154361 ], [ 4391198.178876049816608, 6523443.500549085438251 ], [ 4391080.000056037679315, 6523454.999815857969224 ], [ 4390960.999843937344849, 6523466.499782194383442 ], [ 4390894.000029714778066, 6523472.499828565865755 ], [ 4390889.000224265269935, 6523421.500145893543959 ], [ 4390836.500174284912646, 6523425.99982494302094 ], [ 4390788.000163125805557, 6523431.000104680657387 ], [ 4390792.499842175282538, 6523481.999787352047861 ], [ 4390723.260195944458246, 6523489.075047945603728 ], [ 4390729.500066773034632, 6523553.000102808699012 ], [ 4390735.472165633924305, 6523611.829415346495807 ], [ 4390747.485763754695654, 6523732.591221530921757 ] ] ] ] } },
{ "type": "Feature", "properties": { "id": 2366, "link": "140147312", "totalpobl": 582.0, "area_radio": 80260.357 }, "geometry": { "type": "MultiPolygon", "coordinates": [ [ [ [ 4390960.999843937344849, 6523466.499782194383442 ], [ 4390947.999984567053616, 6523345.500024982728064 ], [ 4390942.500052736140788, 6523290.499841067939997 ], [ 4390935.499765455722809, 6523226.499824733473361 ], [ 4390920.347022496163845, 6523109.539205354638398 ], [ 4390803.329580595716834, 6523120.686578113585711 ], [ 4390685.31765307392925, 6523132.734455052763224 ], [ 4390689.760902903974056, 6523191.944766494445503 ], [ 4390697.496573854237795, 6523251.002760412171483 ], [ 4390711.249052263796329, 6523368.591827531345189 ], [ 4390723.260195944458246, 6523489.075047945603728 ], [ 4390792.499842175282538, 6523481.999787352047861 ], [ 4390788.000163125805557, 6523431.000104680657387 ], [ 4390836.500174284912646, 6523425.99982494302094 ], [ 4390889.000224265269935, 6523421.500145893543959 ], [ 4390894.000029714778066, 6523472.499828565865755 ], [ 4390960.999843937344849, 6523466.499782194383442 ] ] ] ] } },
{ "type": "Feature", "properties": { "id": 2783, "link": "140210814", "totalpobl": 942.0, "area_radio": 219138.918 }, "geometry": { "type": "MultiPolygon", "coordinates": [ [ [ [ 4399635.16936774738133, 6527280.416462336666882 ], [ 4399635.169367748312652, 6526580.626346109434962 ], [ 4399578.850778210908175, 6526403.710608575493097 ], [ 4399526.145315851084888, 6526238.812380385585129 ], [ 4399497.857174089178443, 6526154.199951091781259 ], [ 4399478.623561140149832, 6526091.972229473292828 ], [ 4399453.362277989275753, 6526014.87994403205812 ], [ 4399419.440592699684203, 6525908.561277775093913 ], [ 4399418.999858748167753, 6526093.025211575441062 ], [ 4399417.25550701841712, 6526270.822526252828538 ], [ 4399416.124816308729351, 6526451.370857213623822 ], [ 4399415.702266507782042, 6526556.698057664558291 ], [ 4399415.59462502785027, 6526675.866588900797069 ], [ 4399414.099965490400791, 6526784.826600178144872 ], [ 4399413.339588530361652, 6526902.064716403372586 ], [ 4399413.283247089013457, 6527008.037314102984965 ], [ 4399411.898723239079118, 6527127.369401251897216 ], [ 4399460.895499269478023, 6527113.571341733448207 ], [ 4399521.779053590260446, 6527317.701638354919851 ], [ 4399635.16936774738133, 6527280.416462336666882 ] ] ] ] } },
{ "type": "Feature", "properties": { "id": 3156, "link": "140145118", "totalpobl": 896.0, "area_radio": 100768.269 }, "geometry": { "type": "MultiPolygon", "coordinates": [ [ [ [ 4389974.910844378173351, 6526254.55688254814595 ], [ 4390162.314364378340542, 6526325.794674755074084 ], [ 4390199.500212097540498, 6526226.499850258231163 ], [ 4390240.000169348903, 6526119.500205178745091 ], [ 4390259.999865418300033, 6526065.999914282001555 ], [ 4390167.463179718703032, 6526029.681589419953525 ], [ 4390073.500186997465789, 6525993.99983218125999 ], [ 4390053.500040357001126, 6526047.999775182455778 ], [ 4389988.100704097189009, 6526022.792131726630032 ], [ 4389865.022981905378401, 6525976.095442399382591 ], [ 4389820.820691264234483, 6526084.148159547708929 ], [ 4389782.866604234091938, 6526182.101244496181607 ], [ 4389974.910844378173351, 6526254.55688254814595 ] ] ] ] } },
{ "type": "Feature", "properties": { "id": 3186, "link": "140144920", "totalpobl": 39.0, "area_radio": 2655.299 }, "geometry": { "type": "MultiPolygon", "coordinates": [ [ [ [ 4388821.314525809139013, 6524174.737181082367897 ], [ 4388821.314525810070336, 6524308.084268033504486 ], [ 4388823.499985654838383, 6524301.499863415025175 ], [ 4388857.999896533787251, 6524197.50000436976552 ], [ 4388861.704927304759622, 6524188.272916172631085 ], [ 4388821.314525809139013, 6524174.737181082367897 ] ] ] ] } },
{ "type": "Feature", "properties": { "id": 2815, "link": "140147703", "totalpobl": 733.0, "area_radio": 61046.95 }, "geometry": { "type": "MultiPolygon", "coordinates": [ [ [ [ 4391637.938062754459679, 6523157.766601541079581 ], [ 4391747.229581266641617, 6523147.04136332962662 ], [ 4391858.497713007032871, 6523136.83431007899344 ], [ 4391852.122692976146936, 6523078.809759615920484 ], [ 4391845.000062727369368, 6523023.499912106432021 ], [ 4391838.49988997541368, 6522968.999842719174922 ], [ 4391831.39715616684407, 6522915.202456898987293 ], [ 4391824.500246786512434, 6522860.999902927316725 ], [ 4391715.500125203281641, 6522871.00003004912287 ], [ 4391605.999871893785894, 6522883.99988940730691 ], [ 4391613.000159183517098, 6522937.999832408502698 ], [ 4391619.999972174875438, 6522991.000008778646588 ], [ 4391626.000018544495106, 6523046.000192689709365 ], [ 4391631.499950373545289, 6523100.000135689042509 ], [ 4391637.938062754459679, 6523157.766601541079581 ] ] ] ] } },
{ "type": "Feature", "properties": { "id": 2932, "link": "140143721", "totalpobl": 516.0, "area_radio": 58108.474 }, "geometry": { "type": "MultiPolygon", "coordinates": [ [ [ [ 4388934.899199134670198, 6526994.642143246717751 ], [ 4389041.7312066052109, 6526957.182013923302293 ], [ 4389130.572070986032486, 6526926.03031774610281 ], [ 4389166.592818396165967, 6526912.714388113468885 ], [ 4389177.613040948286653, 6526905.352526256814599 ], [ 4389105.288390705361962, 6526808.764127898029983 ], [ 4389026.874290535226464, 6526703.959138763137162 ], [ 4389011.318402225151658, 6526683.268402935937047 ], [ 4388953.555458425544202, 6526704.118855744600296 ], [ 4388846.499918334186077, 6526741.00016219355166 ], [ 4388871.057038203813136, 6526811.310825198888779 ], [ 4388896.999960762448609, 6526882.9998445417732 ], [ 4388934.899199134670198, 6526994.642143246717751 ] ] ] ] } },
{ "type": "Feature", "properties": { "id": 2981, "link": "140143414", "totalpobl": 735.0, "area_radio": 86155.924 }, "geometry": { "type": "MultiPolygon", "coordinates": [ [ [ [ 4390420.123547561466694, 6527480.629547719843686 ], [ 4390430.4158552326262, 6527480.337648779153824 ], [ 4390490.000211992301047, 6527437.499999221414328 ], [ 4390561.999831652268767, 6527382.000151352025568 ], [ 4390637.000174073502421, 6527328.000208351761103 ], [ 4390565.622679912485182, 6527230.88096150290221 ], [ 4390492.499883491545916, 6527134.499780211597681 ], [ 4390466.999805012717843, 6527153.999812328256667 ], [ 4390381.999863561242819, 6527141.50006749946624 ], [ 4390347.784467071294785, 6527093.05918836966157 ], [ 4390275.000206619501114, 6527147.999765957705677 ], [ 4390209.01973532885313, 6527196.891409801319242 ], [ 4390280.657531418837607, 6527293.176191750913858 ], [ 4390295.667192399501801, 6527313.350035060197115 ], [ 4390348.794952639378607, 6527384.75733832269907 ], [ 4390420.123547561466694, 6527480.629547719843686 ] ] ] ] } },
{ "type": "Feature", "properties": { "id": 2993, "link": "140143401", "totalpobl": 819.0, "area_radio": 71358.492 }, "geometry": { "type": "MultiPolygon", "coordinates": [ [ [ [ 4390525.903443652205169, 6528412.149177031591535 ], [ 4390501.114616562612355, 6528335.279121533036232 ], [ 4390480.499790761619806, 6528269.9999346639961 ], [ 4390459.999992022290826, 6528203.000120441429317 ], [ 4390439.136033820919693, 6528132.458952750079334 ], [ 4390370.169732461683452, 6528155.074722822755575 ], [ 4390301.500063590705395, 6528178.000168348662555 ], [ 4390221.218187778256834, 6528202.980567851103842 ], [ 4390156.754375637508929, 6528220.538325301371515 ], [ 4390184.339275396429002, 6528257.5796561492607 ], [ 4390211.924175168387592, 6528294.620987001806498 ], [ 4390248.477073898538947, 6528343.729015301913023 ], [ 4390264.151298679411411, 6528370.738201651722193 ], [ 4390291.459189880639315, 6528406.132649740204215 ], [ 4390340.816153940744698, 6528471.006831929087639 ], [ 4390435.525659301318228, 6528441.998920639045537 ], [ 4390455.154075002297759, 6528435.455419940873981 ], [ 4390525.903443652205169, 6528412.149177031591535 ] ] ] ] } },
{ "type": "Feature", "properties": { "id": 3333, "link": "140143416", "totalpobl": 781.0, "area_radio": 77188.761 }, "geometry": { "type": "MultiPolygon", "coordinates": [ [ [ [ 4390347.784467071294785, 6527093.05918836966157 ], [ 4390381.999863561242819, 6527141.50006749946624 ], [ 4390466.999805012717843, 6527153.999812328256667 ], [ 4390492.499883491545916, 6527134.499780211597681 ], [ 4390559.000045613385737, 6527086.999998114071786 ], [ 4390629.999886793084443, 6527034.499948131851852 ], [ 4390701.33640234451741, 6526981.481155901215971 ], [ 4390764.605059994384646, 6526931.837268472649157 ], [ 4390784.019220035523176, 6526911.418849312700331 ], [ 4390723.957820784300566, 6526893.10931187402457 ], [ 4390701.597848325036466, 6526886.581225763075054 ], [ 4390682.157356063835323, 6526880.203441543504596 ], [ 4390664.407347823493183, 6526874.380249375477433 ], [ 4390624.757016392424703, 6526861.372283604927361 ], [ 4390541.906684512272477, 6526834.917798303067684 ], [ 4390511.649410502053797, 6526824.423426122404635 ], [ 4390508.897203451953828, 6526823.4688561540097 ], [ 4390488.690307470969856, 6526841.015823700465262 ], [ 4390416.499774441123009, 6526894.499822754412889 ], [ 4390350.500201139599085, 6526943.499960311688483 ], [ 4390421.689568389207125, 6527038.921404999680817 ], [ 4390347.784467071294785, 6527093.05918836966157 ] ] ] ] } },
{ "type": "Feature", "properties": { "id": 3119, "link": "140145313", "totalpobl": 430.0, "area_radio": 44730.069 }, "geometry": { "type": "MultiPolygon", "coordinates": [ [ [ [ 4388821.314525810070336, 6523724.721608268097043 ], [ 4388821.314525810070336, 6523987.647743768058717 ], [ 4388823.499985653907061, 6523997.999992311000824 ], [ 4388838.4998644227162, 6524071.49996742233634 ], [ 4388844.157651644200087, 6524097.34870795160532 ], [ 4388861.704927304759622, 6524188.272916172631085 ], [ 4388975.256893265992403, 6524225.689268575049937 ], [ 4388965.500130435451865, 6524167.00012045353651 ], [ 4388944.663301594555378, 6524069.696351286023855 ], [ 4388940.000051956623793, 6524047.999908355996013 ], [ 4388923.999932265840471, 6523972.499913835898042 ], [ 4388916.49999288469553, 6523931.999956587329507 ], [ 4388900.999987725168467, 6523861.499767501838505 ], [ 4388890.499788014218211, 6523813.999985405243933 ], [ 4388873.105826433748007, 6523723.195452271029353 ], [ 4388868.454678542912006, 6523699.788268146105111 ], [ 4388825.114326803945005, 6523722.698269723914564 ], [ 4388821.314525810070336, 6523724.721608268097043 ] ] ] ] } },
{ "type": "Feature", "properties": { "id": 3382, "link": "140143213", "totalpobl": 543.0, "area_radio": 49168.664 }, "geometry": { "type": "MultiPolygon", "coordinates": [ [ [ [ 4391722.553375580348074, 6528633.880073026753962 ], [ 4392210.691513183526695, 6528633.880073027685285 ], [ 4392210.85895602311939, 6528587.471970402635634 ], [ 4392193.509459080174565, 6528583.709076317027211 ], [ 4392174.112454489804804, 6528579.632095899432898 ], [ 4392120.862458, 6528567.889506781473756 ], [ 4392065.573218368925154, 6528555.673470051959157 ], [ 4392045.498442268930376, 6528551.237926788628101 ], [ 4392006.754956789314747, 6528542.677333861589432 ], [ 4391972.968898988328874, 6528535.212195468135178 ], [ 4391831.216949876397848, 6528502.531160991638899 ], [ 4391722.104131785221398, 6528476.175428728573024 ], [ 4391722.973978664726019, 6528543.940556436777115 ], [ 4391722.680618775077164, 6528604.254395000636578 ], [ 4391722.553375580348074, 6528633.880073026753962 ] ] ] ] } },
{ "type": "Feature", "properties": { "id": 3397, "link": "140143312", "totalpobl": 862.0, "area_radio": 148219.025 }, "geometry": { "type": "MultiPolygon", "coordinates": [ [ [ [ 4392430.000994781963527, 6528633.880073024891317 ], [ 4392698.755725391209126, 6528633.880073024891317 ], [ 4392704.539430556818843, 6528571.095585022121668 ], [ 4392708.841674764640629, 6528493.045751022174954 ], [ 4392706.520822246558964, 6528442.959455010481179 ], [ 4392703.176559767685831, 6528374.972098981961608 ], [ 4392635.546936555765569, 6528358.983492658473551 ], [ 4392564.792148894630373, 6528342.846006894484162 ], [ 4392565.397745405323803, 6528266.892342634499073 ], [ 4392411.019036753103137, 6528241.59563947096467 ], [ 4392411.192958694882691, 6528259.000082848593593 ], [ 4392378.499817972071469, 6528259.00008285138756 ], [ 4392340.002204150892794, 6528258.447808341123164 ], [ 4392267.706888723187149, 6528258.06725032068789 ], [ 4392267.169518752023578, 6528370.000229179859161 ], [ 4392266.503153900615871, 6528481.968945752829313 ], [ 4392266.064969722181559, 6528572.674186378717422 ], [ 4392265.884751580655575, 6528598.772166022099555 ], [ 4392313.801304072141647, 6528609.498108500614762 ], [ 4392332.861752471886575, 6528613.706391267478466 ], [ 4392337.670640703290701, 6528614.744533931836486 ], [ 4392373.658330352976918, 6528622.513555430807173 ], [ 4392430.000994781963527, 6528633.880073024891317 ] ] ] ] } },
{ "type": "Feature", "properties": { "id": 2938, "link": "140143715", "totalpobl": 252.0, "area_radio": 30456.758 }, "geometry": { "type": "MultiPolygon", "coordinates": [ [ [ [ 4388821.314525811001658, 6526429.522269679233432 ], [ 4388821.314525811001658, 6526749.90544475056231 ], [ 4388846.499918334186077, 6526741.00016219355166 ], [ 4388953.555458425544202, 6526704.118855744600296 ], [ 4389011.318402225151658, 6526683.268402935937047 ], [ 4388944.026627265848219, 6526593.401362223550677 ], [ 4388937.726225234568119, 6526584.986862316727638 ], [ 4388861.815994034521282, 6526483.610073043033481 ], [ 4388821.314525811001658, 6526429.522269679233432 ] ] ] ] } },
{ "type": "Feature", "properties": { "id": 2939, "link": "140143714", "totalpobl": 222.0, "area_radio": 19829.267 }, "geometry": { "type": "MultiPolygon", "coordinates": [ [ [ [ 4388821.314525811001658, 6526749.90544475056231 ], [ 4388821.314525811001658, 6527034.471534442156553 ], [ 4388844.464054504409432, 6527026.353670765645802 ], [ 4388934.899199134670198, 6526994.642143246717751 ], [ 4388896.999960762448609, 6526882.9998445417732 ], [ 4388871.057038203813136, 6526811.310825198888779 ], [ 4388846.499918334186077, 6526741.00016219355166 ], [ 4388821.314525811001658, 6526749.90544475056231 ] ] ] ] } },
{ "type": "Feature", "properties": { "id": 2944, "link": "140143709", "totalpobl": 684.0, "area_radio": 67579.694 }, "geometry": { "type": "MultiPolygon", "coordinates": [ [ [ [ 4389010.000126495026052, 6527211.000015643425286 ], [ 4389063.376082416623831, 6527192.149119813926518 ], [ 4389116.726108077913523, 6527173.714470015838742 ], [ 4389206.49986638687551, 6527141.500067493878305 ], [ 4389322.607861299067736, 6527100.092533626593649 ], [ 4389250.12301978841424, 6527002.729750995524228 ], [ 4389177.613040948286653, 6526905.352526256814599 ], [ 4389166.592818396165967, 6526912.714388113468885 ], [ 4389130.572070986032486, 6526926.03031774610281 ], [ 4389041.7312066052109, 6526957.182013923302293 ], [ 4388934.899199134670198, 6526994.642143246717751 ], [ 4388972.499955284409225, 6527101.500224772840738 ], [ 4389010.000126495026052, 6527211.000015643425286 ] ] ] ] } },
{ "type": "Feature", "properties": { "id": 2945, "link": "140143708", "totalpobl": 1053.0, "area_radio": 115097.904 }, "geometry": { "type": "MultiPolygon", "coordinates": [ [ [ [ 4389490.487136711366475, 6527531.105828249827027 ], [ 4389506.758739690296352, 6527525.366095658391714 ], [ 4389611.668036932125688, 6527488.360916648060083 ], [ 4389575.165545482188463, 6527439.324454446323216 ], [ 4389538.663054021075368, 6527390.287992245517671 ], [ 4389466.679738060571253, 6527293.612526206299663 ], [ 4389394.199094009585679, 6527196.255778905004263 ], [ 4389322.607861299067736, 6527100.092533626593649 ], [ 4389206.49986638687551, 6527141.500067493878305 ], [ 4389116.726108077913523, 6527173.714470015838742 ], [ 4389156.299717186950147, 6527283.942593926563859 ], [ 4389192.999880637973547, 6527390.000217112712562 ], [ 4389215.781426727771759, 6527455.992806498892605 ], [ 4389293.969219679012895, 6527477.371771913953125 ], [ 4389327.841420309618115, 6527486.6333172544837 ], [ 4389436.271119280718267, 6527516.321549607440829 ], [ 4389490.487136711366475, 6527531.105828249827027 ] ] ] ] } },
{ "type": "Feature", "properties": { "id": 2946, "link": "140143707", "totalpobl": 872.0, "area_radio": 81388.639 }, "geometry": { "type": "MultiPolygon", "coordinates": [ [ [ [ 4388821.314525811001658, 6527277.570501142181456 ], [ 4388821.314525811001658, 6527521.446937367320061 ], [ 4388888.99989499244839, 6527496.999862191267312 ], [ 4388996.500128895975649, 6527461.000058284029365 ], [ 4389086.578584137372673, 6527428.009822647087276 ], [ 4389083.604872157797217, 6527419.851901474408805 ], [ 4389099.104877317324281, 6527424.089879461564124 ], [ 4389140.413225396536291, 6527409.347978594712913 ], [ 4389192.999880637973547, 6527390.000217112712562 ], [ 4389156.299717186950147, 6527283.942593926563859 ], [ 4389116.726108077913523, 6527173.714470015838742 ], [ 4389063.376082416623831, 6527192.149119813926518 ], [ 4389010.000126495026052, 6527211.000015643425286 ], [ 4388919.999905305914581, 6527242.999792592599988 ], [ 4388821.314525811001658, 6527277.570501142181456 ] ] ] ] } },
{ "type": "Feature", "properties": { "id": 2947, "link": "140143706", "totalpobl": 1089.0, "area_radio": 117431.981 }, "geometry": { "type": "MultiPolygon", "coordinates": [ [ [ [ 4388821.314525811001658, 6527521.446937367320061 ], [ 4388821.314525811001658, 6527650.066418047994375 ], [ 4388857.952858872711658, 6527754.308456555940211 ], [ 4388911.653058273717761, 6527735.295555845834315 ], [ 4388965.728773533366621, 6527716.277436852455139 ], [ 4389028.579539033584297, 6527694.099388534203172 ], [ 4389141.421837525442243, 6527654.280688827857375 ], [ 4389163.077882858924568, 6527646.639185884036124 ], [ 4389291.658182147890329, 6527601.266555668786168 ], [ 4389311.017080380581319, 6527594.435305966064334 ], [ 4389336.632648350670934, 6527585.396344683133066 ], [ 4389358.662149199284613, 6527577.623060426674783 ], [ 4389490.487136711366475, 6527531.105828249827027 ], [ 4389436.271119280718267, 6527516.321549607440829 ], [ 4389327.841420309618115, 6527486.6333172544837 ], [ 4389293.969219679012895, 6527477.371771913953125 ], [ 4389215.781426727771759, 6527455.992806498892605 ], [ 4389192.999880637973547, 6527390.000217112712562 ], [ 4389140.413225396536291, 6527409.347978594712913 ], [ 4389099.104877317324281, 6527424.089879461564124 ], [ 4389083.604872157797217, 6527419.851901474408805 ], [ 4389086.578584137372673, 6527428.009822647087276 ], [ 4388996.500128895975649, 6527461.000058284029365 ], [ 4388888.99989499244839, 6527496.999862191267312 ], [ 4388821.314525811001658, 6527521.446937367320061 ] ] ] ] } },
{ "type": "Feature", "properties": { "id": 2948, "link": "140143705", "totalpobl": 121.0, "area_radio": 8975.102 }, "geometry": { "type": "MultiPolygon", "coordinates": [ [ [ [ 4388821.314525811001658, 6527650.066418047994375 ], [ 4388821.314525811001658, 6527889.617826759815216 ], [ 4388842.677773643285036, 6527882.164151052944362 ], [ 4388896.303324393928051, 6527863.452945333905518 ], [ 4388889.210372804664075, 6527843.273517264984548 ], [ 4388857.952858872711658, 6527754.308456555940211 ], [ 4388821.314525811001658, 6527650.066418047994375 ] ] ] ] } },
{ "type": "Feature", "properties": { "id": 2952, "link": "140143614", "totalpobl": 430.0, "area_radio": 59060.267 }, "geometry": { "type": "MultiPolygon", "coordinates": [ [ [ [ 4388821.314525811001658, 6528327.766995600424707 ], [ 4388821.314525811001658, 6528603.552972557023168 ], [ 4388828.499791095033288, 6528601.500018175691366 ], [ 4388892.499807414598763, 6528582.500100595876575 ], [ 4388902.236075754277408, 6528613.549210846424103 ], [ 4388907.326040764339268, 6528631.949141271412373 ], [ 4389007.365166374482214, 6528603.633673316799104 ], [ 4389090.672674546949565, 6528580.053988223895431 ], [ 4389142.829540527425706, 6528565.236177320592105 ], [ 4389136.563726817257702, 6528547.382614554837346 ], [ 4389125.524626797996461, 6528515.928237766027451 ], [ 4389112.025577766820788, 6528477.464144344441593 ], [ 4388946.012666994705796, 6528391.79503973107785 ], [ 4388821.314525811001658, 6528327.766995600424707 ] ] ] ] } },
{ "type": "Feature", "properties": { "id": 2954, "link": "140143612", "totalpobl": 108.0, "area_radio": 13532.467 }, "geometry": { "type": "MultiPolygon", "coordinates": [ [ [ [ 4388821.314525811001658, 6527889.617826759815216 ], [ 4388821.314525811001658, 6528063.0772999599576 ], [ 4388828.44949269387871, 6528052.777788264676929 ], [ 4388842.499891374260187, 6528036.99979018419981 ], [ 4388931.618944883346558, 6527968.502721851691604 ], [ 4388910.830099415965378, 6527905.058850763365626 ], [ 4388896.303324393928051, 6527863.452945333905518 ], [ 4388842.677773643285036, 6527882.164151052944362 ], [ 4388821.314525811001658, 6527889.617826759815216 ] ] ] ] } },
{ "type": "Feature", "properties": { "id": 2955, "link": "140143611", "totalpobl": 810.0, "area_radio": 84760.741 }, "geometry": { "type": "MultiPolygon", "coordinates": [ [ [ [ 4388931.618944883346558, 6527968.502721851691604 ], [ 4388955.929858225397766, 6528033.040741834789515 ], [ 4388975.725123685784638, 6528089.405314275994897 ], [ 4389024.000226783566177, 6528053.500036264769733 ], [ 4388987.49983405508101, 6528002.999993834644556 ], [ 4389066.500203436240554, 6527942.499878086149693 ], [ 4389159.999862768687308, 6527872.49981539696455 ], [ 4389266.999982138164341, 6527792.000015426427126 ], [ 4389230.500051847659051, 6527743.499992405995727 ], [ 4389192.999880637973547, 6527692.99996183346957 ], [ 4389164.50560087710619, 6527653.088597812689841 ], [ 4389163.077882858924568, 6527646.639185884036124 ], [ 4389141.421837525442243, 6527654.280688827857375 ], [ 4389028.579539033584297, 6527694.099388534203172 ], [ 4388965.728773533366621, 6527716.277436852455139 ], [ 4388911.653058273717761, 6527735.295555845834315 ], [ 4388857.952858872711658, 6527754.308456555940211 ], [ 4388889.210372804664075, 6527843.273517264984548 ], [ 4388896.303324393928051, 6527863.452945333905518 ], [ 4388910.830099415965378, 6527905.058850763365626 ], [ 4388931.618944883346558, 6527968.502721851691604 ] ] ] ] } },
{ "type": "Feature", "properties": { "id": 2956, "link": "140143606", "totalpobl": 798.0, "area_radio": 101788.613 }, "geometry": { "type": "MultiPolygon", "coordinates": [ [ [ [ 4389045.972919615916908, 6528289.256893415004015 ], [ 4389068.336770835332572, 6528352.979379253461957 ], [ 4389082.691248356364667, 6528393.733591225929558 ], [ 4389112.025577766820788, 6528477.464144344441593 ], [ 4389125.224745417945087, 6528485.053961582481861 ], [ 4389166.500035528093576, 6528452.500036686658859 ], [ 4389216.499951568432152, 6528414.999877324327826 ], [ 4389266.499867607839406, 6528379.00006156321615 ], [ 4389347.499782109633088, 6528318.499957676976919 ], [ 4389438.999896320514381, 6528244.999970706179738 ], [ 4389544.9997747708112, 6528164.000056203454733 ], [ 4389505.50005844142288, 6528112.00013261847198 ], [ 4389467.500223271548748, 6528058.99995624832809 ], [ 4389427.160457289777696, 6528006.510150916874409 ], [ 4389319.593633149750531, 6528086.307267316617072 ], [ 4389261.428349586203694, 6528129.449384484440088 ], [ 4389209.324106028303504, 6528168.098806513473392 ], [ 4389157.178895716555417, 6528206.755674885585904 ], [ 4389143.539208006113768, 6528216.874960865825415 ], [ 4389045.972919615916908, 6528289.256893415004015 ] ] ] ] } },
{ "type": "Feature", "properties": { "id": 2957, "link": "140143602", "totalpobl": 21.0, "area_radio": 3301.999 }, "geometry": { "type": "MultiPolygon", "coordinates": [ [ [ [ 4388821.314525811001658, 6528603.552972557023168 ], [ 4388821.314525811001658, 6528633.880073027685285 ], [ 4388900.368902037851512, 6528633.880073027685285 ], [ 4388907.326040764339268, 6528631.949141271412373 ], [ 4388902.236075754277408, 6528613.549210846424103 ], [ 4388892.499807414598763, 6528582.500100595876575 ], [ 4388828.499791095033288, 6528601.500018175691366 ], [ 4388821.314525811001658, 6528603.552972557023168 ] ] ] ] } },
{ "type": "Feature", "properties": { "id": 2959, "link": "140143514", "totalpobl": 0.0, "area_radio": 7.246 }, "geometry": { "type": "MultiPolygon", "coordinates": [ [ [ [ 4388900.368902037851512, 6528633.880073027685285 ], [ 4388907.880154894664884, 6528633.880073027685285 ], [ 4388907.326040764339268, 6528631.949141271412373 ], [ 4388900.368902037851512, 6528633.880073027685285 ] ] ] ] } },
{ "type": "Feature", "properties": { "id": 2960, "link": "140143512", "totalpobl": 352.0, "area_radio": 39734.001 }, "geometry": { "type": "MultiPolygon", "coordinates": [ [ [ [ 4389106.495037814602256, 6528633.880073024891317 ], [ 4389429.291078821755946, 6528633.880073027685285 ], [ 4389453.999775090254843, 6528586.999791505746543 ], [ 4389484.000006910413504, 6528530.00005061738193 ], [ 4389467.446675990708172, 6528471.303444283083081 ], [ 4389358.814882269129157, 6528502.207517694681883 ], [ 4389316.167294869199395, 6528514.645332179032266 ], [ 4389226.808806797489524, 6528540.444987187162042 ], [ 4389194.407583637163043, 6528550.182276986539364 ], [ 4389142.829540527425706, 6528565.236177320592105 ], [ 4389090.672674546949565, 6528580.053988223895431 ], [ 4389106.495037814602256, 6528633.880073024891317 ] ] ] ] } },
{ "type": "Feature", "properties": { "id": 2961, "link": "140143511", "totalpobl": 1113.0, "area_radio": 98751.026 }, "geometry": { "type": "MultiPolygon", "coordinates": [ [ [ [ 4389453.999775090254843, 6528586.999791505746543 ], [ 4389482.427346030250192, 6528599.708614996634424 ], [ 4389508.000192371197045, 6528608.000179073773324 ], [ 4389516.677436800673604, 6528610.68133744597435 ], [ 4389531.499789021909237, 6528614.000225438736379 ], [ 4389549.499916261062026, 6528615.99977055657655 ], [ 4389558.999875051900744, 6528616.499896951019764 ], [ 4389572.999987182207406, 6528615.500118455849588 ], [ 4389588.560286392457783, 6528613.78916662465781 ], [ 4389607.16532242204994, 6528611.590431788936257 ], [ 4389620.357968592084944, 6528609.391696944832802 ], [ 4389634.999995961785316, 6528604.999918746761978 ], [ 4389688.000160473398864, 6528590.000039977952838 ], [ 4389694.000206833705306, 6528588.000032424926758 ], [ 4389753.500081674195826, 6528571.499786350876093 ], [ 4389814.00018556509167, 6528554.499888177029788 ], [ 4389873.080966365523636, 6528537.49114449787885 ], [ 4389933.500049766153097, 6528520.500091830268502 ], [ 4389992.99992460757494, 6528503.500193648040295 ], [ 4390059.046523696742952, 6528484.164075970649719 ], [ 4390037.404458057135344, 6528412.76516763586551 ], [ 4390001.588882086798549, 6528317.711869082413614 ], [ 4389941.60894784796983, 6528336.388001281768084 ], [ 4389881.658929244615138, 6528353.439499858766794 ], [ 4389831.313519245013595, 6528367.7685671383515 ], [ 4389828.168166534975171, 6528368.66378222964704 ], [ 4389765.941619323566556, 6528386.364958887919784 ], [ 4389705.517876032739878, 6528403.55904302932322 ], [ 4389646.11300138104707, 6528420.460217851214111 ], [ 4389587.192411852069199, 6528437.225425735116005 ], [ 4389526.939566911198199, 6528454.369673919863999 ], [ 4389467.446675990708172, 6528471.303444283083081 ], [ 4389484.000006910413504, 6528530.00005061738193 ], [ 4389453.999775090254843, 6528586.999791505746543 ] ] ] ] } },
{ "type": "Feature", "properties": { "id": 2962, "link": "140143510", "totalpobl": 355.0, "area_radio": 46126.285 }, "geometry": { "type": "MultiPolygon", "coordinates": [ [ [ [ 4389429.291078821755946, 6528633.880073027685285 ], [ 4390070.417713900096714, 6528633.880073024891317 ], [ 4390101.682941576465964, 6528624.832439642399549 ], [ 4390083.945902707055211, 6528566.218252961523831 ], [ 4390080.017114026471972, 6528553.348775779828429 ], [ 4390076.662025896832347, 6528542.279535420238972 ], [ 4390059.046523696742952, 6528484.164075970649719 ], [ 4389992.99992460757494, 6528503.500193648040295 ], [ 4389933.500049766153097, 6528520.500091830268502 ], [ 4389873.080966365523636, 6528537.49114449787885 ], [ 4389814.00018556509167, 6528554.499888177029788 ], [ 4389753.500081674195826, 6528571.499786350876093 ], [ 4389694.000206833705306, 6528588.000032424926758 ], [ 4389688.000160473398864, 6528590.000039977952838 ], [ 4389634.999995961785316, 6528604.999918746761978 ], [ 4389620.357968592084944, 6528609.391696944832802 ], [ 4389607.16532242204994, 6528611.590431788936257 ], [ 4389588.560286392457783, 6528613.78916662465781 ], [ 4389572.999987182207406, 6528615.500118455849588 ], [ 4389558.999875051900744, 6528616.499896951019764 ], [ 4389549.499916261062026, 6528615.99977055657655 ], [ 4389531.499789021909237, 6528614.000225438736379 ], [ 4389516.677436800673604, 6528610.68133744597435 ], [ 4389508.000192371197045, 6528608.000179073773324 ], [ 4389482.427346030250192, 6528599.708614996634424 ], [ 4389453.999775090254843, 6528586.999791505746543 ], [ 4389429.291078821755946, 6528633.880073027685285 ] ] ] ] } },
{ "type": "Feature", "properties": { "id": 2963, "link": "140143509", "totalpobl": 459.0, "area_radio": 80748.662 }, "geometry": { "type": "MultiPolygon", "coordinates": [ [ [ [ 4390104.425676551647484, 6528633.880073024891317 ], [ 4390390.52755300886929, 6528633.880073024891317 ], [ 4390372.358341218903661, 6528571.924002710729837 ], [ 4390340.816153940744698, 6528471.006831929087639 ], [ 4390291.459189880639315, 6528406.132649740204215 ], [ 4390264.151298679411411, 6528370.738201651722193 ], [ 4390171.099811978638172, 6528400.759198497980833 ], [ 4390163.170100148767233, 6528375.101950981654227 ], [ 4390146.40946308709681, 6528326.185383978299797 ], [ 4390139.72339569684118, 6528304.552522711455822 ], [ 4390132.793062997981906, 6528300.029686291702092 ], [ 4390118.518925316631794, 6528299.833446210250258 ], [ 4390091.48271987773478, 6528300.272301627323031 ], [ 4390058.165159747935832, 6528302.671266687102616 ], [ 4390001.588882086798549, 6528317.711869082413614 ], [ 4390037.404458057135344, 6528412.76516763586551 ], [ 4390059.046523696742952, 6528484.164075970649719 ], [ 4390076.662025896832347, 6528542.279535420238972 ], [ 4390080.017114026471972, 6528553.348775779828429 ], [ 4390083.945902707055211, 6528566.218252961523831 ], [ 4390101.682941576465964, 6528624.832439642399549 ], [ 4390104.425676551647484, 6528633.880073024891317 ] ] ] ] } },
{ "type": "Feature", "properties": { "id": 2970, "link": "140143604", "totalpobl": 992.0, "area_radio": 125281.67 }, "geometry": { "type": "MultiPolygon", "coordinates": [ [ [ [ 4389831.313519245013595, 6528367.7685671383515 ], [ 4389881.658929244615138, 6528353.439499858766794 ], [ 4389941.60894784796983, 6528336.388001281768084 ], [ 4390001.588882086798549, 6528317.711869082413614 ], [ 4390058.165159747935832, 6528302.671266687102616 ], [ 4390091.48271987773478, 6528300.272301627323031 ], [ 4390118.518925316631794, 6528299.833446210250258 ], [ 4390132.793062997981906, 6528300.029686291702092 ], [ 4390139.72339569684118, 6528304.552522711455822 ], [ 4390146.40946308709681, 6528326.185383978299797 ], [ 4390163.170100148767233, 6528375.101950981654227 ], [ 4390171.099811978638172, 6528400.759198497980833 ], [ 4390264.151298679411411, 6528370.738201651722193 ], [ 4390248.477073898538947, 6528343.729015301913023 ], [ 4390211.924175168387592, 6528294.620987001806498 ], [ 4390184.339275396429002, 6528257.5796561492607 ], [ 4390156.754375637508929, 6528220.538325301371515 ], [ 4390142.653365908190608, 6528201.571501391008496 ], [ 4390123.29800829757005, 6528175.573134270496666 ], [ 4390063.150870626792312, 6528094.75854837987572 ], [ 4390026.932656426914036, 6528046.134202228859067 ], [ 4389987.551216026768088, 6527993.235547517426312 ], [ 4389911.960893074981868, 6527891.700891000218689 ], [ 4389853.112478544935584, 6527935.138241508975625 ], [ 4389893.000092514790595, 6527988.999893558211625 ], [ 4389798.280857102014124, 6528059.665846795774996 ], [ 4389692.999965912662446, 6528137.999863189645112 ], [ 4389730.500137133523822, 6528187.9997792346403 ], [ 4389768.243381693959236, 6528238.856511058285832 ], [ 4389806.000131654553115, 6528288.999840379692614 ], [ 4389813.958282094448805, 6528296.954267650842667 ], [ 4389827.02641717530787, 6528350.275972417555749 ], [ 4389831.313519245013595, 6528367.7685671383515 ] ] ] ] } },
{ "type": "Feature", "properties": { "id": 2971, "link": "140143603", "totalpobl": 1178.0, "area_radio": 134662.661 }, "geometry": { "type": "MultiPolygon", "coordinates": [ [ [ [ 4389142.829540527425706, 6528565.236177320592105 ], [ 4389194.407583637163043, 6528550.182276986539364 ], [ 4389226.808806797489524, 6528540.444987187162042 ], [ 4389316.167294869199395, 6528514.645332179032266 ], [ 4389358.814882269129157, 6528502.207517694681883 ], [ 4389467.446675990708172, 6528471.303444283083081 ], [ 4389526.939566911198199, 6528454.369673919863999 ], [ 4389587.192411852069199, 6528437.225425735116005 ], [ 4389646.11300138104707, 6528420.460217851214111 ], [ 4389705.517876032739878, 6528403.55904302932322 ], [ 4389765.941619323566556, 6528386.364958887919784 ], [ 4389828.168166534975171, 6528368.66378222964704 ], [ 4389831.313519245013595, 6528367.7685671383515 ], [ 4389827.02641717530787, 6528350.275972417555749 ], [ 4389813.958282094448805, 6528296.954267650842667 ], [ 4389806.000131654553115, 6528288.999840379692614 ], [ 4389768.243381693959236, 6528238.856511058285832 ], [ 4389730.500137133523822, 6528187.9997792346403 ], [ 4389692.999965912662446, 6528137.999863189645112 ], [ 4389585.000079922378063, 6528218.500125588849187 ], [ 4389544.9997747708112, 6528164.000056203454733 ], [ 4389438.999896320514381, 6528244.999970706179738 ], [ 4389347.499782109633088, 6528318.499957676976919 ], [ 4389266.499867607839406, 6528379.00006156321615 ], [ 4389216.499951568432152, 6528414.999877324327826 ], [ 4389166.500035528093576, 6528452.500036686658859 ], [ 4389125.224745417945087, 6528485.053961582481861 ], [ 4389112.025577766820788, 6528477.464144344441593 ], [ 4389125.524626797996461, 6528515.928237766027451 ], [ 4389136.563726817257702, 6528547.382614554837346 ], [ 4389142.829540527425706, 6528565.236177320592105 ] ] ] ] } },
{ "type": "Feature", "properties": { "id": 2978, "link": "140143419", "totalpobl": 609.0, "area_radio": 653366.204 }, "geometry": { "type": "MultiPolygon", "coordinates": [ [ [ [ 4388821.314525811001658, 6526174.00258865300566 ], [ 4388821.314525811001658, 6526429.522269679233432 ], [ 4388861.815994034521282, 6526483.610073043033481 ], [ 4388937.726225234568119, 6526584.986862316727638 ], [ 4388944.026627265848219, 6526593.401362223550677 ], [ 4389011.318402225151658, 6526683.268402935937047 ], [ 4389026.874290535226464, 6526703.959138763137162 ], [ 4389105.288390705361962, 6526808.764127898029983 ], [ 4389177.613040948286653, 6526905.352526256814599 ], [ 4389250.12301978841424, 6527002.729750995524228 ], [ 4389322.607861299067736, 6527100.092533626593649 ], [ 4389328.499864519573748, 6527095.999842368997633 ], [ 4389409.499790878966451, 6527035.500189045444131 ], [ 4389462.987501250579953, 6526994.951344406232238 ], [ 4389512.509653650224209, 6527014.525413107126951 ], [ 4389597.00017265137285, 6527046.500040858052671 ], [ 4389650.137703252024949, 6527066.342806394211948 ], [ 4389676.000067743472755, 6527076.000158156268299 ], [ 4389728.500117722898722, 6527097.000083288177848 ], [ 4389839.000149514526129, 6527138.499819027259946 ], [ 4389887.93246107455343, 6527157.044331027194858 ], [ 4389996.000184927135706, 6527198.000156289897859 ], [ 4390031.127806065604091, 6527211.369748009368777 ], [ 4390129.999801508150995, 6527248.999838958494365 ], [ 4390166.999846328981221, 6527263.500065628439188 ], [ 4390261.679272439330816, 6527302.917422861792147 ], [ 4390280.657531418837607, 6527293.176191750913858 ], [ 4390209.01973532885313, 6527196.891409801319242 ], [ 4390136.906025337986648, 6527099.966811350546777 ], [ 4390117.744185328483582, 6527074.212359572760761 ], [ 4390065.769742936827242, 6527004.355840589851141 ], [ 4390018.836289016529918, 6526941.274162869900465 ], [ 4389988.499771255999804, 6526900.499869116581976 ], [ 4389907.20289764367044, 6526789.84113235026598 ], [ 4389878.253994184546173, 6526752.324582154862583 ], [ 4389808.74892370402813, 6526658.905943328514695 ], [ 4389806.289305943995714, 6526653.957823580130935 ], [ 4389831.00000215601176, 6526587.999987170100212 ], [ 4389838.501226834021509, 6526569.492976089939475 ], [ 4389771.7536799935624, 6526543.194046176038682 ], [ 4389746.572399723343551, 6526533.55458358861506 ], [ 4389739.603385653346777, 6526530.886826037429273 ], [ 4389704.15176657307893, 6526517.315849808976054 ], [ 4389665.686482392251492, 6526502.824440786615014 ], [ 4389601.801598631776869, 6526470.743859766051173 ], [ 4389542.267547042109072, 6526448.129476109519601 ], [ 4389502.579430810175836, 6526433.053695724345744 ], [ 4389468.722931110300124, 6526420.227105436846614 ], [ 4389429.525548430159688, 6526405.377112905494869 ], [ 4389368.647790879011154, 6526381.752727447077632 ], [ 4389331.030273479409516, 6526368.12327884696424 ], [ 4389292.607284529134631, 6526352.444695706479251 ], [ 4389249.33980358671397, 6526334.789307205937803 ], [ 4389180.198392088524997, 6526310.607131336815655 ], [ 4389113.323371546342969, 6526285.274690958671272 ], [ 4389083.520124246366322, 6526273.099039946682751 ], [ 4389025.00465598423034, 6526250.873964112251997 ], [ 4388997.01887777633965, 6526239.970500002615154 ], [ 4388929.05329286493361, 6526215.201050380244851 ], [ 4388919.403608254157007, 6526211.55965862236917 ], [ 4388890.527733875438571, 6526200.663098234683275 ], [ 4388837.645371452905238, 6526180.255491489544511 ], [ 4388821.314525811001658, 6526174.00258865300566 ] ] ] ] } },
{ "type": "Feature", "properties": { "id": 2979, "link": "140143418", "totalpobl": 1188.0, "area_radio": 117007.296 }, "geometry": { "type": "MultiPolygon", "coordinates": [ [ [ [ 4390209.01973532885313, 6527196.891409801319242 ], [ 4390275.000206619501114, 6527147.999765957705677 ], [ 4390347.784467071294785, 6527093.05918836966157 ], [ 4390277.499878129921854, 6526997.499903309158981 ], [ 4390204.672315049916506, 6526899.871222139336169 ], [ 4390128.499908488243818, 6526795.999883691780269 ], [ 4390044.422436336986721, 6526683.368063022382557 ], [ 4390032.522454257123172, 6526667.428474519401789 ], [ 4390038.297041005454957, 6526645.947675387375057 ], [ 4390021.989801856689155, 6526639.489998165518045 ], [ 4389966.018257265910506, 6526619.06423272844404 ], [ 4389919.133145986124873, 6526601.073415070772171 ], [ 4389878.790117914788425, 6526585.172470676712692 ], [ 4389838.501226834021509, 6526569.492976089939475 ], [ 4389831.00000215601176, 6526587.999987170100212 ], [ 4389806.289305943995714, 6526653.957823580130935 ], [ 4389808.74892370402813, 6526658.905943328514695 ], [ 4389878.253994184546173, 6526752.324582154862583 ], [ 4389907.20289764367044, 6526789.84113235026598 ], [ 4389988.499771255999804, 6526900.499869116581976 ], [ 4390018.836289016529918, 6526941.274162869900465 ], [ 4390065.769742936827242, 6527004.355840589851141 ], [ 4390117.744185328483582, 6527074.212359572760761 ], [ 4390136.906025337986648, 6527099.966811350546777 ], [ 4390209.01973532885313, 6527196.891409801319242 ] ] ] ] } },
{ "type": "Feature", "properties": { "id": 2982, "link": "140143413", "totalpobl": 750.0, "area_radio": 91601.274 }, "geometry": { "type": "MultiPolygon", "coordinates": [ [ [ [ 4389916.500151594169438, 6527557.499977947212756 ], [ 4389991.562898646108806, 6527501.730982661247253 ], [ 4390067.50014063809067, 6527444.499812218360603 ], [ 4390142.388716747052968, 6527388.178554271347821 ], [ 4390216.986256978474557, 6527332.108740880154073 ], [ 4390261.679272439330816, 6527302.917422861792147 ], [ 4390166.999846328981221, 6527263.500065628439188 ], [ 4390129.999801508150995, 6527248.999838958494365 ], [ 4390031.127806065604091, 6527211.369748009368777 ], [ 4389996.000184927135706, 6527198.000156289897859 ], [ 4389887.93246107455343, 6527157.044331027194858 ], [ 4389839.000149514526129, 6527138.499819027259946 ], [ 4389852.000008873641491, 6527156.49994626827538 ], [ 4389775.999899824149907, 6527211.000015646219254 ], [ 4389847.999981923960149, 6527308.999828328378499 ], [ 4389919.908336435444653, 6527404.71232074778527 ], [ 4389843.734530715271831, 6527460.933468049392104 ], [ 4389916.500151594169438, 6527557.499977947212756 ] ] ] ] } },
{ "type": "Feature", "properties": { "id": 2983, "link": "140143412", "totalpobl": 799.0, "area_radio": 104316.143 }, "geometry": { "type": "MultiPolygon", "coordinates": [ [ [ [ 4389538.663054021075368, 6527390.287992245517671 ], [ 4389625.500037171877921, 6527324.499833488836884 ], [ 4389700.499905302189291, 6527267.500092586502433 ], [ 4389775.999899824149907, 6527211.000015646219254 ], [ 4389852.000008873641491, 6527156.49994626827538 ], [ 4389839.000149514526129, 6527138.499819027259946 ], [ 4389728.500117722898722, 6527097.000083288177848 ], [ 4389676.000067743472755, 6527076.000158156268299 ], [ 4389650.137703252024949, 6527066.342806394211948 ], [ 4389597.00017265137285, 6527046.500040858052671 ], [ 4389512.509653650224209, 6527014.525413107126951 ], [ 4389462.987501250579953, 6526994.951344406232238 ], [ 4389409.499790878966451, 6527035.500189045444131 ], [ 4389328.499864519573748, 6527095.999842368997633 ], [ 4389322.607861299067736, 6527100.092533626593649 ], [ 4389394.199094009585679, 6527196.255778905004263 ], [ 4389466.679738060571253, 6527293.612526206299663 ], [ 4389538.663054021075368, 6527390.287992245517671 ] ] ] ] } },
{ "type": "Feature", "properties": { "id": 2984, "link": "140143411", "totalpobl": 624.0, "area_radio": 91353.337 }, "geometry": { "type": "MultiPolygon", "coordinates": [ [ [ [ 4389681.099058972671628, 6527581.605870679020882 ], [ 4389837.408054624684155, 6527640.780240644700825 ], [ 4389840.500042535364628, 6527613.499940358102322 ], [ 4389916.500151594169438, 6527557.499977947212756 ], [ 4389843.734530715271831, 6527460.933468049392104 ], [ 4389919.908336435444653, 6527404.71232074778527 ], [ 4389847.999981923960149, 6527308.999828328378499 ], [ 4389775.999899824149907, 6527211.000015646219254 ], [ 4389700.499905302189291, 6527267.500092586502433 ], [ 4389625.500037171877921, 6527324.499833488836884 ], [ 4389538.663054021075368, 6527390.287992245517671 ], [ 4389575.165545482188463, 6527439.324454446323216 ], [ 4389611.668036932125688, 6527488.360916648060083 ], [ 4389681.099058972671628, 6527581.605870679020882 ] ] ] ] } },
{ "type": "Feature", "properties": { "id": 2985, "link": "140143410", "totalpobl": 678.0, "area_radio": 82427.743 }, "geometry": { "type": "MultiPolygon", "coordinates": [ [ [ [ 4390281.959052858874202, 6527733.363477860577404 ], [ 4390357.349616951309144, 6527677.940014308318496 ], [ 4390285.567921440117061, 6527581.419131060130894 ], [ 4390210.411122779361904, 6527637.720373991876841 ], [ 4390139.356335167773068, 6527540.838615741580725 ], [ 4390067.50014063809067, 6527444.499812218360603 ], [ 4389991.562898646108806, 6527501.730982661247253 ], [ 4389916.500151594169438, 6527557.499977947212756 ], [ 4389840.500042535364628, 6527613.499940358102322 ], [ 4389837.408054624684155, 6527640.780240644700825 ], [ 4389871.935438725166023, 6527653.853686017915606 ], [ 4389941.084744676016271, 6527680.035484470427036 ], [ 4389949.344120225869119, 6527683.162557893432677 ], [ 4390030.266792826354504, 6527713.80291455052793 ], [ 4390043.61258689686656, 6527718.855957428924739 ], [ 4390082.404094357043505, 6527733.543695997446775 ], [ 4390146.38968042563647, 6527757.771113549359143 ], [ 4390194.855708749033511, 6527776.12189485039562 ], [ 4390213.95759856980294, 6527783.354548399336636 ], [ 4390281.959052858874202, 6527733.363477860577404 ] ] ] ] } },
{ "type": "Feature", "properties": { "id": 2986, "link": "140143408", "totalpobl": 731.0, "area_radio": 74612.878 }, "geometry": { "type": "MultiPolygon", "coordinates": [ [ [ [ 4390705.499881314113736, 6527574.499876135960221 ], [ 4390780.500211885198951, 6527520.499933127313852 ], [ 4390817.258120075799525, 6527493.755141223780811 ], [ 4390822.939194914884865, 6527489.38676920440048 ], [ 4390823.088667235337198, 6527473.226932535879314 ], [ 4390823.411836225539446, 6527441.876280014403164 ], [ 4390823.819286456331611, 6527396.842637152411044 ], [ 4390824.386465515941381, 6527337.519257292151451 ], [ 4390824.542921756394207, 6527321.113074672408402 ], [ 4390824.80137394554913, 6527294.141050682403147 ], [ 4390774.000050984323025, 6527227.49978744238615 ], [ 4390702.500083424150944, 6527279.000070794485509 ], [ 4390637.000174073502421, 6527328.000208351761103 ], [ 4390561.999831652268767, 6527382.000151352025568 ], [ 4390490.000211992301047, 6527437.499999221414328 ], [ 4390430.4158552326262, 6527480.337648779153824 ], [ 4390420.123547561466694, 6527480.629547719843686 ], [ 4390492.826775652356446, 6527578.343446844257414 ], [ 4390505.3120231712237, 6527574.268479541875422 ], [ 4390560.499938632361591, 6527533.499792489223182 ], [ 4390635.499806763604283, 6527479.000197396613657 ], [ 4390705.499881314113736, 6527574.499876135960221 ] ] ] ] } },
{ "type": "Feature", "properties": { "id": 2987, "link": "140143407", "totalpobl": 710.0, "area_radio": 72902.621 }, "geometry": { "type": "MultiPolygon", "coordinates": [ [ [ [ 4390637.53754404373467, 6527772.845503187738359 ], [ 4390709.45050629414618, 6527869.508754318580031 ], [ 4390779.186121765524149, 6527963.221810314804316 ], [ 4390813.838735405355692, 6528015.354982885532081 ], [ 4390813.499186306260526, 6528000.828613651916385 ], [ 4390812.966476235538721, 6527927.490916674025357 ], [ 4390816.127734125591815, 6527879.907908634282649 ], [ 4390819.444404815323651, 6527854.287336913868785 ], [ 4390819.943594476208091, 6527802.104396869428456 ], [ 4390820.13218382652849, 6527782.358030661940575 ], [ 4390820.61460736580193, 6527732.091765511780977 ], [ 4390776.990066654980183, 6527673.056160782463849 ], [ 4390705.499881314113736, 6527574.499876135960221 ], [ 4390635.499806763604283, 6527479.000197396613657 ], [ 4390560.499938632361591, 6527533.499792489223182 ], [ 4390505.3120231712237, 6527574.268479541875422 ], [ 4390492.826775652356446, 6527578.343446844257414 ], [ 4390565.65387630276382, 6527676.228244323283434 ], [ 4390637.53754404373467, 6527772.845503187738359 ] ] ] ] } },
{ "type": "Feature", "properties": { "id": 2988, "link": "140143406", "totalpobl": 606.0, "area_radio": 76059.459 }, "geometry": { "type": "MultiPolygon", "coordinates": [ [ [ [ 4390814.108438435010612, 6528144.034723994322121 ], [ 4390814.413103994913399, 6528075.261506112292409 ], [ 4390814.333815695717931, 6528036.535186692140996 ], [ 4390813.838735405355692, 6528015.354982885532081 ], [ 4390779.186121765524149, 6527963.221810314804316 ], [ 4390709.45050629414618, 6527869.508754318580031 ], [ 4390637.53754404373467, 6527772.845503187738359 ], [ 4390577.000184712931514, 6527816.000200889073312 ], [ 4390501.500190190970898, 6527871.500036912038922 ], [ 4390528.000035302713513, 6527905.000181162729859 ], [ 4390478.999897742643952, 6527885.500149054452777 ], [ 4390459.09009138122201, 6527877.997873792424798 ], [ 4390420.300030671060085, 6527989.497209778055549 ], [ 4390469.18236658256501, 6528008.192586101591587 ], [ 4390517.372714151628315, 6528026.623463029041886 ], [ 4390625.270165482535958, 6528067.889433349482715 ], [ 4390641.376268923282623, 6528074.000226903706789 ], [ 4390720.125830264762044, 6528104.176549954339862 ], [ 4390814.108438435010612, 6528144.034723994322121 ] ] ] ] } },
{ "type": "Feature", "properties": { "id": 2989, "link": "140143405", "totalpobl": 582.0, "area_radio": 73878.466 }, "geometry": { "type": "MultiPolygon", "coordinates": [ [ [ [ 4390309.010710059665143, 6527946.933915475383401 ], [ 4390361.925905608572066, 6527967.187036271207035 ], [ 4390392.485621151514351, 6527979.101211473345757 ], [ 4390420.300030671060085, 6527989.497209778055549 ], [ 4390459.09009138122201, 6527877.997873792424798 ], [ 4390478.999897742643952, 6527885.500149054452777 ], [ 4390528.000035302713513, 6527905.000181162729859 ], [ 4390501.500190190970898, 6527871.500036912038922 ], [ 4390577.000184712931514, 6527816.000200889073312 ], [ 4390637.53754404373467, 6527772.845503187738359 ], [ 4390565.65387630276382, 6527676.228244323283434 ], [ 4390492.826775652356446, 6527578.343446844257414 ], [ 4390433.415853812359273, 6527622.011764471419156 ], [ 4390357.349616951309144, 6527677.940014308318496 ], [ 4390281.959052858874202, 6527733.363477860577404 ], [ 4390349.808698951266706, 6527824.374184629879892 ], [ 4390351.323958949185908, 6527838.033424922265112 ], [ 4390309.010710059665143, 6527946.933915475383401 ] ] ] ] } },
{ "type": "Feature", "properties": { "id": 2990, "link": "140143404", "totalpobl": 405.0, "area_radio": 79500.399 }, "geometry": { "type": "MultiPolygon", "coordinates": [ [ [ [ 4389813.769095024093986, 6527759.81431548576802 ], [ 4389898.696522475220263, 6527789.987889779731631 ], [ 4389942.714095005765557, 6527806.840639649890363 ], [ 4390000.684267727658153, 6527829.011704060249031 ], [ 4390069.936945077031851, 6527855.49805563967675 ], [ 4390103.995885326527059, 6527868.524000921286643 ], [ 4390169.308604467660189, 6527893.503001269884408 ], [ 4390210.048836768604815, 6527909.084489360451698 ], [ 4390230.805688549764454, 6527917.023549649864435 ], [ 4390296.307008898817003, 6527942.075199300423265 ], [ 4390309.010710059665143, 6527946.933915475383401 ], [ 4390351.323958949185908, 6527838.033424922265112 ], [ 4390349.808698951266706, 6527824.374184629879892 ], [ 4390281.959052858874202, 6527733.363477860577404 ], [ 4390213.95759856980294, 6527783.354548399336636 ], [ 4390194.855708749033511, 6527776.12189485039562 ], [ 4390146.38968042563647, 6527757.771113549359143 ], [ 4390082.404094357043505, 6527733.543695997446775 ], [ 4390043.61258689686656, 6527718.855957428924739 ], [ 4390030.266792826354504, 6527713.80291455052793 ], [ 4389949.344120225869119, 6527683.162557893432677 ], [ 4389941.084744676016271, 6527680.035484470427036 ], [ 4389871.935438725166023, 6527653.853686017915606 ], [ 4389837.408054624684155, 6527640.780240644700825 ], [ 4389681.099058972671628, 6527581.605870679020882 ], [ 4389769.536057642661035, 6527700.401652156375349 ], [ 4389794.539494684897363, 6527733.985832989215851 ], [ 4389813.769095024093986, 6527759.81431548576802 ] ] ] ] } },
{ "type": "Feature", "properties": { "id": 2991, "link": "140143403", "totalpobl": 802.0, "area_radio": 106638.892 }, "geometry": { "type": "MultiPolygon", "coordinates": [ [ [ [ 4390156.754375637508929, 6528220.538325301371515 ], [ 4390221.218187778256834, 6528202.980567851103842 ], [ 4390301.500063590705395, 6528178.000168348662555 ], [ 4390370.169732461683452, 6528155.074722822755575 ], [ 4390337.999993878416717, 6528049.499997451901436 ], [ 4390322.499988720752299, 6527998.499840489588678 ], [ 4390307.910820920951664, 6527953.364687830209732 ], [ 4390309.010710059665143, 6527946.933915475383401 ], [ 4390296.307008898817003, 6527942.075199300423265 ], [ 4390230.805688549764454, 6527917.023549649864435 ], [ 4390210.048836768604815, 6527909.084489360451698 ], [ 4390169.308604467660189, 6527893.503001269884408 ], [ 4390103.995885326527059, 6527868.524000921286643 ], [ 4390069.936945077031851, 6527855.49805563967675 ], [ 4390000.684267727658153, 6527829.011704060249031 ], [ 4389942.714095005765557, 6527806.840639649890363 ], [ 4389898.696522475220263, 6527789.987889779731631 ], [ 4389813.769095024093986, 6527759.81431548576802 ], [ 4389911.960893074981868, 6527891.700891000218689 ], [ 4389987.551216026768088, 6527993.235547517426312 ], [ 4390026.932656426914036, 6528046.134202228859067 ], [ 4390063.150870626792312, 6528094.75854837987572 ], [ 4390123.29800829757005, 6528175.573134270496666 ], [ 4390142.653365908190608, 6528201.571501391008496 ], [ 4390156.754375637508929, 6528220.538325301371515 ] ] ] ] } },
{ "type": "Feature", "properties": { "id": 3130, "link": "140145303", "totalpobl": 406.0, "area_radio": 66795.048 }, "geometry": { "type": "MultiPolygon", "coordinates": [ [ [ [ 4389813.217751814052463, 6525271.544984497129917 ], [ 4389826.557240264490247, 6525228.974189816974103 ], [ 4389849.021471004001796, 6525152.767812608741224 ], [ 4389863.753473023883998, 6525106.311067441478372 ], [ 4389886.868299994617701, 6525037.977012217976153 ], [ 4389754.649557773023844, 6524994.505835198797286 ], [ 4389736.500183492898941, 6524988.50020407512784 ], [ 4389677.499960763379931, 6524969.000171966850758 ], [ 4389622.499776842072606, 6524951.000032866373658 ], [ 4389603.000219011679292, 6525010.49990769661963 ], [ 4389585.000079922378063, 6525064.999977088533342 ], [ 4389546.499205351807177, 6525177.637382516637444 ], [ 4389661.944084302522242, 6525215.677722005173564 ], [ 4389705.090398932807148, 6525229.865949208848178 ], [ 4389766.521367063745856, 6525250.096612399443984 ], [ 4389791.855669516138732, 6525258.492947018705308 ], [ 4389813.217751814052463, 6525271.544984497129917 ] ] ] ] } },
{ "type": "Feature", "properties": { "id": 2992, "link": "140143402", "totalpobl": 1045.0, "area_radio": 120342.916 }, "geometry": { "type": "MultiPolygon", "coordinates": [ [ [ [ 4390566.189203743822873, 6528399.865165863186121 ], [ 4390627.972215783782303, 6528379.698119532316923 ], [ 4390686.941408654674888, 6528360.343522685579956 ], [ 4390729.213725614361465, 6528346.79217894282192 ], [ 4390809.218949134461582, 6528319.478310140781105 ], [ 4390815.01882129535079, 6528318.130563843995333 ], [ 4390814.387205116450787, 6528238.369032759219408 ], [ 4390814.425761635415256, 6528222.004822102375329 ], [ 4390814.16601334605366, 6528165.157171414233744 ], [ 4390814.269206034950912, 6528149.474813774228096 ], [ 4390814.108438435010612, 6528144.034723994322121 ], [ 4390720.125830264762044, 6528104.176549954339862 ], [ 4390641.376268923282623, 6528074.000226903706789 ], [ 4390625.270165482535958, 6528067.889433349482715 ], [ 4390517.372714151628315, 6528026.623463029041886 ], [ 4390469.18236658256501, 6528008.192586101591587 ], [ 4390420.300030671060085, 6527989.497209778055549 ], [ 4390392.485621151514351, 6527979.101211473345757 ], [ 4390361.925905608572066, 6527967.187036271207035 ], [ 4390309.010710059665143, 6527946.933915475383401 ], [ 4390307.910820920951664, 6527953.364687830209732 ], [ 4390322.499988720752299, 6527998.499840489588678 ], [ 4390337.999993878416717, 6528049.499997451901436 ], [ 4390370.169732461683452, 6528155.074722822755575 ], [ 4390439.136033820919693, 6528132.458952750079334 ], [ 4390459.999992022290826, 6528203.000120441429317 ], [ 4390480.499790761619806, 6528269.9999346639961 ], [ 4390501.114616562612355, 6528335.279121533036232 ], [ 4390525.903443652205169, 6528412.149177031591535 ], [ 4390566.189203743822873, 6528399.865165863186121 ] ] ] ] } },
{ "type": "Feature", "properties": { "id": 2994, "link": "140143320", "totalpobl": 745.0, "area_radio": 153284.556 }, "geometry": { "type": "MultiPolygon", "coordinates": [ [ [ [ 4392703.176559767685831, 6528374.972098981961608 ], [ 4392699.658719196915627, 6528287.32114024553448 ], [ 4392693.7685656985268, 6528180.419388511218131 ], [ 4392684.116677304729819, 6528026.28814313467592 ], [ 4392682.829674306325614, 6528000.905604843981564 ], [ 4392679.186156526207924, 6527925.268550369888544 ], [ 4392606.721804325468838, 6527924.888110935688019 ], [ 4392542.500128814950585, 6527924.500213289633393 ], [ 4392478.056805985048413, 6527924.001486050896347 ], [ 4392413.050952122546732, 6527923.544674155302346 ], [ 4392341.502097172662616, 6527922.571906452998519 ], [ 4392269.489434542134404, 6527921.530224487185478 ], [ 4392268.891533382236958, 6528033.811865390278399 ], [ 4392268.288035601377487, 6528145.503525762818754 ], [ 4392267.706888723187149, 6528258.06725032068789 ], [ 4392340.002204150892794, 6528258.447808341123164 ], [ 4392378.499817972071469, 6528259.00008285138756 ], [ 4392411.192958694882691, 6528259.000082848593593 ], [ 4392411.019036753103137, 6528241.59563947096467 ], [ 4392565.397745405323803, 6528266.892342634499073 ], [ 4392564.792148894630373, 6528342.846006894484162 ], [ 4392635.546936555765569, 6528358.983492658473551 ], [ 4392703.176559767685831, 6528374.972098981961608 ] ] ] ] } },
{ "type": "Feature", "properties": { "id": 2995, "link": "140143319", "totalpobl": 1036.0, "area_radio": 146944.754 }, "geometry": { "type": "MultiPolygon", "coordinates": [ [ [ [ 4391566.999807662330568, 6527764.898652708157897 ], [ 4391698.669263794086874, 6527802.769362568855286 ], [ 4391699.584749185480177, 6527727.483462305739522 ], [ 4391700.103728585876524, 6527648.440134167671204 ], [ 4391829.472347206436098, 6527685.434013216756284 ], [ 4391832.918830927461386, 6527690.030435480177402 ], [ 4391833.493563046678901, 6527614.945811807177961 ], [ 4391833.619759616442025, 6527582.22100040782243 ], [ 4391834.057481366209686, 6527472.119004198350012 ], [ 4391834.2484065964818, 6527426.02144705876708 ], [ 4391834.503123756498098, 6527362.500119241885841 ], [ 4391834.641888996586204, 6527327.50101868994534 ], [ 4391835.034446537494659, 6527231.509608490392566 ], [ 4391835.047740947455168, 6527228.258757977746427 ], [ 4391835.129067776724696, 6527208.372041648253798 ], [ 4391786.028574605472386, 6527195.024903159588575 ], [ 4391599.898321124725044, 6527144.428542317822576 ], [ 4391569.000486973673105, 6527135.638478846289217 ], [ 4391568.999815214425325, 6527155.794938686303794 ], [ 4391568.99655447434634, 6527253.634571957401931 ], [ 4391568.500163114629686, 6527350.500026506371796 ], [ 4391568.404238074086607, 6527434.954108201898634 ], [ 4391567.966053884476423, 6527464.970750455744565 ], [ 4391567.627980354242027, 6527541.82442640978843 ], [ 4391567.87320642452687, 6527605.038931966759264 ], [ 4391568.055329813621938, 6527651.986792668700218 ], [ 4391568.206210364587605, 6527690.880860203877091 ], [ 4391566.999807662330568, 6527764.898652708157897 ] ] ] ] } },
{ "type": "Feature", "properties": { "id": 2996, "link": "140143318", "totalpobl": 1270.0, "area_radio": 165642.354 }, "geometry": { "type": "MultiPolygon", "coordinates": [ [ [ [ 4391300.493934191763401, 6527687.913076844066381 ], [ 4391336.664507141336799, 6527697.371331384405494 ], [ 4391395.252319382503629, 6527714.579795815981925 ], [ 4391443.728666321374476, 6527728.241791885346174 ], [ 4391507.920426023192704, 6527747.515860635787249 ], [ 4391566.999807662330568, 6527764.898652708157897 ], [ 4391568.206210364587605, 6527690.880860203877091 ], [ 4391568.055329813621938, 6527651.986792668700218 ], [ 4391567.87320642452687, 6527605.038931966759264 ], [ 4391567.627980354242027, 6527541.82442640978843 ], [ 4391567.966053884476423, 6527464.970750455744565 ], [ 4391568.404238074086607, 6527434.954108201898634 ], [ 4391568.500163114629686, 6527350.500026506371796 ], [ 4391568.99655447434634, 6527253.634571957401931 ], [ 4391568.999815214425325, 6527155.794938686303794 ], [ 4391569.000486973673105, 6527135.638478846289217 ], [ 4391345.50882258079946, 6527072.057779134251177 ], [ 4391341.146809950470924, 6527091.710373393259943 ], [ 4391305.970578410662711, 6527081.87959271389991 ], [ 4391305.501185980625451, 6527133.492555379867554 ], [ 4391305.090937441214919, 6527178.919680642895401 ], [ 4391304.23924399074167, 6527276.564665514044464 ], [ 4391303.49558181129396, 6527355.544545584358275 ], [ 4391303.188254090026021, 6527390.056562715210021 ], [ 4391302.484633810818195, 6527467.511863007210195 ], [ 4391301.767141811549664, 6527547.858780793845654 ], [ 4391301.489052781835198, 6527579.000029478222132 ], [ 4391300.493934191763401, 6527687.913076844066381 ] ] ] ] } },
{ "type": "Feature", "properties": { "id": 2997, "link": "140143317", "totalpobl": 1086.0, "area_radio": 170305.825 }, "geometry": { "type": "MultiPolygon", "coordinates": [ [ [ [ 4392270.675478361546993, 6527697.028398740105331 ], [ 4392342.661130202002823, 6527698.194878120906651 ], [ 4392413.766666793264449, 6527699.293379963375628 ], [ 4392478.914546635001898, 6527699.999786701984704 ], [ 4392479.088006145320833, 6527735.435909421183169 ], [ 4392543.837980834767222, 6527735.999590604566038 ], [ 4392607.056617116555572, 6527736.321597581729293 ], [ 4392607.499923626892269, 6527700.499901231378317 ], [ 4392662.546881606802344, 6527700.739660132676363 ], [ 4392669.666737386025488, 6527692.41369482409209 ], [ 4392788.448226607404649, 6527686.494741291739047 ], [ 4392801.987094066105783, 6527684.933851434849203 ], [ 4392824.943019247613847, 6527686.888455803506076 ], [ 4392858.944506157189608, 6527689.783545177429914 ], [ 4392866.754990117624402, 6527598.053020062856376 ], [ 4392870.249199219048023, 6527524.306947992183268 ], [ 4392869.784800147637725, 6527501.501832423731685 ], [ 4392860.521959908306599, 6527498.97602238599211 ], [ 4392842.015886908397079, 6527493.929748913273215 ], [ 4392838.721261629834771, 6527493.031363825313747 ], [ 4392579.605237535201013, 6527420.292905772104859 ], [ 4392329.652850001119077, 6527350.126842492260039 ], [ 4392268.550418453291059, 6527332.974307902157307 ], [ 4392268.902320791967213, 6527351.198002079501748 ], [ 4392268.968361621722579, 6527354.61800713185221 ], [ 4392269.121281641535461, 6527366.655253452248871 ], [ 4392271.842420182190835, 6527476.720323492772877 ], [ 4392271.260348421521485, 6527586.601478672586381 ], [ 4392270.675478361546993, 6527697.028398740105331 ] ] ] ] } },
{ "type": "Feature", "properties": { "id": 2998, "link": "140143316", "totalpobl": 692.0, "area_radio": 89016.696 }, "geometry": { "type": "MultiPolygon", "coordinates": [ [ [ [ 4391834.057481366209686, 6527472.119004198350012 ], [ 4391906.49994510691613, 6527473.000151029787958 ], [ 4391978.158230498433113, 6527473.633446048013866 ], [ 4392051.493366309441626, 6527474.481416329741478 ], [ 4392126.500218359753489, 6527475.499822540208697 ], [ 4392199.338962810114026, 6527475.995277181267738 ], [ 4392271.842420182190835, 6527476.720323492772877 ], [ 4392269.121281641535461, 6527366.655253452248871 ], [ 4392268.968361621722579, 6527354.61800713185221 ], [ 4392268.902320791967213, 6527351.198002079501748 ], [ 4392268.550418453291059, 6527332.974307902157307 ], [ 4392133.799027010798454, 6527292.586946422234178 ], [ 4392124.879119611345232, 6527289.913493320345879 ], [ 4391979.478952288627625, 6527248.994982210919261 ], [ 4391835.129067776724696, 6527208.372041648253798 ], [ 4391835.047740947455168, 6527228.258757977746427 ], [ 4391835.034446537494659, 6527231.509608490392566 ], [ 4391834.641888996586204, 6527327.50101868994534 ], [ 4391834.503123756498098, 6527362.500119241885841 ], [ 4391834.2484065964818, 6527426.02144705876708 ], [ 4391834.057481366209686, 6527472.119004198350012 ] ] ] ] } },
{ "type": "Feature", "properties": { "id": 2999, "link": "140143315", "totalpobl": 850.0, "area_radio": 96318.109 }, "geometry": { "type": "MultiPolygon", "coordinates": [ [ [ [ 4391832.918830927461386, 6527690.030435480177402 ], [ 4391838.832485466264188, 6527692.867018509656191 ], [ 4391905.16955129802227, 6527693.500088227912784 ], [ 4391978.0092206094414, 6527694.119640707969666 ], [ 4392049.499868388287723, 6527694.655623381026089 ], [ 4392124.183563301339746, 6527695.261326609179378 ], [ 4392198.999964410439134, 6527696.049927705898881 ], [ 4392270.675478361546993, 6527697.028398740105331 ], [ 4392271.260348421521485, 6527586.601478672586381 ], [ 4392271.842420182190835, 6527476.720323492772877 ], [ 4392199.338962810114026, 6527475.995277181267738 ], [ 4392126.500218359753489, 6527475.499822540208697 ], [ 4392051.493366309441626, 6527474.481416329741478 ], [ 4391978.158230498433113, 6527473.633446048013866 ], [ 4391906.49994510691613, 6527473.000151029787958 ], [ 4391834.057481366209686, 6527472.119004198350012 ], [ 4391833.619759616442025, 6527582.22100040782243 ], [ 4391833.493563046678901, 6527614.945811807177961 ], [ 4391832.918830927461386, 6527690.030435480177402 ] ] ] ] } },
{ "type": "Feature", "properties": { "id": 3000, "link": "140143313", "totalpobl": 938.0, "area_radio": 204625.546 }, "geometry": { "type": "MultiPolygon", "coordinates": [ [ [ [ 4392698.755725391209126, 6528633.880073024891317 ], [ 4392777.189076327718794, 6528633.880073027685285 ], [ 4392779.816022877581418, 6528603.252411076799035 ], [ 4392786.777774147689342, 6528513.430653143674135 ], [ 4392799.071938208304346, 6528361.927170265465975 ], [ 4392818.600949408486485, 6528120.619513732381165 ], [ 4392829.713492397218943, 6527994.955226290039718 ], [ 4392845.158551119267941, 6527834.567044774070382 ], [ 4392858.944506157189608, 6527689.783545177429914 ], [ 4392824.943019247613847, 6527686.888455803506076 ], [ 4392801.987094066105783, 6527684.933851434849203 ], [ 4392788.448226607404649, 6527686.494741291739047 ], [ 4392669.666737386025488, 6527692.41369482409209 ], [ 4392662.546881606802344, 6527700.739660132676363 ], [ 4392607.499923626892269, 6527700.499901231378317 ], [ 4392607.056617116555572, 6527736.321597581729293 ], [ 4392543.837980834767222, 6527735.999590604566038 ], [ 4392479.088006145320833, 6527735.435909421183169 ], [ 4392478.914546635001898, 6527699.999786701984704 ], [ 4392413.766666793264449, 6527699.293379963375628 ], [ 4392342.661130202002823, 6527698.194878120906651 ], [ 4392270.675478361546993, 6527697.028398740105331 ], [ 4392270.078502072021365, 6527809.740777482278645 ], [ 4392269.489434542134404, 6527921.530224487185478 ], [ 4392341.502097172662616, 6527922.571906452998519 ], [ 4392413.050952122546732, 6527923.544674155302346 ], [ 4392478.056805985048413, 6527924.001486050896347 ], [ 4392542.500128814950585, 6527924.500213289633393 ], [ 4392606.721804325468838, 6527924.888110935688019 ], [ 4392679.186156526207924, 6527925.268550369888544 ], [ 4392682.829674306325614, 6528000.905604843981564 ], [ 4392684.116677304729819, 6528026.28814313467592 ], [ 4392693.7685656985268, 6528180.419388511218131 ], [ 4392699.658719196915627, 6528287.32114024553448 ], [ 4392703.176559767685831, 6528374.972098981961608 ], [ 4392706.520822246558964, 6528442.959455010481179 ], [ 4392708.841674764640629, 6528493.045751022174954 ], [ 4392704.539430556818843, 6528571.095585022121668 ], [ 4392698.755725391209126, 6528633.880073024891317 ] ] ] ] } },
{ "type": "Feature", "properties": { "id": 3785, "link": "140145009", "totalpobl": 887.0, "area_radio": 52772.021 }, "geometry": { "type": "MultiPolygon", "coordinates": [ [ [ [ 4389117.14179755654186, 6525689.720442616380751 ], [ 4389210.32528367638588, 6525724.93701674696058 ], [ 4389302.142552767880261, 6525759.773002765141428 ], [ 4389351.49980905931443, 6525637.000132604502141 ], [ 4389397.203148790635169, 6525508.555256366729736 ], [ 4389311.781231859698892, 6525479.840380213223398 ], [ 4389208.389056197367609, 6525445.29716670140624 ], [ 4389186.734872457571328, 6525506.995883082970977 ], [ 4389163.499775196425617, 6525565.500176896341145 ], [ 4389117.14179755654186, 6525689.720442616380751 ] ] ] ] } },
{ "type": "Feature", "properties": { "id": 203, "link": "140143607", "totalpobl": 607.0, "area_radio": 75818.678 }, "geometry": { "type": "MultiPolygon", "coordinates": [ [ [ [ 4388821.314525811001658, 6528063.0772999599576 ], [ 4388821.314525811001658, 6528327.766995600424707 ], [ 4388946.012666994705796, 6528391.79503973107785 ], [ 4389112.025577766820788, 6528477.464144344441593 ], [ 4389082.691248356364667, 6528393.733591225929558 ], [ 4389068.336770835332572, 6528352.979379253461957 ], [ 4389045.972919615916908, 6528289.256893415004015 ], [ 4389023.690659306943417, 6528225.865296355448663 ], [ 4389001.234510095790029, 6528161.978622624650598 ], [ 4388975.725123685784638, 6528089.405314275994897 ], [ 4388955.929858225397766, 6528033.040741834789515 ], [ 4388931.618944883346558, 6527968.502721851691604 ], [ 4388842.499891374260187, 6528036.99979018419981 ], [ 4388828.44949269387871, 6528052.777788264676929 ], [ 4388821.314525811001658, 6528063.0772999599576 ] ] ] ] } },
{ "type": "Feature", "properties": { "id": 3855, "link": "140140703", "totalpobl": 649.0, "area_radio": 461631.705 }, "geometry": { "type": "MultiPolygon", "coordinates": [ [ [ [ 4394324.015556805767119, 6527935.580486151389778 ], [ 4394332.988765266723931, 6527903.922195442020893 ], [ 4394320.019127176143229, 6527793.718483461998403 ], [ 4394303.372220964170992, 6527629.3668795786798 ], [ 4394274.469093444757164, 6527407.394935242831707 ], [ 4394266.339712095446885, 6527337.60160817950964 ], [ 4394258.19004023540765, 6527267.448359499685466 ], [ 4394244.835079194046557, 6527156.974059222266078 ], [ 4394158.121048192493618, 6527166.412721951492131 ], [ 4394078.550281322561204, 6527178.495801215991378 ], [ 4393982.696218451485038, 6527254.776366177946329 ], [ 4393888.417546590790153, 6527324.645208608359098 ], [ 4393872.012196690775454, 6527326.50121961068362 ], [ 4393855.420958521775901, 6527328.673279262147844 ], [ 4393803.323849990032613, 6527336.080684470944107 ], [ 4393748.537084578536451, 6527343.080337478779256 ], [ 4393718.483936817385256, 6527346.397301954217255 ], [ 4393695.61231576744467, 6527349.668196457438171 ], [ 4393641.914087537676096, 6527356.018291628919542 ], [ 4393589.815096735954285, 6527361.439347134903073 ], [ 4393548.088235625997186, 6527412.901094465516508 ], [ 4393508.763840396888554, 6527457.024125260300934 ], [ 4393499.000081805512309, 6527461.500172836706042 ], [ 4393445.344721965491772, 6527468.584753228351474 ], [ 4393391.983196305111051, 6527475.29539192840457 ], [ 4393338.446586684323847, 6527482.57182239741087 ], [ 4393284.350256213918328, 6527489.502258704043925 ], [ 4393299.413464483805001, 6527600.992974488064647 ], [ 4393295.423625213094056, 6527618.806985558010638 ], [ 4393288.740317003801465, 6527642.156895775347948 ], [ 4393309.099271223880351, 6527647.984120147302747 ], [ 4393619.724639296531677, 6527735.809831979684532 ], [ 4393633.581218698062003, 6527739.727618727833033 ], [ 4393649.822239137254655, 6527744.319578447379172 ], [ 4394099.26847833301872, 6527871.878298168070614 ], [ 4394324.015556805767119, 6527935.580486151389778 ] ] ] ] } },
{ "type": "Feature", "properties": { "id": 2834, "link": "140147604", "totalpobl": 1015.0, "area_radio": 111543.393 }, "geometry": { "type": "MultiPolygon", "coordinates": [ [ [ [ 4394022.698670731857419, 6523073.535849836654961 ], [ 4394027.50003161188215, 6522943.500226682983339 ], [ 4394030.000165541656315, 6522883.000122791156173 ], [ 4394032.49983705021441, 6522819.000094609335065 ], [ 4393929.000092539936304, 6522817.500201590359211 ], [ 4393815.499812280759215, 6522813.999826732091606 ], [ 4393701.000227808021009, 6522809.500135807320476 ], [ 4393586.577928815968335, 6522805.981133236549795 ], [ 4393584.656617745757103, 6522930.788142457604408 ], [ 4393582.462403486482799, 6523058.263835495337844 ], [ 4393693.170724436640739, 6523060.782246138900518 ], [ 4393807.979932108893991, 6523065.066217937506735 ], [ 4393912.009373979642987, 6523068.659537701867521 ], [ 4394022.698670731857419, 6523073.535849836654961 ] ] ] ] } },
{ "type": "Feature", "properties": { "id": 2817, "link": "140147701", "totalpobl": 857.0, "area_radio": 121039.437 }, "geometry": { "type": "MultiPolygon", "coordinates": [ [ [ [ 4391348.502683854661882, 6522694.541837733238935 ], [ 4391106.859151556156576, 6522694.541837732307613 ], [ 4391110.882277588360012, 6522728.018523601815104 ], [ 4391119.2722157696262, 6522789.167620124295354 ], [ 4391128.300308329053223, 6522849.697413365356624 ], [ 4391139.298014979809523, 6522967.694298385642469 ], [ 4391152.194488569162786, 6523085.873474644497037 ], [ 4391162.513491909019649, 6523156.83268824685365 ], [ 4391167.88220385927707, 6523205.893492046743631 ], [ 4391287.44773715082556, 6523193.515767169184983 ], [ 4391407.729444752447307, 6523181.041159586980939 ], [ 4391394.499767101369798, 6523061.500197847373784 ], [ 4391388.000068631954491, 6523001.999860587529838 ], [ 4391379.499888331629336, 6522941.99987121578306 ], [ 4391367.689558810554445, 6522825.955217665992677 ], [ 4391361.500223522074521, 6522806.4998873276636 ], [ 4391356.499943780712783, 6522765.000151596963406 ], [ 4391349.999782890081406, 6522707.000169780105352 ], [ 4391348.502683854661882, 6522694.541837733238935 ] ] ] ] } },
{ "type": "Feature", "properties": { "id": 2836, "link": "140147602", "totalpobl": 496.0, "area_radio": 65989.337 }, "geometry": { "type": "MultiPolygon", "coordinates": [ [ [ [ 4393201.85529919154942, 6522694.541837732307613 ], [ 4393014.899673279374838, 6522694.541837732307613 ], [ 4393011.500215639360249, 6522792.000123104080558 ], [ 4393008.499955310486257, 6522910.999860915355384 ], [ 4393004.069187839515507, 6523039.019336605444551 ], [ 4393088.576449290849268, 6523040.235579204745591 ], [ 4393196.78781898226589, 6523043.86651395726949 ], [ 4393199.999901610426605, 6522916.499792746268213 ], [ 4393201.327034692279994, 6522791.491625506430864 ], [ 4393201.85529919154942, 6522694.541837732307613 ] ] ] ] } },
{ "type": "Feature", "properties": { "id": 2796, "link": "140210813", "totalpobl": 485.0, "area_radio": 186724.84 }, "geometry": { "type": "MultiPolygon", "coordinates": [ [ [ [ 4399635.169367748312652, 6528095.07491485401988 ], [ 4399635.16936774738133, 6527280.416462336666882 ], [ 4399521.779053590260446, 6527317.701638354919851 ], [ 4399460.895499269478023, 6527113.571341733448207 ], [ 4399411.898723239079118, 6527127.369401251897216 ], [ 4399411.889410219155252, 6527128.172090222127736 ], [ 4399409.088568268343806, 6527296.92777831479907 ], [ 4399409.354742098599672, 6527406.395653903484344 ], [ 4399407.98821181897074, 6527579.22745150141418 ], [ 4399408.241646498441696, 6527595.671829217113554 ], [ 4399406.212288378737867, 6527712.283606563694775 ], [ 4399405.412601849995553, 6527823.369218343868852 ], [ 4399404.231322398409247, 6527925.980079484172165 ], [ 4399401.272399958223104, 6528014.302892315201461 ], [ 4399635.169367748312652, 6528095.07491485401988 ] ] ] ] } },
{ "type": "Feature", "properties": { "id": 2807, "link": "140147712", "totalpobl": 376.0, "area_radio": 42123.915 }, "geometry": { "type": "MultiPolygon", "coordinates": [ [ [ [ 4391584.708448874764144, 6522694.541837732307613 ], [ 4391348.502683854661882, 6522694.541837733238935 ], [ 4391349.999782890081406, 6522707.000169780105352 ], [ 4391356.499943780712783, 6522765.000151596963406 ], [ 4391361.500223522074521, 6522806.4998873276636 ], [ 4391367.689558810554445, 6522825.955217665992677 ], [ 4391381.107124911621213, 6522822.080450555309653 ], [ 4391426.10226771235466, 6522818.109577931463718 ], [ 4391483.999873762018979, 6522813.000048226676881 ], [ 4391487.340001032687724, 6522840.499779662117362 ], [ 4391499.000214962288737, 6522936.499939387664199 ], [ 4391595.021075044758618, 6522926.608251026831567 ], [ 4391613.000159183517098, 6522937.999832408502698 ], [ 4391605.999871893785894, 6522883.99988940730691 ], [ 4391599.500173434615135, 6522827.999926998279989 ], [ 4391593.999779163859785, 6522771.499850058928132 ], [ 4391588.499731312505901, 6522716.998631046153605 ], [ 4391584.708448874764144, 6522694.541837732307613 ] ] ] ] } },
{ "type": "Feature", "properties": { "id": 2808, "link": "140147710", "totalpobl": 28.0, "area_radio": 4869.945 }, "geometry": { "type": "MultiPolygon", "coordinates": [ [ [ [ 4392263.785889785736799, 6522694.541837732307613 ], [ 4392088.145915241912007, 6522694.541837732307613 ], [ 4392096.954948710277677, 6522723.026837829500437 ], [ 4392122.57888787984848, 6522716.193725720979273 ], [ 4392221.01363586075604, 6522715.507808291353285 ], [ 4392245.146065081469715, 6522715.339696391485631 ], [ 4392263.785889785736799, 6522694.541837732307613 ] ] ], [ [ [ 4391958.00421476829797, 6522694.541837733238935 ], [ 4391860.762683043256402, 6522694.541837732307613 ], [ 4391868.999773898161948, 6522721.499934016726911 ], [ 4391958.00421476829797, 6522694.541837733238935 ] ] ] ] } },
{ "type": "Feature", "properties": { "id": 2811, "link": "140147707", "totalpobl": 563.0, "area_radio": 71113.418 }, "geometry": { "type": "MultiPolygon", "coordinates": [ [ [ [ 4392733.42899205442518, 6522694.541837733238935 ], [ 4392415.923015500418842, 6522694.541837732307613 ], [ 4392425.268044142983854, 6522702.792463321238756 ], [ 4392434.283243525773287, 6522710.752001062966883 ], [ 4392482.460097563453019, 6522753.286434852518141 ], [ 4392521.039668603800237, 6522787.347699121572077 ], [ 4392553.185194705612957, 6522815.728362832218409 ], [ 4392614.999874864704907, 6522870.499903663061559 ], [ 4392654.2587232850492, 6522904.965013552457094 ], [ 4392671.846289834938943, 6522920.49283579364419 ], [ 4392748.407175046391785, 6522988.088227153755724 ], [ 4392757.578320737928152, 6523004.510487284511328 ], [ 4392795.013239038176835, 6523033.76341266464442 ], [ 4392824.401018259115517, 6523034.506280491128564 ], [ 4392829.131883078254759, 6522906.398197763599455 ], [ 4392830.404532158747315, 6522864.29962414316833 ], [ 4392832.77708222810179, 6522785.797519563697278 ], [ 4392821.500162366777658, 6522772.500090981833637 ], [ 4392753.500107226893306, 6522712.500101625919342 ], [ 4392733.42899205442518, 6522694.541837733238935 ] ] ] ] } },
{ "type": "Feature", "properties": { "id": 2812, "link": "140147706", "totalpobl": 839.0, "area_radio": 94878.295 }, "geometry": { "type": "MultiPolygon", "coordinates": [ [ [ [ 4392415.923015500418842, 6522694.541837732307613 ], [ 4392315.2029072297737, 6522694.541837732307613 ], [ 4392327.999313115142286, 6522706.500055248849094 ], [ 4392327.504664773121476, 6522754.933713321574032 ], [ 4392327.401637242175639, 6522775.005702961236238 ], [ 4392327.022122660651803, 6522817.523252052254975 ], [ 4392435.500021304003894, 6522816.499960660934448 ], [ 4392435.999747863970697, 6522878.303852872923017 ], [ 4392436.49860215280205, 6522939.999867123551667 ], [ 4392436.999914322979748, 6523001.999860590323806 ], [ 4392434.11749701295048, 6523113.2171203000471 ], [ 4392482.002467254176736, 6523111.456006765365601 ], [ 4392554.729564623907208, 6523109.041077592410147 ], [ 4392656.13080351613462, 6523106.696593604050577 ], [ 4392758.048713818192482, 6523106.114696200937033 ], [ 4392757.578320737928152, 6523004.510487284511328 ], [ 4392748.407175046391785, 6522988.088227153755724 ], [ 4392671.846289834938943, 6522920.49283579364419 ], [ 4392654.2587232850492, 6522904.965013552457094 ], [ 4392614.999874864704907, 6522870.499903663061559 ], [ 4392553.185194705612957, 6522815.728362832218409 ], [ 4392521.039668603800237, 6522787.347699121572077 ], [ 4392482.460097563453019, 6522753.286434852518141 ], [ 4392434.283243525773287, 6522710.752001062966883 ], [ 4392425.268044142983854, 6522702.792463321238756 ], [ 4392415.923015500418842, 6522694.541837732307613 ] ] ] ] } },
{ "type": "Feature", "properties": { "id": 2813, "link": "140147705", "totalpobl": 978.0, "area_radio": 118681.82 }, "geometry": { "type": "MultiPolygon", "coordinates": [ [ [ [ 4392315.2029072297737, 6522694.541837732307613 ], [ 4392263.785889785736799, 6522694.541837732307613 ], [ 4392245.146065081469715, 6522715.339696391485631 ], [ 4392221.01363586075604, 6522715.507808291353285 ], [ 4392122.57888787984848, 6522716.193725720979273 ], [ 4392096.954948710277677, 6522723.026837829500437 ], [ 4392112.329219719395041, 6522778.545301562175155 ], [ 4392127.353310971520841, 6522824.748222109861672 ], [ 4392125.499977440573275, 6522848.500200041569769 ], [ 4392118.539281469769776, 6522910.28181036375463 ], [ 4392115.552988961338997, 6522939.262711123563349 ], [ 4392114.84856239054352, 6523002.088220712728798 ], [ 4392114.497339580208063, 6523119.877252101898193 ], [ 4392114.49717971123755, 6523119.930865832604468 ], [ 4392219.829533311538398, 6523118.019235181622207 ], [ 4392319.727819280698895, 6523115.225969602353871 ], [ 4392326.338635020889342, 6523115.041123950853944 ], [ 4392358.317478273063898, 6523114.515987390652299 ], [ 4392381.239065352827311, 6523114.105611694045365 ], [ 4392434.11749701295048, 6523113.2171203000471 ], [ 4392436.999914322979748, 6523001.999860590323806 ], [ 4392436.49860215280205, 6522939.999867123551667 ], [ 4392435.999747863970697, 6522878.303852872923017 ], [ 4392435.500021304003894, 6522816.499960660934448 ], [ 4392327.022122660651803, 6522817.523252052254975 ], [ 4392327.401637242175639, 6522775.005702961236238 ], [ 4392327.504664773121476, 6522754.933713321574032 ], [ 4392327.999313115142286, 6522706.500055248849094 ], [ 4392315.2029072297737, 6522694.541837732307613 ] ] ] ] } },
{ "type": "Feature", "properties": { "id": 2814, "link": "140147704", "totalpobl": 823.0, "area_radio": 121089.353 }, "geometry": { "type": "MultiPolygon", "coordinates": [ [ [ [ 4392088.145915241912007, 6522694.541837732307613 ], [ 4391958.00421476829797, 6522694.541837733238935 ], [ 4391868.999773898161948, 6522721.499934016726911 ], [ 4391860.762683043256402, 6522694.541837732307613 ], [ 4391801.943014725111425, 6522694.541837732307613 ], [ 4391804.533163456246257, 6522703.136584050022066 ], [ 4391810.522028444334865, 6522750.41144622862339 ], [ 4391817.482155266217887, 6522805.356683709658682 ], [ 4391824.500246786512434, 6522860.999902927316725 ], [ 4391831.39715616684407, 6522915.202456898987293 ], [ 4391838.49988997541368, 6522968.999842719174922 ], [ 4391845.000062727369368, 6523023.499912106432021 ], [ 4391852.122692976146936, 6523078.809759615920484 ], [ 4391858.497713007032871, 6523136.83431007899344 ], [ 4391935.550087807700038, 6523129.50973485223949 ], [ 4391996.249409859068692, 6523123.739675829187036 ], [ 4392040.221951028332114, 6523122.303366652689874 ], [ 4392112.941222789697349, 6523119.959104211069643 ], [ 4392114.49717971123755, 6523119.930865832604468 ], [ 4392114.497339580208063, 6523119.877252101898193 ], [ 4392114.84856239054352, 6523002.088220712728798 ], [ 4392115.552988961338997, 6522939.262711123563349 ], [ 4392118.539281469769776, 6522910.28181036375463 ], [ 4392125.499977440573275, 6522848.500200041569769 ], [ 4392127.353310971520841, 6522824.748222109861672 ], [ 4392112.329219719395041, 6522778.545301562175155 ], [ 4392096.954948710277677, 6522723.026837829500437 ], [ 4392088.145915241912007, 6522694.541837732307613 ] ] ] ] } },
{ "type": "Feature", "properties": { "id": 2816, "link": "140147702", "totalpobl": 817.0, "area_radio": 68841.813 }, "geometry": { "type": "MultiPolygon", "coordinates": [ [ [ [ 4391407.729444752447307, 6523181.041159586980939 ], [ 4391528.769227194599807, 6523168.710245718248188 ], [ 4391586.674938233569264, 6523162.861117079854012 ], [ 4391637.938062754459679, 6523157.766601541079581 ], [ 4391631.499950373545289, 6523100.000135689042509 ], [ 4391626.000018544495106, 6523046.000192689709365 ], [ 4391619.999972174875438, 6522991.000008778646588 ], [ 4391613.000159183517098, 6522937.999832408502698 ], [ 4391595.021075044758618, 6522926.608251026831567 ], [ 4391499.000214962288737, 6522936.499939387664199 ], [ 4391487.340001032687724, 6522840.499779662117362 ], [ 4391483.999873762018979, 6522813.000048226676881 ], [ 4391426.10226771235466, 6522818.109577931463718 ], [ 4391381.107124911621213, 6522822.080450555309653 ], [ 4391367.689558810554445, 6522825.955217665992677 ], [ 4391379.499888331629336, 6522941.99987121578306 ], [ 4391388.000068631954491, 6523001.999860587529838 ], [ 4391394.499767101369798, 6523061.500197847373784 ], [ 4391407.729444752447307, 6523181.041159586980939 ] ] ] ] } },
{ "type": "Feature", "properties": { "id": 2819, "link": "140147616", "totalpobl": 315.0, "area_radio": 75127.504 }, "geometry": { "type": "MultiPolygon", "coordinates": [ [ [ [ 4394533.362934553995728, 6522694.541837732307613 ], [ 4394034.79012012667954, 6522694.541837732307613 ], [ 4394034.634827931411564, 6522697.622697371989489 ], [ 4394102.174767192453146, 6522697.691610520705581 ], [ 4394161.833156743086874, 6522699.874160231091082 ], [ 4394162.98307426366955, 6522706.689318262040615 ], [ 4394180.820242904126644, 6522728.535664062015712 ], [ 4394259.172772165387869, 6522813.058503280393779 ], [ 4394293.439864255487919, 6522850.00084528233856 ], [ 4394329.395151375792921, 6522889.430661004036665 ], [ 4394365.829148605465889, 6522853.066248229704797 ], [ 4394381.484033006243408, 6522840.775340014137328 ], [ 4394397.667887655086815, 6522878.16221609339118 ], [ 4394419.910101005807519, 6522929.544713763520122 ], [ 4394436.360315007157624, 6522976.541444784030318 ], [ 4394442.394093747250736, 6523010.193699287250638 ], [ 4394443.48691716697067, 6523029.578453864902258 ], [ 4394446.692523946985602, 6523037.870738552883267 ], [ 4394462.421166125684977, 6523056.035989511758089 ], [ 4394477.242443205788732, 6523081.564792903140187 ], [ 4394477.360377177596092, 6523088.81000838521868 ], [ 4394480.748648325912654, 6523088.922602474689484 ], [ 4394484.616873055696487, 6523089.051145683042705 ], [ 4394500.55655137822032, 6523088.190849622711539 ], [ 4394532.86482503823936, 6523088.892320334911346 ], [ 4394553.14997679926455, 6523089.318311704322696 ], [ 4394565.503671708516777, 6523089.577741233631968 ], [ 4394577.857366617769003, 6523089.837170753628016 ], [ 4394558.298931048251688, 6523017.44795311242342 ], [ 4394549.782143417745829, 6522992.464097386226058 ], [ 4394503.010979797691107, 6522855.26166202314198 ], [ 4394498.523988917469978, 6522842.099148445762694 ], [ 4394491.5936039974913, 6522827.110345982015133 ], [ 4394532.188396507874131, 6522803.79608057346195 ], [ 4394532.843549438752234, 6522740.380857141688466 ], [ 4394533.362934553995728, 6522694.541837732307613 ] ] ] ] } },
{ "type": "Feature", "properties": { "id": 2823, "link": "140147615", "totalpobl": 364.0, "area_radio": 40135.359 }, "geometry": { "type": "MultiPolygon", "coordinates": [ [ [ [ 4393588.142206897959113, 6522694.541837732307613 ], [ 4393201.85529919154942, 6522694.541837732307613 ], [ 4393201.327034692279994, 6522791.491625506430864 ], [ 4393339.499912453815341, 6522796.00015006121248 ], [ 4393468.500197876244783, 6522802.00019642803818 ], [ 4393586.577928815968335, 6522805.981133236549795 ], [ 4393588.142206897959113, 6522694.541837732307613 ] ] ] ] } },
{ "type": "Feature", "properties": { "id": 2832, "link": "140147606", "totalpobl": 2440.0, "area_radio": 120555.944 }, "geometry": { "type": "MultiPolygon", "coordinates": [ [ [ [ 4394477.360377177596092, 6523088.81000838521868 ], [ 4394477.242443205788732, 6523081.564792903140187 ], [ 4394462.421166125684977, 6523056.035989511758089 ], [ 4394446.692523946985602, 6523037.870738552883267 ], [ 4394443.48691716697067, 6523029.578453864902258 ], [ 4394442.394093747250736, 6523010.193699287250638 ], [ 4394436.360315007157624, 6522976.541444784030318 ], [ 4394419.910101005807519, 6522929.544713763520122 ], [ 4394397.667887655086815, 6522878.16221609339118 ], [ 4394381.484033006243408, 6522840.775340014137328 ], [ 4394365.829148605465889, 6522853.066248229704797 ], [ 4394329.395151375792921, 6522889.430661004036665 ], [ 4394293.439864255487919, 6522850.00084528233856 ], [ 4394259.172772165387869, 6522813.058503280393779 ], [ 4394180.820242904126644, 6522728.535664062015712 ], [ 4394162.98307426366955, 6522706.689318262040615 ], [ 4394161.833156743086874, 6522699.874160231091082 ], [ 4394102.174767192453146, 6522697.691610520705581 ], [ 4394034.634827931411564, 6522697.622697371989489 ], [ 4394033.538718910887837, 6522759.938120570965111 ], [ 4394032.49983705021441, 6522819.000094609335065 ], [ 4394030.000165541656315, 6522883.000122791156173 ], [ 4394027.50003161188215, 6522943.500226682983339 ], [ 4394022.698670731857419, 6523073.535849836654961 ], [ 4394069.738456992432475, 6523074.601981489919126 ], [ 4394177.107720154337585, 6523079.03329963888973 ], [ 4394230.202318164519966, 6523080.964025672525167 ], [ 4394280.731899506412446, 6523083.057447912171483 ], [ 4394334.467780405655503, 6523084.518877663649619 ], [ 4394386.45916909724474, 6523085.789311725646257 ], [ 4394453.466058567166328, 6523088.015987164340913 ], [ 4394477.360377177596092, 6523088.81000838521868 ] ] ] ] } },
{ "type": "Feature", "properties": { "id": 3112, "link": "140145320", "totalpobl": 394.0, "area_radio": 80231.759 }, "geometry": { "type": "MultiPolygon", "coordinates": [ [ [ [ 4389558.239458601921797, 6523920.855280490592122 ], [ 4389608.500138992443681, 6523911.000031447969377 ], [ 4389660.500074442476034, 6523898.999938720837235 ], [ 4389763.999807092361152, 6523877.49988719727844 ], [ 4389828.010595706291497, 6523863.809776465408504 ], [ 4389837.416608603671193, 6523895.918175660073757 ], [ 4389850.294370925053954, 6523879.164894329383969 ], [ 4389887.354228114709258, 6523875.267425569705665 ], [ 4389885.911990004591644, 6523867.698895970359445 ], [ 4389876.070049874484539, 6523831.361701649613678 ], [ 4389867.237382333725691, 6523810.16294326633215 ], [ 4389859.413807573728263, 6523793.2547846455127 ], [ 4389848.56250617466867, 6523775.084213019348681 ], [ 4389840.486543184146285, 6523762.213794051669538 ], [ 4389831.906263874843717, 6523748.838138518854976 ], [ 4389823.325524443760514, 6523738.238765228539705 ], [ 4389812.222114794887602, 6523728.896214958280325 ], [ 4389798.089014624245465, 6523716.78760682977736 ], [ 4389792.325132733210921, 6523710.343872776255012 ], [ 4389774.871368734166026, 6523691.652144318446517 ], [ 4389770.581114042550325, 6523686.150587206706405 ], [ 4389766.290859364904463, 6523680.649030098691583 ], [ 4389761.62214326299727, 6523675.727689825929701 ], [ 4389756.953427173197269, 6523670.806349557824433 ], [ 4389739.287631993182003, 6523657.683548269793391 ], [ 4389693.104740212671459, 6523635.22284287866205 ], [ 4389655.880710083059967, 6523623.361752638593316 ], [ 4389631.278257022611797, 6523618.210537106730044 ], [ 4389543.703831461258233, 6523607.967227285727859 ], [ 4389491.922629349865019, 6523606.516881499439478 ], [ 4389498.713661501184106, 6523633.200222909450531 ], [ 4389499.749744229950011, 6523649.112643126398325 ], [ 4389510.589267451316118, 6523686.138243705965579 ], [ 4389534.439524882473052, 6523803.511520992964506 ], [ 4389554.610326001420617, 6523900.72451451793313 ], [ 4389558.239458601921797, 6523920.855280490592122 ] ] ] ] } },
{ "type": "Feature", "properties": { "id": 3113, "link": "140145319", "totalpobl": 634.0, "area_radio": 72686.058 }, "geometry": { "type": "MultiPolygon", "coordinates": [ [ [ [ 4389905.878214825876057, 6524052.462714237160981 ], [ 4389905.839081985875964, 6524033.400864518247545 ], [ 4389905.09238301590085, 6523991.009020058438182 ], [ 4389898.656943476758897, 6523946.138132937252522 ], [ 4389893.483445044606924, 6523908.838432357646525 ], [ 4389889.698093624785542, 6523887.851107988506556 ], [ 4389887.354228114709258, 6523875.267425569705665 ], [ 4389850.294370925053954, 6523879.164894329383969 ], [ 4389837.416608603671193, 6523895.918175660073757 ], [ 4389828.010595706291497, 6523863.809776465408504 ], [ 4389763.999807092361152, 6523877.49988719727844 ], [ 4389660.500074442476034, 6523898.999938720837235 ], [ 4389608.500138992443681, 6523911.000031447969377 ], [ 4389558.239458601921797, 6523920.855280490592122 ], [ 4389563.384657482616603, 6523945.925439274869859 ], [ 4389581.927182162180543, 6524037.314842467196286 ], [ 4389587.774720742367208, 6524066.332180507481098 ], [ 4389564.757784781977534, 6524082.292602168396115 ], [ 4389623.085121191106737, 6524173.453717974945903 ], [ 4389707.999844683334231, 6524139.500022568739951 ], [ 4389767.999834053218365, 6524101.500199260190129 ], [ 4389828.814735724590719, 6524063.089202547445893 ], [ 4389853.157769753597677, 6524055.799178110435605 ], [ 4389879.503433633595705, 6524054.12301466986537 ], [ 4389905.878214825876057, 6524052.462714237160981 ] ] ] ] } },
{ "type": "Feature", "properties": { "id": 3114, "link": "140145318", "totalpobl": 579.0, "area_radio": 97474.258 }, "geometry": { "type": "MultiPolygon", "coordinates": [ [ [ [ 4389376.000109057873487, 6524080.499811686575413 ], [ 4389467.24400024022907, 6524062.251476913690567 ], [ 4389479.499853570945561, 6524060.000001087784767 ], [ 4389562.56485999096185, 6524041.877744305878878 ], [ 4389581.927182162180543, 6524037.314842467196286 ], [ 4389563.384657482616603, 6523945.925439274869859 ], [ 4389558.239458601921797, 6523920.855280490592122 ], [ 4389554.610326001420617, 6523900.72451451793313 ], [ 4389534.439524882473052, 6523803.511520992964506 ], [ 4389510.589267451316118, 6523686.138243705965579 ], [ 4389499.749744229950011, 6523649.112643126398325 ], [ 4389498.713661501184106, 6523633.200222909450531 ], [ 4389491.922629349865019, 6523606.516881499439478 ], [ 4389467.994290211237967, 6523604.686640517786145 ], [ 4389419.287516220472753, 6523605.443805179558694 ], [ 4389399.425839690491557, 6523606.04147073533386 ], [ 4389375.001201189123094, 6523606.060381076298654 ], [ 4389361.055974939838052, 6523606.347938677296042 ], [ 4389335.754400209523737, 6523606.453358065336943 ], [ 4389313.798477159813046, 6523605.94858162663877 ], [ 4389302.568121518939734, 6523605.443805175833404 ], [ 4389290.735105718486011, 6523604.868945994414389 ], [ 4389284.40122548956424, 6523604.132385440170765 ], [ 4389284.982526458799839, 6523626.377521788701415 ], [ 4389287.123965198174119, 6523642.794874247163534 ], [ 4389302.98581821937114, 6523727.161721675656736 ], [ 4389309.367122168652713, 6523757.207011008635163 ], [ 4389328.000212419778109, 6523847.000003268010914 ], [ 4389338.499949699267745, 6523899.500053248368204 ], [ 4389351.000156969763339, 6523962.999955039471388 ], [ 4389376.000109057873487, 6524080.499811686575413 ] ] ] ] } },
{ "type": "Feature", "properties": { "id": 3115, "link": "140145317", "totalpobl": 521.0, "area_radio": 78867.426 }, "geometry": { "type": "MultiPolygon", "coordinates": [ [ [ [ 4389145.500110386870801, 6524005.499931696802378 ], [ 4389197.50003397744149, 6523994.500079886987805 ], [ 4389248.000076408497989, 6523983.499765646643937 ], [ 4389338.975152177736163, 6523965.335249676369131 ], [ 4389351.000156969763339, 6523962.999955039471388 ], [ 4389338.499949699267745, 6523899.500053248368204 ], [ 4389328.000212419778109, 6523847.000003268010914 ], [ 4389309.367122168652713, 6523757.207011008635163 ], [ 4389302.98581821937114, 6523727.161721675656736 ], [ 4389287.123965198174119, 6523642.794874247163534 ], [ 4389284.982526458799839, 6523626.377521788701415 ], [ 4389284.40122548956424, 6523604.132385440170765 ], [ 4389269.634231049567461, 6523596.780811566859484 ], [ 4389244.650097657926381, 6523590.022478466853499 ], [ 4389226.415561897680163, 6523586.643018802627921 ], [ 4389214.579586488194764, 6523583.939744183793664 ], [ 4389178.177707027643919, 6523574.53221380431205 ], [ 4389169.484803107567132, 6523606.919853395782411 ], [ 4389177.045993508771062, 6523636.62265039049089 ], [ 4389129.664177997037768, 6523645.963074156083167 ], [ 4389071.792968686670065, 6523658.311518995091319 ], [ 4389084.00021614599973, 6523705.499973017722368 ], [ 4389097.500201895833015, 6523770.999894213862717 ], [ 4389107.499812786467373, 6523816.999783295206726 ], [ 4389122.093640486709774, 6523888.452132196165621 ], [ 4389127.328373355790973, 6523912.058017112314701 ], [ 4389145.500110386870801, 6524005.499931696802378 ] ] ] ] } },
{ "type": "Feature", "properties": { "id": 3116, "link": "140145316", "totalpobl": 428.0, "area_radio": 110948.314 }, "geometry": { "type": "MultiPolygon", "coordinates": [ [ [ [ 4388821.314525810070336, 6523430.209889499470592 ], [ 4388821.314525810070336, 6523724.721608268097043 ], [ 4388825.114326803945005, 6523722.698269723914564 ], [ 4388868.454678542912006, 6523699.788268146105111 ], [ 4388873.105826433748007, 6523723.195452271029353 ], [ 4388890.499788014218211, 6523813.999985405243933 ], [ 4388900.999987725168467, 6523861.499767501838505 ], [ 4388916.49999288469553, 6523931.999956587329507 ], [ 4388979.999894674867392, 6523918.499970834702253 ], [ 4389018.999958904460073, 6523910.499905055388808 ], [ 4389122.093640486709774, 6523888.452132196165621 ], [ 4389107.499812786467373, 6523816.999783295206726 ], [ 4389097.500201895833015, 6523770.999894213862717 ], [ 4389084.00021614599973, 6523705.499973017722368 ], [ 4389071.792968686670065, 6523658.311518995091319 ], [ 4389129.664177997037768, 6523645.963074156083167 ], [ 4389177.045993508771062, 6523636.62265039049089 ], [ 4389169.484803107567132, 6523606.919853395782411 ], [ 4389178.177707027643919, 6523574.53221380431205 ], [ 4389164.894108028151095, 6523571.099263015203178 ], [ 4389136.996717255562544, 6523564.326812447048724 ], [ 4389135.88047182559967, 6523564.055829501710832 ], [ 4389134.78346910700202, 6523563.646055506542325 ], [ 4389085.9579554554075, 6523545.016045223921537 ], [ 4389084.902203836478293, 6523544.623316765762866 ], [ 4389053.278908305801451, 6523535.033484567888081 ], [ 4389035.019501334987581, 6523525.948440602980554 ], [ 4389006.416392145678401, 6523517.115773065015674 ], [ 4388991.779255624860525, 6523509.292198305018246 ], [ 4388975.880189784802496, 6523499.197589654475451 ], [ 4388960.611852646805346, 6523492.636191952973604 ], [ 4388941.474341434426606, 6523483.977457923814654 ], [ 4388937.012368254363537, 6523480.297802111133933 ], [ 4388932.624449246563017, 6523475.572268294170499 ], [ 4388930.598819344304502, 6523472.196686435490847 ], [ 4388929.417432945221663, 6523468.990142035298049 ], [ 4388929.248867384158075, 6523465.445534504018724 ], [ 4388925.53568250592798, 6523457.850599192082882 ], [ 4388923.848127534613013, 6523451.099907386116683 ], [ 4388926.451502834446728, 6523447.491290563717484 ], [ 4388924.537142056040466, 6523444.211346255615354 ], [ 4388912.093815324828029, 6523440.111426580697298 ], [ 4388903.752679794095457, 6523436.148159943521023 ], [ 4388893.086960713379085, 6523431.364917944185436 ], [ 4388878.592532283626497, 6523428.221640950068831 ], [ 4388867.653343543410301, 6523426.581668795086443 ], [ 4388850.664149883203208, 6523426.309799996204674 ], [ 4388831.110343762673438, 6523427.539777320809662 ], [ 4388821.314525810070336, 6523430.209889499470592 ] ] ] ] } },
{ "type": "Feature", "properties": { "id": 3118, "link": "140145314", "totalpobl": 17.0, "area_radio": 3838.831 }, "geometry": { "type": "MultiPolygon", "coordinates": [ [ [ [ 4388821.314525810070336, 6523987.647743768058717 ], [ 4388821.314525809139013, 6524174.737181082367897 ], [ 4388861.704927304759622, 6524188.272916172631085 ], [ 4388844.157651644200087, 6524097.34870795160532 ], [ 4388838.4998644227162, 6524071.49996742233634 ], [ 4388823.499985653907061, 6523997.999992311000824 ], [ 4388821.314525810070336, 6523987.647743768058717 ] ] ] ] } },
{ "type": "Feature", "properties": { "id": 3120, "link": "140145312", "totalpobl": 596.0, "area_radio": 76064.89 }, "geometry": { "type": "MultiPolygon", "coordinates": [ [ [ [ 4389208.325608127750456, 6524302.487417096272111 ], [ 4389196.499793057329953, 6524239.999969176016748 ], [ 4389181.49991428758949, 6524173.499818915501237 ], [ 4389169.99994794651866, 6524123.499902875162661 ], [ 4389150.726460197009146, 6524031.14261716697365 ], [ 4389145.500110386870801, 6524005.499931696802378 ], [ 4389127.328373355790973, 6523912.058017112314701 ], [ 4389122.093640486709774, 6523888.452132196165621 ], [ 4389018.999958904460073, 6523910.499905055388808 ], [ 4388979.999894674867392, 6523918.499970834702253 ], [ 4388916.49999288469553, 6523931.999956587329507 ], [ 4388923.999932265840471, 6523972.499913835898042 ], [ 4388940.000051956623793, 6524047.999908355996013 ], [ 4388944.663301594555378, 6524069.696351286023855 ], [ 4388965.500130435451865, 6524167.00012045353651 ], [ 4388975.256893265992403, 6524225.689268575049937 ], [ 4389088.480461197905242, 6524262.997352555394173 ], [ 4389208.325608127750456, 6524302.487417096272111 ] ] ] ] } },
{ "type": "Feature", "properties": { "id": 3121, "link": "140145311", "totalpobl": 663.0, "area_radio": 75705.394 }, "geometry": { "type": "MultiPolygon", "coordinates": [ [ [ [ 4389323.500059077516198, 6524341.000042186118662 ], [ 4389430.999830541200936, 6524376.500193987041712 ], [ 4389434.000090870074928, 6524366.500120668672025 ], [ 4389421.499883610755205, 6524312.500177666544914 ], [ 4389409.999905410222709, 6524256.500215255655348 ], [ 4389395.677726441062987, 6524193.729156376793981 ], [ 4389395.694592100568116, 6524184.240522755309939 ], [ 4389376.000109057873487, 6524080.499811686575413 ], [ 4389351.000156969763339, 6523962.999955039471388 ], [ 4389338.975152177736163, 6523965.335249676369131 ], [ 4389248.000076408497989, 6523983.499765646643937 ], [ 4389197.50003397744149, 6523994.500079886987805 ], [ 4389145.500110386870801, 6524005.499931696802378 ], [ 4389150.726460197009146, 6524031.14261716697365 ], [ 4389169.99994794651866, 6524123.499902875162661 ], [ 4389181.49991428758949, 6524173.499818915501237 ], [ 4389196.499793057329953, 6524239.999969176016748 ], [ 4389208.325608127750456, 6524302.487417096272111 ], [ 4389265.912833597511053, 6524321.743729637004435 ], [ 4389323.500059077516198, 6524341.000042186118662 ] ] ] ] } },
{ "type": "Feature", "properties": { "id": 3122, "link": "140145310", "totalpobl": 714.0, "area_radio": 71241.195 }, "geometry": { "type": "MultiPolygon", "coordinates": [ [ [ [ 4389543.247363181784749, 6524418.634054495953023 ], [ 4389573.772133141756058, 6524430.519935478456318 ], [ 4389584.460626261308789, 6524409.019050190225244 ], [ 4389594.346097041852772, 6524387.630176388658583 ], [ 4389637.50012990180403, 6524278.499918879009783 ], [ 4389640.944621602073312, 6524268.348974078893661 ], [ 4389623.085121191106737, 6524173.453717974945903 ], [ 4389564.757784781977534, 6524082.292602168396115 ], [ 4389587.774720742367208, 6524066.332180507481098 ], [ 4389581.927182162180543, 6524037.314842467196286 ], [ 4389562.56485999096185, 6524041.877744305878878 ], [ 4389479.499853570945561, 6524060.000001087784767 ], [ 4389467.24400024022907, 6524062.251476913690567 ], [ 4389376.000109057873487, 6524080.499811686575413 ], [ 4389395.694592100568116, 6524184.240522755309939 ], [ 4389395.677726441062987, 6524193.729156376793981 ], [ 4389409.999905410222709, 6524256.500215255655348 ], [ 4389421.499883610755205, 6524312.500177666544914 ], [ 4389434.000090870074928, 6524366.500120668672025 ], [ 4389430.999830541200936, 6524376.500193987041712 ], [ 4389543.247363181784749, 6524418.634054495953023 ] ] ] ] } },
{ "type": "Feature", "properties": { "id": 3123, "link": "140145309", "totalpobl": 643.0, "area_radio": 83181.123 }, "geometry": { "type": "MultiPolygon", "coordinates": [ [ [ [ 4389686.981340952217579, 6524587.222500353120267 ], [ 4389702.499924712814391, 6524542.500061798840761 ], [ 4389740.000095923431218, 6524440.500222169794142 ], [ 4389759.500128034502268, 6524384.499797327443957 ], [ 4389785.000206514261663, 6524316.500204618088901 ], [ 4389789.000233475118876, 6524283.000072228722274 ], [ 4389793.49991253297776, 6524243.499881610274315 ], [ 4389793.581133033148944, 6524236.738192204385996 ], [ 4389871.768136824481189, 6524220.029187558218837 ], [ 4389920.312651474960148, 6524210.302227268926799 ], [ 4389955.816521915607154, 6524196.739060709252954 ], [ 4389952.228200918063521, 6524188.964486876502633 ], [ 4389936.849758805707097, 6524171.44699380826205 ], [ 4389934.494324376806617, 6524165.32340363971889 ], [ 4389932.138889946043491, 6524160.276099309325218 ], [ 4389930.331449994817376, 6524156.613124969415367 ], [ 4389928.870665815658867, 6524152.232617751695216 ], [ 4389927.429342516697943, 6524144.61766 ], [ 4389908.26978237554431, 6524077.614272228442132 ], [ 4389905.879189485684037, 6524052.937477448955178 ], [ 4389905.878214825876057, 6524052.462714237160981 ], [ 4389879.503433633595705, 6524054.12301466986537 ], [ 4389853.157769753597677, 6524055.799178110435605 ], [ 4389828.814735724590719, 6524063.089202547445893 ], [ 4389767.999834053218365, 6524101.500199260190129 ], [ 4389707.999844683334231, 6524139.500022568739951 ], [ 4389623.085121191106737, 6524173.453717974945903 ], [ 4389640.944621602073312, 6524268.348974078893661 ], [ 4389637.50012990180403, 6524278.499918879009783 ], [ 4389594.346097041852772, 6524387.630176388658583 ], [ 4389584.460626261308789, 6524409.019050190225244 ], [ 4389573.772133141756058, 6524430.519935478456318 ], [ 4389618.446084030903876, 6524494.459067989140749 ], [ 4389633.357781061902642, 6524516.79818135779351 ], [ 4389679.146539652720094, 6524584.673964448273182 ], [ 4389686.981340952217579, 6524587.222500353120267 ] ] ] ] } },
{ "type": "Feature", "properties": { "id": 3124, "link": "140145308", "totalpobl": 921.0, "area_radio": 112257.125 }, "geometry": { "type": "MultiPolygon", "coordinates": [ [ [ [ 4389686.981340952217579, 6524587.222500353120267 ], [ 4389714.49110253341496, 6524596.382002269849181 ], [ 4389736.052454233169556, 6524603.56095370836556 ], [ 4389745.605604591779411, 6524576.376222749240696 ], [ 4389778.447885634377599, 6524555.315529268234968 ], [ 4389838.58431622479111, 6524516.87844663951546 ], [ 4389884.499912215396762, 6524531.999873946420848 ], [ 4389964.500060086138546, 6524559.499959980137646 ], [ 4390039.980424134992063, 6524585.354597500525415 ], [ 4390078.370880736969411, 6524469.114959232509136 ], [ 4390086.707737716846168, 6524464.831959682516754 ], [ 4390122.501261278055608, 6524360.077257101424038 ], [ 4390117.26451759878546, 6524353.95153781119734 ], [ 4390134.335413878783584, 6524303.707705079577863 ], [ 4390134.680910935625434, 6524302.552659841254354 ], [ 4390141.315465088933706, 6524280.372412369586527 ], [ 4390146.414430977776647, 6524263.325852432288229 ], [ 4390135.858973597176373, 6524265.548502370715141 ], [ 4390130.468547676689923, 6524266.343935702927411 ], [ 4390122.192293386906385, 6524267.565214460715652 ], [ 4390116.863689397461712, 6524268.01658823993057 ], [ 4390111.430157047696412, 6524268.476850256323814 ], [ 4390098.831291696056724, 6524268.84703728929162 ], [ 4390090.899165667593479, 6524268.610271752811968 ], [ 4390087.082917406223714, 6524268.4963613525033 ], [ 4390075.373580537736416, 6524267.477305331267416 ], [ 4390069.557420495897532, 6524266.635241181589663 ], [ 4390062.084628948010504, 6524265.456064890138805 ], [ 4390052.223706127144396, 6524263.449440671131015 ], [ 4390040.858284316956997, 6524260.453701470047235 ], [ 4390032.273301925510168, 6524257.614063877612352 ], [ 4390027.840082115493715, 6524256.14769655931741 ], [ 4390016.929983507841825, 6524251.77540810033679 ], [ 4390006.286546695977449, 6524246.788995389826596 ], [ 4389995.944297347217798, 6524241.204638969153166 ], [ 4389987.236468126997352, 6524233.001631626859307 ], [ 4389981.306700717657804, 6524227.072290680371225 ], [ 4389974.240762526169419, 6524219.248715919442475 ], [ 4389964.940667415037751, 6524203.493119567632675 ], [ 4389955.816521915607154, 6524196.739060709252954 ], [ 4389920.312651474960148, 6524210.302227268926799 ], [ 4389871.768136824481189, 6524220.029187558218837 ], [ 4389793.581133033148944, 6524236.738192204385996 ], [ 4389793.49991253297776, 6524243.499881610274315 ], [ 4389789.000233475118876, 6524283.000072228722274 ], [ 4389785.000206514261663, 6524316.500204618088901 ], [ 4389759.500128034502268, 6524384.499797327443957 ], [ 4389740.000095923431218, 6524440.500222169794142 ], [ 4389702.499924712814391, 6524542.500061798840761 ], [ 4389686.981340952217579, 6524587.222500353120267 ] ] ] ] } },
{ "type": "Feature", "properties": { "id": 3125, "link": "140145306", "totalpobl": 620.0, "area_radio": 86812.661 }, "geometry": { "type": "MultiPolygon", "coordinates": [ [ [ [ 4389203.549904458224773, 6524686.088590155355632 ], [ 4389221.602547398768365, 6524691.993411053903401 ], [ 4389317.627608438953757, 6524723.554766675457358 ], [ 4389390.000221199356019, 6524746.999879306182265 ], [ 4389430.999830540269613, 6524760.000212958082557 ], [ 4389437.37298858165741, 6524740.809607295319438 ], [ 4389469.999894780106843, 6524643.500134794972837 ], [ 4389490.000053280033171, 6524583.500145439058542 ], [ 4389506.999951460398734, 6524529.500202442519367 ], [ 4389514.039699620567262, 6524506.615510235540569 ], [ 4389543.247363181784749, 6524418.634054495953023 ], [ 4389430.999830541200936, 6524376.500193987041712 ], [ 4389323.500059077516198, 6524341.000042186118662 ], [ 4389316.000119688920677, 6524348.499981568194926 ], [ 4389281.000094280578196, 6524452.000188508071005 ], [ 4389260.932420668192208, 6524513.290529805235565 ], [ 4389242.018645907752216, 6524570.24603134393692 ], [ 4389203.549904458224773, 6524686.088590155355632 ] ] ] ] } },
{ "type": "Feature", "properties": { "id": 3128, "link": "140145305", "totalpobl": 467.0, "area_radio": 71131.351 }, "geometry": { "type": "MultiPolygon", "coordinates": [ [ [ [ 4389430.999830540269613, 6524760.000212958082557 ], [ 4389524.994493939913809, 6524791.756335546262562 ], [ 4389544.998838040046394, 6524798.608656373806298 ], [ 4389645.530573911033571, 6524831.76408704277128 ], [ 4389659.999948050826788, 6524835.999859589152038 ], [ 4389664.425365232862532, 6524822.192878117784858 ], [ 4389698.499897752888501, 6524719.000129327178001 ], [ 4389717.000151382759213, 6524663.000166917219758 ], [ 4389736.052454233169556, 6524603.56095370836556 ], [ 4389714.49110253341496, 6524596.382002269849181 ], [ 4389686.981340952217579, 6524587.222500353120267 ], [ 4389679.146539652720094, 6524584.673964448273182 ], [ 4389633.357781061902642, 6524516.79818135779351 ], [ 4389618.446084030903876, 6524494.459067989140749 ], [ 4389573.772133141756058, 6524430.519935478456318 ], [ 4389543.247363181784749, 6524418.634054495953023 ], [ 4389514.039699620567262, 6524506.615510235540569 ], [ 4389506.999951460398734, 6524529.500202442519367 ], [ 4389490.000053280033171, 6524583.500145439058542 ], [ 4389469.999894780106843, 6524643.500134794972837 ], [ 4389437.37298858165741, 6524740.809607295319438 ], [ 4389430.999830540269613, 6524760.000212958082557 ] ] ] ] } },
{ "type": "Feature", "properties": { "id": 3132, "link": "140145301", "totalpobl": 770.0, "area_radio": 86301.458 }, "geometry": { "type": "MultiPolygon", "coordinates": [ [ [ [ 4389319.099565809592605, 6525102.205377394333482 ], [ 4389333.500144260004163, 6525060.999938278459013 ], [ 4389356.500076939351857, 6524990.000097098760307 ], [ 4389369.544516899622977, 6524949.4170500067994 ], [ 4389380.338196939788759, 6524917.925005365163088 ], [ 4389393.999829789623618, 6524876.000025737099349 ], [ 4389400.499946619383991, 6524855.499891697429121 ], [ 4389430.999830540269613, 6524760.000212958082557 ], [ 4389390.000221199356019, 6524746.999879306182265 ], [ 4389317.627608438953757, 6524723.554766675457358 ], [ 4389221.602547398768365, 6524691.993411053903401 ], [ 4389203.549904458224773, 6524686.088590155355632 ], [ 4389199.290500447154045, 6524700.200219603255391 ], [ 4389165.876048437319696, 6524799.536710436455905 ], [ 4389143.500090976245701, 6524869.499991977587342 ], [ 4389127.933969866484404, 6524913.7927709762007 ], [ 4389103.531563226133585, 6524986.478533354587853 ], [ 4389090.243832286447287, 6525027.288785806857049 ], [ 4389206.446319098584354, 6525064.686578464694321 ], [ 4389319.099565809592605, 6525102.205377394333482 ] ] ] ] } },
{ "type": "Feature", "properties": { "id": 3133, "link": "140145219", "totalpobl": 1141.0, "area_radio": 111425.541 }, "geometry": { "type": "MultiPolygon", "coordinates": [ [ [ [ 4390821.615144685842097, 6524758.864154753275216 ], [ 4390832.655374536290765, 6524757.777010603807867 ], [ 4391012.634657346643507, 6524789.423818684183061 ], [ 4391026.088391678407788, 6524727.158185004256666 ], [ 4391023.033080668188632, 6524720.368683013133705 ], [ 4391031.320735467597842, 6524666.564072646200657 ], [ 4391041.01371187902987, 6524611.453775617294014 ], [ 4391050.709908477962017, 6524555.244539775885642 ], [ 4390942.692581445910037, 6524535.446425704285502 ], [ 4390948.884940896183252, 6524480.85190965142101 ], [ 4390959.511258856393397, 6524425.924995135515928 ], [ 4390968.789551396854222, 6524370.79576213285327 ], [ 4390979.161838296800852, 6524308.996053514070809 ], [ 4391039.103474769741297, 6524319.950082533992827 ], [ 4391127.698938688263297, 6524333.758021996356547 ], [ 4391134.967644410207868, 6524320.867177493870258 ], [ 4391161.053055378608406, 6524296.534515118226409 ], [ 4391124.500040236860514, 6524256.500215268693864 ], [ 4391073.000231178477407, 6524212.999997683800757 ], [ 4391021.18870066665113, 6524177.726149176247418 ], [ 4390970.348917226307094, 6524149.481750244274735 ], [ 4390890.362773666158319, 6524106.068806073628366 ], [ 4390884.860772294923663, 6524148.401241155341268 ], [ 4390879.376275694929063, 6524213.402961364015937 ], [ 4390879.320140835829079, 6524214.068266185931861 ], [ 4390876.344815955497324, 6524252.311374752782285 ], [ 4390872.360389396548271, 6524291.173317676410079 ], [ 4390865.899094955995679, 6524352.996113805100322 ], [ 4390859.45144943613559, 6524408.238164125941694 ], [ 4390854.593083485029638, 6524442.315515206195414 ], [ 4390851.583446024917066, 6524463.42559084109962 ], [ 4390835.612908884882927, 6524467.367661191150546 ], [ 4390825.162575376220047, 6524498.171232682652771 ], [ 4390799.068228894844651, 6524580.08453537337482 ], [ 4390830.759789425879717, 6524591.093004704453051 ], [ 4390828.343899665400386, 6524632.261139303445816 ], [ 4390823.239496866241097, 6524669.828646710142493 ], [ 4390821.713603654876351, 6524685.808691574260592 ], [ 4390821.615144685842097, 6524758.864154753275216 ] ] ] ] } },
{ "type": "Feature", "properties": { "id": 3134, "link": "140145218", "totalpobl": 1367.0, "area_radio": 1031192.165 }, "geometry": { "type": "MultiPolygon", "coordinates": [ [ [ [ 4391122.600556578487158, 6525427.703387554734945 ], [ 4391134.058206208050251, 6525431.149382116273046 ], [ 4391227.691339840181172, 6525455.508329615928233 ], [ 4391271.709080981090665, 6525467.969282374717295 ], [ 4391308.654641800560057, 6525484.075109327211976 ], [ 4391401.59706318192184, 6525543.455510874278843 ], [ 4391434.191106542944908, 6525565.179570287466049 ], [ 4391442.269076742231846, 6525570.563569515943527 ], [ 4391531.468770324252546, 6525631.535772644914687 ], [ 4391546.699186784215271, 6525642.130913098342717 ], [ 4391643.725210575386882, 6525707.760588997043669 ], [ 4391663.18540383502841, 6525717.891790537163615 ], [ 4391690.614952904172242, 6525727.380922486074269 ], [ 4391718.293420385569334, 6525730.467411976307631 ], [ 4391763.877727016806602, 6525732.17768491897732 ], [ 4391863.082762176170945, 6525725.558864767663181 ], [ 4392080.114762349054217, 6525711.189540050923824 ], [ 4392132.696689760312438, 6525707.187490617856383 ], [ 4392192.54465068038553, 6525702.750061932951212 ], [ 4392255.596601031720638, 6525697.09330696053803 ], [ 4392302.229506211355329, 6525692.909599451348186 ], [ 4392350.747645523399115, 6525697.818600920960307 ], [ 4392362.379685402847826, 6525698.995515408925712 ], [ 4392396.449812652543187, 6525702.819967392832041 ], [ 4392512.554591183550656, 6525715.853002062998712 ], [ 4392514.547378974035382, 6525716.096879099495709 ], [ 4392627.601042285561562, 6525729.932367402128875 ], [ 4392849.785869728773832, 6525760.033812772482634 ], [ 4392887.06351977866143, 6525766.340353165753186 ], [ 4392918.373537550680339, 6525772.352043336257339 ], [ 4392981.554811679758132, 6525642.710886122658849 ], [ 4393014.064959660172462, 6525583.357471886090934 ], [ 4393047.531690220348537, 6525525.088805085979402 ], [ 4393087.796601470559835, 6525457.68235878366977 ], [ 4393155.704380322247744, 6525358.356048366986215 ], [ 4393129.929798641242087, 6525343.960450417362154 ], [ 4393070.962366421706975, 6525306.69447364564985 ], [ 4393045.410598430782557, 6525291.552572477608919 ], [ 4392987.366380460560322, 6525254.643794614821672 ], [ 4392967.808139620348811, 6525244.549185974523425 ], [ 4392944.779333629645407, 6525234.770295605063438 ], [ 4392928.060233170166612, 6525226.56814441550523 ], [ 4392890.20522069837898, 6525201.31237802375108 ], [ 4392874.063240018673241, 6525191.46552265342325 ], [ 4392857.587729329243302, 6525182.792715156450868 ], [ 4392841.575131228193641, 6525176.324650154449046 ], [ 4392824.709227806888521, 6525171.829171353019774 ], [ 4392809.978621589019895, 6525170.514664984308183 ], [ 4392792.304530996829271, 6525168.426578584127128 ], [ 4392771.923321977257729, 6525164.466676296666265 ], [ 4392759.847340327687562, 6525162.251481011509895 ], [ 4392741.364037496969104, 6525159.894199923612177 ], [ 4392727.113881956785917, 6525157.483094964176416 ], [ 4392715.44161391723901, 6525154.643954573199153 ], [ 4392709.448086767457426, 6525153.697731755673885 ], [ 4392692.413268036209047, 6525153.06676709651947 ], [ 4392657.713114225305617, 6525154.012989921495318 ], [ 4392651.403868794441223, 6525154.643954573199153 ], [ 4392636.892932276241481, 6525158.744575962424278 ], [ 4392618.596172435209155, 6525166.315762502141297 ], [ 4392610.394481346942484, 6525170.732090375386178 ], [ 4392602.192318354733288, 6525175.779394692741334 ], [ 4392579.479690756648779, 6525192.183248771354556 ], [ 4392573.485703495331109, 6525197.546271379105747 ], [ 4392563.391094845719635, 6525202.593563901260495 ], [ 4392556.451344875618815, 6525207.325149944983423 ], [ 4392535.630691015161574, 6525224.675226856954396 ], [ 4392525.851812455803156, 6525230.353495820425451 ], [ 4392522.381707403808832, 6525239.501881641335785 ], [ 4392519.076204444281757, 6525261.787676822394133 ], [ 4392516.030743333511055, 6525280.045772053301334 ], [ 4392513.302263285033405, 6525292.462119543924928 ], [ 4392510.32002133410424, 6525306.033247641287744 ], [ 4392511.100519684143364, 6525322.593551274389029 ], [ 4392513.754224984906614, 6525337.86580357234925 ], [ 4392513.949284083209932, 6525353.193083704449236 ], [ 4392512.615441653877497, 6525363.287692341953516 ], [ 4392511.274320254102349, 6525372.547493851743639 ], [ 4392507.316103843972087, 6525389.83385921176523 ], [ 4392503.454431224614382, 6525409.975360563024879 ], [ 4392492.097881464287639, 6525423.540074253454804 ], [ 4392482.164449194446206, 6525440.349071800708771 ], [ 4392462.072215094231069, 6525460.209550452418625 ], [ 4392420.220675751566887, 6525478.323143612593412 ], [ 4392383.554639482870698, 6525486.01080431137234 ], [ 4392353.159237172454596, 6525491.840774861164391 ], [ 4392333.334883701056242, 6525493.478817841038108 ], [ 4392312.041513723321259, 6525493.254864120855927 ], [ 4392291.062147892080247, 6525492.574472012929618 ], [ 4392252.665093001909554, 6525491.678889072500169 ], [ 4392244.463401921093464, 6525490.732666239142418 ], [ 4392231.694551741704345, 6525490.472055308520794 ], [ 4392215.833842719905078, 6525489.15855379961431 ], [ 4392199.322378741577268, 6525487.288540840148926 ], [ 4392180.836600700393319, 6525481.230744500644505 ], [ 4392161.757766020484269, 6525474.923555180430412 ], [ 4392115.441228740848601, 6525462.972274212166667 ], [ 4392087.049860249273479, 6525456.032052330672741 ], [ 4392080.425368439406157, 6525453.192911938764155 ], [ 4392071.592700899578631, 6525447.83036123868078 ], [ 4392063.075291539542377, 6525444.360256197862327 ], [ 4392042.570367759093642, 6525432.372729991562665 ], [ 4392029.005654068663716, 6525426.379202842712402 ], [ 4392006.923991127870977, 6525419.75471104029566 ], [ 4392000.614745697937906, 6525416.599852369166911 ], [ 4391992.097336329519749, 6525413.760723767802119 ], [ 4391980.109821917489171, 6525410.290606929920614 ], [ 4391965.914131778292358, 6525407.451478339731693 ], [ 4391940.677621957845986, 6525399.880751910619438 ], [ 4391923.958521507680416, 6525396.410646868869662 ], [ 4391911.970995298586786, 6525396.410646867007017 ], [ 4391879.290952287614346, 6525399.345775018446147 ], [ 4391875.002277767285705, 6525399.757492868229747 ], [ 4391873.305874516256154, 6525406.543577787466347 ], [ 4391873.305874516256154, 6525412.650728598237038 ], [ 4391874.662810706533492, 6525422.151146017946303 ], [ 4391873.6448814580217, 6525433.008511449210346 ], [ 4391871.608999347314239, 6525441.151520760729909 ], [ 4391867.198263597674668, 6525449.973475991748273 ], [ 4391861.430579836480319, 6525457.098556050099432 ], [ 4391850.912221356295049, 6525465.920051167719066 ], [ 4391839.376393736340106, 6525473.724065337330103 ], [ 4391810.875601566396654, 6525488.06047844607383 ], [ 4391771.856439126655459, 6525497.616385076195002 ], [ 4391739.62336160428822, 6525502.394338387064636 ], [ 4391726.05166367534548, 6525500.901224450208247 ], [ 4391717.569647415541112, 6525504.783343280665576 ], [ 4391705.693892625160515, 6525502.991617837920785 ], [ 4391694.600709354504943, 6525503.020789031870663 ], [ 4391682.961232525296509, 6525505.617675809189677 ], [ 4391661.246513485908508, 6525492.384973024949431 ], [ 4391650.728626914322376, 6525487.634770206175745 ], [ 4391638.174398122355342, 6525484.241963707841933 ], [ 4391628.105402294546366, 6525480.179531479254365 ], [ 4391589.80083470325917, 6525472.35785073786974 ], [ 4391564.720416324213147, 6525463.213607847690582 ], [ 4391459.447725552134216, 6525437.745175837539136 ], [ 4391448.169190161861479, 6525432.476212476380169 ], [ 4391439.148113982751966, 6525425.589909986592829 ], [ 4391433.308250102214515, 6525418.918001284822822 ], [ 4391428.596938282251358, 6525404.689143234863877 ], [ 4391424.683361802250147, 6525388.28870121575892 ], [ 4391422.268545552156866, 6525371.60160315502435 ], [ 4391422.065058802254498, 6525350.227755095809698 ], [ 4391423.011741743423045, 6525320.259187324903905 ], [ 4391425.219917472451925, 6525295.653653956018388 ], [ 4391430.898186452686787, 6525255.274759266525507 ], [ 4391431.844409281387925, 6525243.918209504336119 ], [ 4391433.106350380927324, 6525239.501881634816527 ], [ 4391434.052573212422431, 6525226.252886238507926 ], [ 4391439.099877533502877, 6525197.293883149512112 ], [ 4391440.046100363135338, 6525188.145497326739132 ], [ 4391440.046100363135338, 6525150.60621493589133 ], [ 4391441.939017921686172, 6525130.10127935744822 ], [ 4391446.037897051312029, 6525063.747872127220035 ], [ 4391449.060047332197428, 6525041.611635368317366 ], [ 4391447.148671361617744, 6525030.533858756534755 ], [ 4391446.638352592475712, 6525016.949813517741859 ], [ 4391443.826266803778708, 6524986.878819004632533 ], [ 4391443.41410456225276, 6524925.270516156218946 ], [ 4391440.117551502771676, 6524872.963221175596118 ], [ 4391439.314425421878695, 6524859.817030357196927 ], [ 4391438.116674521937966, 6524851.346676738932729 ], [ 4391436.756983773782849, 6524837.347715931944549 ], [ 4391431.56558936368674, 6524811.270082967355847 ], [ 4391432.767646312713623, 6524796.297816547565162 ], [ 4391434.731387571431696, 6524788.632732876576483 ], [ 4391436.695117920637131, 6524780.032882276922464 ], [ 4391438.752372763119638, 6524773.863429478369653 ], [ 4391440.44142269063741, 6524766.728176485747099 ], [ 4391445.491035293787718, 6524759.904379237443209 ], [ 4391448.698390241712332, 6524744.359582668170333 ], [ 4391446.539819043129683, 6524726.765462986193597 ], [ 4391442.877904560416937, 6524709.343710577115417 ], [ 4391440.697087291628122, 6524693.345640894025564 ], [ 4391436.529809871688485, 6524681.928384167142212 ], [ 4391434.173994762822986, 6524673.195096585899591 ], [ 4391431.801561342552304, 6524661.326017268002033 ], [ 4391429.311169212684035, 6524641.962060418911278 ], [ 4391428.211594081483781, 6524623.435183078050613 ], [ 4391427.468878812156618, 6524610.921081616543233 ], [ 4391422.83697251137346, 6524589.011303867213428 ], [ 4391421.933506391942501, 6524581.393960227258503 ], [ 4391418.777933672070503, 6524574.754959875717759 ], [ 4391415.889620522037148, 6524555.980518665164709 ], [ 4391411.285858871415257, 6524541.630478452891111 ], [ 4391402.181189311668277, 6524511.340030616149306 ], [ 4391398.942318951711059, 6524502.706514025107026 ], [ 4391383.960526562295854, 6524462.921636725775898 ], [ 4391378.673403252847493, 6524451.223929704166949 ], [ 4391374.278484471142292, 6524444.674264187924564 ], [ 4391369.955535711720586, 6524436.040095584467053 ], [ 4391366.414160060696304, 6524431.511420965194702 ], [ 4391362.105754332616925, 6524424.547127275727689 ], [ 4391358.912171601317823, 6524414.34700448717922 ], [ 4391354.669215831905603, 6524403.577198225073516 ], [ 4391353.675291779451072, 6524388.757230218499899 ], [ 4391353.141038680449128, 6524368.453376115299761 ], [ 4391348.598510801792145, 6524354.321027836762369 ], [ 4391344.055994721129537, 6524336.402844426222146 ], [ 4391342.036888950504363, 6524331.860316547565162 ], [ 4391337.241972850635648, 6524306.6238067233935 ], [ 4391331.689892081543803, 6524292.995762974955142 ], [ 4391327.652140650898218, 6524275.582816125825047 ], [ 4391323.362000990658998, 6524268.516406024806201 ], [ 4391321.342895210720599, 6524262.45956061501056 ], [ 4391306.200982240960002, 6524233.487969386391342 ], [ 4391301.910854381509125, 6524221.879031416960061 ], [ 4391298.630267610773444, 6524216.074574215337634 ], [ 4391280.964472430758178, 6524195.632968705147505 ], [ 4391273.39328589104116, 6524182.509701405651867 ], [ 4391265.822571260854602, 6524173.424657436087728 ], [ 4391257.193787940777838, 6524165.994407285936177 ], [ 4391247.651999629102647, 6524157.777968024834991 ], [ 4391233.519639539532363, 6524147.935747605748475 ], [ 4391227.462782328948379, 6524139.60786830727011 ], [ 4391222.163089789450169, 6524134.812952207401395 ], [ 4391210.299351989291608, 6524125.818140376359224 ], [ 4391208.089807329699397, 6524124.142914675176144 ], [ 4391194.993188939988613, 6524114.213361288420856 ], [ 4391182.037067021243274, 6524107.30493659619242 ], [ 4391179.008396559394896, 6524105.033442595042288 ], [ 4391169.923352599143982, 6524102.055537645705044 ], [ 4391148.976970640942454, 6524093.222881904803216 ], [ 4391131.815951899625361, 6524082.118720375001431 ], [ 4391116.421662506647408, 6524073.286052834242582 ], [ 4391101.027361318469048, 6524067.22919562458992 ], [ 4391089.670811558142304, 6524063.948148746043444 ], [ 4391057.367891649715602, 6524047.544766575098038 ], [ 4391053.83491665776819, 6524045.020884355530143 ], [ 4391034.150487597100437, 6524036.692993267439306 ], [ 4391027.158761526457965, 6524029.953655411489308 ], [ 4391024.56065539829433, 6524026.093608173541725 ], [ 4391019.76573930028826, 6524022.055396626703441 ], [ 4391006.642471985891461, 6524014.737058425322175 ], [ 4390995.033545817248523, 6524012.213176202960312 ], [ 4390981.658350396901369, 6524006.913483651354909 ], [ 4390972.024447006173432, 6524006.057067302986979 ], [ 4390950.617371586151421, 6524005.903930775821209 ], [ 4390944.055737936869264, 6524008.680213002488017 ], [ 4390941.27946749702096, 6524010.951235092245042 ], [ 4390934.465905737131834, 6524022.055396626703441 ], [ 4390923.109367776662111, 6524026.093608173541725 ], [ 4390894.793213536031544, 6524030.383747833780944 ], [ 4390838.566687075421214, 6524032.150005275383592 ], [ 4390824.686255104839802, 6524031.393300726078451 ], [ 4390814.33927003480494, 6524029.626583164557815 ], [ 4390807.273320055566728, 6524029.626583162695169 ], [ 4390786.074561663903296, 6524033.159558162093163 ], [ 4390767.96061098575592, 6524034.531940873712301 ], [ 4390752.762077074497938, 6524035.683440375141799 ], [ 4390745.191362434066832, 6524034.421499261632562 ], [ 4390740.395974424667656, 6524032.402393491007388 ], [ 4390735.853458344005048, 6524029.374194945208728 ], [ 4390729.796601134352386, 6524028.112253836356103 ], [ 4390723.487815814092755, 6524028.112253836356103 ], [ 4390708.597830954007804, 6524032.654781712219119 ], [ 4390702.036669214256108, 6524032.907169930636883 ], [ 4390694.970259113237262, 6524031.39330072235316 ], [ 4390668.471796394325793, 6524032.654781712219119 ], [ 4390654.418996223248541, 6524036.905426844954491 ], [ 4390657.365973202511668, 6524081.105289131402969 ], [ 4390699.000182854011655, 6524076.499310442246497 ], [ 4390791.285877135582268, 6524074.458814543671906 ], [ 4390839.078318265266716, 6524086.077555784024298 ], [ 4390890.362773666158319, 6524106.068806073628366 ], [ 4390970.348917226307094, 6524149.481750244274735 ], [ 4391021.18870066665113, 6524177.726149176247418 ], [ 4391073.000231178477407, 6524212.999997683800757 ], [ 4391124.500040236860514, 6524256.500215268693864 ], [ 4391161.053055378608406, 6524296.534515118226409 ], [ 4391134.967644410207868, 6524320.867177493870258 ], [ 4391127.698938688263297, 6524333.758021996356547 ], [ 4391039.103474769741297, 6524319.950082533992827 ], [ 4390979.161838296800852, 6524308.996053514070809 ], [ 4390968.789551396854222, 6524370.79576213285327 ], [ 4390959.511258856393397, 6524425.924995135515928 ], [ 4390948.884940896183252, 6524480.85190965142101 ], [ 4390942.692581445910037, 6524535.446425704285502 ], [ 4391050.709908477962017, 6524555.244539775885642 ], [ 4391041.01371187902987, 6524611.453775617294014 ], [ 4391031.320735467597842, 6524666.564072646200657 ], [ 4391023.033080668188632, 6524720.368683013133705 ], [ 4391129.241762197576463, 6524739.915641413070261 ], [ 4391109.884904637932777, 6524849.109623678959906 ], [ 4391100.503736488521099, 6524907.585863982327282 ], [ 4391093.776298788376153, 6524949.52043514419347 ], [ 4391092.272507278248668, 6524958.718010235577822 ], [ 4391084.724441519938409, 6524996.855974212288857 ], [ 4391075.227431729435921, 6525048.261636195704341 ], [ 4391073.761967438273132, 6525056.315947163850069 ], [ 4391066.735739667899907, 6525104.222073512151837 ], [ 4391059.0720568979159, 6525158.514044074341655 ], [ 4391106.311104898341, 6525169.245218915864825 ], [ 4391166.410466829314828, 6525184.741818813607097 ], [ 4391147.186099719256163, 6525281.151051737368107 ], [ 4391133.055166898295283, 6525364.913044486194849 ], [ 4391122.600556578487158, 6525427.703387554734945 ] ] ] ] } },
{ "type": "Feature", "properties": { "id": 3136, "link": "140145217", "totalpobl": 915.0, "area_radio": 91122.148 }, "geometry": { "type": "MultiPolygon", "coordinates": [ [ [ [ 4390640.121193862520158, 6524526.408528994768858 ], [ 4390718.760814724490047, 6524552.608177301473916 ], [ 4390799.068228894844651, 6524580.08453537337482 ], [ 4390825.162575376220047, 6524498.171232682652771 ], [ 4390835.612908884882927, 6524467.367661191150546 ], [ 4390851.583446024917066, 6524463.42559084109962 ], [ 4390854.593083485029638, 6524442.315515206195414 ], [ 4390859.45144943613559, 6524408.238164125941694 ], [ 4390865.899094955995679, 6524352.996113805100322 ], [ 4390872.360389396548271, 6524291.173317676410079 ], [ 4390876.344815955497324, 6524252.311374752782285 ], [ 4390879.320140835829079, 6524214.068266185931861 ], [ 4390879.376275694929063, 6524213.402961364015937 ], [ 4390884.860772294923663, 6524148.401241155341268 ], [ 4390890.362773666158319, 6524106.068806073628366 ], [ 4390839.078318265266716, 6524086.077555784024298 ], [ 4390791.285877135582268, 6524074.458814543671906 ], [ 4390699.000182854011655, 6524076.499310442246497 ], [ 4390692.410964203998446, 6524097.351373483426869 ], [ 4390671.383226872421801, 6524160.331963961943984 ], [ 4390665.177609393373132, 6524179.272411133162677 ], [ 4390646.529063133522868, 6524235.406310342252254 ], [ 4390633.61125532258302, 6524274.290141332894564 ], [ 4390713.989208763465285, 6524300.812309563159943 ], [ 4390712.091957174241543, 6524306.728950913064182 ], [ 4390703.271784914657474, 6524334.234947654418647 ], [ 4390677.528416104614735, 6524411.985563126392663 ], [ 4390658.999877704307437, 6524470.499979712069035 ], [ 4390640.121193862520158, 6524526.408528994768858 ] ] ] ] } },
{ "type": "Feature", "properties": { "id": 3137, "link": "140145216", "totalpobl": 908.0, "area_radio": 91969.28 }, "geometry": { "type": "MultiPolygon", "coordinates": [ [ [ [ 4390558.756685803644359, 6524500.09663803037256 ], [ 4390640.121193862520158, 6524526.408528994768858 ], [ 4390658.999877704307437, 6524470.499979712069035 ], [ 4390677.528416104614735, 6524411.985563126392663 ], [ 4390703.271784914657474, 6524334.234947654418647 ], [ 4390712.091957174241543, 6524306.728950913064182 ], [ 4390713.989208763465285, 6524300.812309563159943 ], [ 4390633.61125532258302, 6524274.290141332894564 ], [ 4390646.529063133522868, 6524235.406310342252254 ], [ 4390665.177609393373132, 6524179.272411133162677 ], [ 4390671.383226872421801, 6524160.331963961943984 ], [ 4390692.410964203998446, 6524097.351373483426869 ], [ 4390699.000182854011655, 6524076.499310442246497 ], [ 4390657.365973202511668, 6524081.105289131402969 ], [ 4390654.418996223248541, 6524036.905426844954491 ], [ 4390640.235116854310036, 6524044.611297350376844 ], [ 4390633.925871422514319, 6524046.125626681372523 ], [ 4390619.793051232583821, 6524047.387567793019116 ], [ 4390605.155926503241062, 6524049.910978101193905 ], [ 4390574.106617782264948, 6524056.144951731897891 ], [ 4390539.793382123112679, 6524063.034245411865413 ], [ 4390518.859163442626595, 6524068.327960919588804 ], [ 4390511.323879251256585, 6524115.836913332343102 ], [ 4390497.917530031874776, 6524163.812796524725854 ], [ 4390478.882314240559936, 6524223.372531259432435 ], [ 4390441.053248580545187, 6524334.999995823018253 ], [ 4390403.763692060485482, 6524447.861129560507834 ], [ 4390478.653435321524739, 6524473.264492899179459 ], [ 4390558.756685803644359, 6524500.09663803037256 ] ] ] ] } },
{ "type": "Feature", "properties": { "id": 3138, "link": "140145304", "totalpobl": 476.0, "area_radio": 68138.104 }, "geometry": { "type": "MultiPolygon", "coordinates": [ [ [ [ 4389622.499776842072606, 6524951.000032866373658 ], [ 4389677.499960763379931, 6524969.000171966850758 ], [ 4389736.500183492898941, 6524988.50020407512784 ], [ 4389754.649557773023844, 6524994.505835198797286 ], [ 4389886.868299994617701, 6525037.977012217976153 ], [ 4389907.206470964476466, 6524977.62533797044307 ], [ 4389925.560630178079009, 6524923.868809568695724 ], [ 4389962.317301754839718, 6524811.2235396374017 ], [ 4389964.409375576302409, 6524806.273810911923647 ], [ 4389889.772125814110041, 6524781.836002146825194 ], [ 4389812.625089964829385, 6524756.576672996394336 ], [ 4389800.890433332882822, 6524752.678037267178297 ], [ 4389698.499897752888501, 6524719.000129327178001 ], [ 4389664.425365232862532, 6524822.192878117784858 ], [ 4389659.999948050826788, 6524835.999859589152038 ], [ 4389626.809004962444305, 6524937.938468446023762 ], [ 4389622.499776842072606, 6524951.000032866373658 ] ] ] ] } },
{ "type": "Feature", "properties": { "id": 3139, "link": "140145215", "totalpobl": 706.0, "area_radio": 76637.295 }, "geometry": { "type": "MultiPolygon", "coordinates": [ [ [ [ 4390117.26451759878546, 6524353.95153781119734 ], [ 4390189.908678467385471, 6524377.455095140263438 ], [ 4390261.229278540238738, 6524401.500157939270139 ], [ 4390331.450235979631543, 6524424.969359903596342 ], [ 4390403.763692060485482, 6524447.861129560507834 ], [ 4390441.053248580545187, 6524334.999995823018253 ], [ 4390478.882314240559936, 6524223.372531259432435 ], [ 4390497.917530031874776, 6524163.812796524725854 ], [ 4390511.323879251256585, 6524115.836913332343102 ], [ 4390518.859163442626595, 6524068.327960919588804 ], [ 4390517.837447271682322, 6524068.586326173506677 ], [ 4390507.742838630452752, 6524072.876465830951929 ], [ 4390492.348549231886864, 6524078.428546602837741 ], [ 4390478.972893711179495, 6524083.475850918330252 ], [ 4390462.316651409491897, 6524091.0465655522421 ], [ 4390451.46487809997052, 6524095.589093432761729 ], [ 4390441.370281251147389, 6524100.888785981573164 ], [ 4390431.023284381255507, 6524105.936550409533083 ], [ 4390418.198092731647193, 6524112.570674522779882 ], [ 4390410.58167886082083, 6524117.292640060186386 ], [ 4390404.272433431819081, 6524122.592332601547241 ], [ 4390393.673060140572488, 6524129.153966251760721 ], [ 4390378.043903339654207, 6524135.826307265087962 ], [ 4390370.708044321276248, 6524138.491398440673947 ], [ 4390351.527919799089432, 6524146.567361422814429 ], [ 4390342.947640488855541, 6524151.614665742963552 ], [ 4390337.143171499483287, 6524155.904805400408804 ], [ 4390328.815292201004922, 6524160.952109718695283 ], [ 4390319.729764530435205, 6524165.494637598283589 ], [ 4390306.49059293884784, 6524173.486961523070931 ], [ 4390291.969832608476281, 6524180.131762334145606 ], [ 4390278.089400639757514, 6524189.21727820020169 ], [ 4390267.994803790934384, 6524196.788004631176591 ], [ 4390263.704664128832519, 6524201.582920730113983 ], [ 4390257.647806918248534, 6524205.116355840116739 ], [ 4390252.348114377819002, 6524207.135001498274505 ], [ 4390244.525011518970132, 6524211.677529380656779 ], [ 4390237.458601429127157, 6524215.210964480414987 ], [ 4390231.906520658172667, 6524219.248715922236443 ], [ 4390224.608203148469329, 6524226.295093519613147 ], [ 4390219.892434519715607, 6524229.802987841889262 ], [ 4390208.514638029038906, 6524237.455504657700658 ], [ 4390196.653709597885609, 6524244.335449670441449 ], [ 4390189.679195887409151, 6524247.908140858635306 ], [ 4390182.574052638374269, 6524251.21342499088496 ], [ 4390171.693872669711709, 6524255.659641609527171 ], [ 4390160.578178408555686, 6524259.479131000116467 ], [ 4390147.345760196447372, 6524263.072913428768516 ], [ 4390146.414430977776647, 6524263.325852432288229 ], [ 4390141.315465088933706, 6524280.372412369586527 ], [ 4390134.680910935625434, 6524302.552659841254354 ], [ 4390134.335413878783584, 6524303.707705079577863 ], [ 4390117.26451759878546, 6524353.95153781119734 ] ] ] ] } },
{ "type": "Feature", "properties": { "id": 3140, "link": "140145214", "totalpobl": 715.0, "area_radio": 73198.209 }, "geometry": { "type": "MultiPolygon", "coordinates": [ [ [ [ 4390039.980424134992063, 6524585.354597500525415 ], [ 4390114.709585506469011, 6524609.597420518286526 ], [ 4390184.805277318693697, 6524633.994957601651549 ], [ 4390256.701857538893819, 6524657.548563960939646 ], [ 4390328.485986230894923, 6524680.653439630754292 ], [ 4390366.76992408093065, 6524563.192006199620664 ], [ 4390403.763692060485482, 6524447.861129560507834 ], [ 4390331.450235979631543, 6524424.969359903596342 ], [ 4390261.229278540238738, 6524401.500157939270139 ], [ 4390189.908678467385471, 6524377.455095140263438 ], [ 4390117.26451759878546, 6524353.95153781119734 ], [ 4390122.501261278055608, 6524360.077257101424038 ], [ 4390086.707737716846168, 6524464.831959682516754 ], [ 4390078.370880736969411, 6524469.114959232509136 ], [ 4390039.980424134992063, 6524585.354597500525415 ] ] ] ] } },
{ "type": "Feature", "properties": { "id": 3141, "link": "140145213", "totalpobl": 812.0, "area_radio": 77976.582 }, "geometry": { "type": "MultiPolygon", "coordinates": [ [ [ [ 4390720.781551533378661, 6524812.000136564485729 ], [ 4390799.146823895163834, 6524837.92769593372941 ], [ 4390818.831587246619165, 6524842.839955604635179 ], [ 4390822.936093945987523, 6524835.988895273767412 ], [ 4390821.023962074890733, 6524784.087988722138107 ], [ 4390821.615144685842097, 6524758.864154753275216 ], [ 4390821.713603654876351, 6524685.808691574260592 ], [ 4390823.239496866241097, 6524669.828646710142493 ], [ 4390828.343899665400386, 6524632.261139303445816 ], [ 4390830.759789425879717, 6524591.093004704453051 ], [ 4390799.068228894844651, 6524580.08453537337482 ], [ 4390718.760814724490047, 6524552.608177301473916 ], [ 4390640.121193862520158, 6524526.408528994768858 ], [ 4390558.756685803644359, 6524500.09663803037256 ], [ 4390536.999879562295973, 6524573.500072121620178 ], [ 4390522.394774652086198, 6524614.709363620728254 ], [ 4390484.109931791201234, 6524733.199974432587624 ], [ 4390561.194195853546262, 6524760.188259560614824 ], [ 4390642.037210182286799, 6524785.999943541362882 ], [ 4390720.781551533378661, 6524812.000136564485729 ] ] ] ] } },
{ "type": "Feature", "properties": { "id": 3142, "link": "140145212", "totalpobl": 1156.0, "area_radio": 193104.661 }, "geometry": { "type": "MultiPolygon", "coordinates": [ [ [ [ 4390740.201770014129579, 6525264.645828692242503 ], [ 4390818.585824325680733, 6525318.865056172944605 ], [ 4390916.675232365727425, 6525383.624714500270784 ], [ 4390951.211876857094467, 6525390.585169314406812 ], [ 4391018.10854097828269, 6525406.019097707234323 ], [ 4391122.600556578487158, 6525427.703387554734945 ], [ 4391133.055166898295283, 6525364.913044486194849 ], [ 4391147.186099719256163, 6525281.151051737368107 ], [ 4391166.410466829314828, 6525184.741818813607097 ], [ 4391106.311104898341, 6525169.245218915864825 ], [ 4391059.0720568979159, 6525158.514044074341655 ], [ 4391066.735739667899907, 6525104.222073512151837 ], [ 4391073.761967438273132, 6525056.315947163850069 ], [ 4391075.227431729435921, 6525048.261636195704341 ], [ 4391084.724441519938409, 6524996.855974212288857 ], [ 4391092.272507278248668, 6524958.718010235577822 ], [ 4391093.776298788376153, 6524949.52043514419347 ], [ 4391100.503736488521099, 6524907.585863982327282 ], [ 4391109.884904637932777, 6524849.109623678959906 ], [ 4391129.241762197576463, 6524739.915641413070261 ], [ 4391023.033080668188632, 6524720.368683013133705 ], [ 4391026.088391678407788, 6524727.158185004256666 ], [ 4391012.634657346643507, 6524789.423818684183061 ], [ 4390832.655374536290765, 6524757.777010603807867 ], [ 4390821.615144685842097, 6524758.864154753275216 ], [ 4390821.023962074890733, 6524784.087988722138107 ], [ 4390822.936093945987523, 6524835.988895273767412 ], [ 4390823.419712224975228, 6524896.288560813292861 ], [ 4390823.114593685604632, 6524965.546077405102551 ], [ 4390826.266809835098684, 6525089.719600395299494 ], [ 4390800.71356397587806, 6525082.319249674677849 ], [ 4390763.861582173034549, 6525195.778899654746056 ], [ 4390740.201770014129579, 6525264.645828692242503 ] ] ] ] } },
{ "type": "Feature", "properties": { "id": 3143, "link": "140145211", "totalpobl": 564.0, "area_radio": 59623.017 }, "geometry": { "type": "MultiPolygon", "coordinates": [ [ [ [ 4390639.584150322712958, 6525158.130407653748989 ], [ 4390674.460991124622524, 6525213.648948813788593 ], [ 4390680.898059664294124, 6525223.380218571983278 ], [ 4390740.201770014129579, 6525264.645828692242503 ], [ 4390763.861582173034549, 6525195.778899654746056 ], [ 4390800.71356397587806, 6525082.319249674677849 ], [ 4390826.266809835098684, 6525089.719600395299494 ], [ 4390823.114593685604632, 6524965.546077405102551 ], [ 4390823.419712224975228, 6524896.288560813292861 ], [ 4390822.936093945987523, 6524835.988895273767412 ], [ 4390818.831587246619165, 6524842.839955604635179 ], [ 4390799.146823895163834, 6524837.92769593372941 ], [ 4390720.781551533378661, 6524812.000136564485729 ], [ 4390700.845912554301322, 6524865.701618251390755 ], [ 4390683.052663484588265, 6524918.662414262071252 ], [ 4390645.207297053188086, 6525033.593480085022748 ], [ 4390616.208395532332361, 6525117.055567860603333 ], [ 4390639.584150322712958, 6525158.130407653748989 ] ] ] ] } },
{ "type": "Feature", "properties": { "id": 3144, "link": "140145210", "totalpobl": 559.0, "area_radio": 66438.495 }, "geometry": { "type": "MultiPolygon", "coordinates": [ [ [ [ 4390410.017458620481193, 6524955.203126423060894 ], [ 4390465.36746702156961, 6524975.101993212476373 ], [ 4390479.068327969871461, 6524993.4464943818748 ], [ 4390540.083121923729777, 6525044.880300373770297 ], [ 4390551.33649037219584, 6525053.812113421037793 ], [ 4390591.909217122942209, 6525091.622059052810073 ], [ 4390601.575374183245003, 6525101.439608531072736 ], [ 4390616.208395532332361, 6525117.055567860603333 ], [ 4390645.207297053188086, 6525033.593480085022748 ], [ 4390683.052663484588265, 6524918.662414262071252 ], [ 4390700.845912554301322, 6524865.701618251390755 ], [ 4390720.781551533378661, 6524812.000136564485729 ], [ 4390642.037210182286799, 6524785.999943541362882 ], [ 4390561.194195853546262, 6524760.188259560614824 ], [ 4390484.109931791201234, 6524733.199974432587624 ], [ 4390447.78021817933768, 6524841.008678548969328 ], [ 4390410.017458620481193, 6524955.203126423060894 ] ] ] ] } },
{ "type": "Feature", "properties": { "id": 3145, "link": "140145209", "totalpobl": 544.0, "area_radio": 78875.433 }, "geometry": { "type": "MultiPolygon", "coordinates": [ [ [ [ 4390254.879644848406315, 6524908.049112619832158 ], [ 4390328.535256490111351, 6524931.513335701078176 ], [ 4390404.094796070829034, 6524957.999671122990549 ], [ 4390410.017458620481193, 6524955.203126423060894 ], [ 4390447.78021817933768, 6524841.008678548969328 ], [ 4390484.109931791201234, 6524733.199974432587624 ], [ 4390522.394774652086198, 6524614.709363620728254 ], [ 4390536.999879562295973, 6524573.500072121620178 ], [ 4390558.756685803644359, 6524500.09663803037256 ], [ 4390478.653435321524739, 6524473.264492899179459 ], [ 4390403.763692060485482, 6524447.861129560507834 ], [ 4390366.76992408093065, 6524563.192006199620664 ], [ 4390328.485986230894923, 6524680.653439630754292 ], [ 4390293.84058696962893, 6524789.20346711948514 ], [ 4390257.594859878532588, 6524900.570151720196009 ], [ 4390254.879644848406315, 6524908.049112619832158 ] ] ] ] } },
{ "type": "Feature", "properties": { "id": 3146, "link": "140145208", "totalpobl": 632.0, "area_radio": 72811.694 }, "geometry": { "type": "MultiPolygon", "coordinates": [ [ [ [ 4390217.706400539726019, 6524895.50225284602493 ], [ 4390254.879644848406315, 6524908.049112619832158 ], [ 4390257.594859878532588, 6524900.570151720196009 ], [ 4390293.84058696962893, 6524789.20346711948514 ], [ 4390328.485986230894923, 6524680.653439630754292 ], [ 4390256.701857538893819, 6524657.548563960939646 ], [ 4390184.805277318693697, 6524633.994957601651549 ], [ 4390114.709585506469011, 6524609.597420518286526 ], [ 4390039.980424134992063, 6524585.354597500525415 ], [ 4390022.832131525501609, 6524637.256090020760894 ], [ 4390003.969426295720041, 6524692.310008329339325 ], [ 4389983.437818526290357, 6524755.239141781814396 ], [ 4389965.730421544983983, 6524802.722515260800719 ], [ 4389964.409375576302409, 6524806.273810911923647 ], [ 4389962.317301754839718, 6524811.2235396374017 ], [ 4390110.517311376519501, 6524860.071350839920342 ], [ 4390217.706400539726019, 6524895.50225284602493 ] ] ] ] } },
{ "type": "Feature", "properties": { "id": 3148, "link": "140145206", "totalpobl": 527.0, "area_radio": 62403.474 }, "geometry": { "type": "MultiPolygon", "coordinates": [ [ [ [ 4390122.087737226858735, 6525191.081447669304907 ], [ 4390230.487885449081659, 6525228.875490810722113 ], [ 4390312.001633511856198, 6525254.796206159517169 ], [ 4390332.886216979473829, 6525189.122089722193778 ], [ 4390352.545488860458136, 6525129.500107942149043 ], [ 4390371.733907209709287, 6525070.656906182877719 ], [ 4390389.151503731496632, 6525016.499954069964588 ], [ 4390410.017458620481193, 6524955.203126423060894 ], [ 4390404.094796070829034, 6524957.999671122990549 ], [ 4390328.535256490111351, 6524931.513335701078176 ], [ 4390254.879644848406315, 6524908.049112619832158 ], [ 4390217.706400539726019, 6524895.50225284602493 ], [ 4390198.754185288213193, 6524953.072426224127412 ], [ 4390181.173229159787297, 6525007.599727472290397 ], [ 4390162.940257757902145, 6525066.337765971198678 ], [ 4390144.007060877047479, 6525124.757537649944425 ], [ 4390122.087737226858735, 6525191.081447669304907 ] ] ] ] } },
{ "type": "Feature", "properties": { "id": 3149, "link": "140145204", "totalpobl": 1577.0, "area_radio": 1529388.653 }, "geometry": { "type": "MultiPolygon", "coordinates": [ [ [ [ 4392770.676488517783582, 6526354.073354395106435 ], [ 4392772.582444466650486, 6526339.55088354088366 ], [ 4392793.597499427385628, 6526193.388303227722645 ], [ 4392803.990011716261506, 6526139.422117793001235 ], [ 4392819.973139987327158, 6526065.542284233495593 ], [ 4392841.149560087360442, 6525988.591521235182881 ], [ 4392855.532198548316956, 6525949.375275865197182 ], [ 4392885.689479469321668, 6525856.661763183772564 ], [ 4392918.373537550680339, 6525772.352043336257339 ], [ 4392887.06351977866143, 6525766.340353165753186 ], [ 4392849.785869728773832, 6525760.033812772482634 ], [ 4392627.601042285561562, 6525729.932367402128875 ], [ 4392514.547378974035382, 6525716.096879099495709 ], [ 4392512.554591183550656, 6525715.853002062998712 ], [ 4392396.449812652543187, 6525702.819967392832041 ], [ 4392362.379685402847826, 6525698.995515408925712 ], [ 4392350.747645523399115, 6525697.818600920960307 ], [ 4392302.229506211355329, 6525692.909599451348186 ], [ 4392255.596601031720638, 6525697.09330696053803 ], [ 4392192.54465068038553, 6525702.750061932951212 ], [ 4392132.696689760312438, 6525707.187490617856383 ], [ 4392080.114762349054217, 6525711.189540050923824 ], [ 4391863.082762176170945, 6525725.558864767663181 ], [ 4391763.877727016806602, 6525732.17768491897732 ], [ 4391718.293420385569334, 6525730.467411976307631 ], [ 4391690.614952904172242, 6525727.380922486074269 ], [ 4391663.18540383502841, 6525717.891790537163615 ], [ 4391643.725210575386882, 6525707.760588997043669 ], [ 4391546.699186784215271, 6525642.130913098342717 ], [ 4391531.468770324252546, 6525631.535772644914687 ], [ 4391442.269076742231846, 6525570.563569515943527 ], [ 4391434.191106542944908, 6525565.179570287466049 ], [ 4391401.59706318192184, 6525543.455510874278843 ], [ 4391308.654641800560057, 6525484.075109327211976 ], [ 4391271.709080981090665, 6525467.969282374717295 ], [ 4391227.691339840181172, 6525455.508329615928233 ], [ 4391134.058206208050251, 6525431.149382116273046 ], [ 4391122.600556578487158, 6525427.703387554734945 ], [ 4391018.10854097828269, 6525406.019097707234323 ], [ 4390951.211876857094467, 6525390.585169314406812 ], [ 4390916.675232365727425, 6525383.624714500270784 ], [ 4390818.585824325680733, 6525318.865056172944605 ], [ 4390740.201770014129579, 6525264.645828692242503 ], [ 4390680.898059664294124, 6525223.380218571983278 ], [ 4390674.460991124622524, 6525213.648948813788593 ], [ 4390639.584150322712958, 6525158.130407653748989 ], [ 4390588.36582407169044, 6525141.890448120422661 ], [ 4390568.828049732372165, 6525199.229870560579002 ], [ 4390549.81957674305886, 6525247.877905601635575 ], [ 4390537.295537123456597, 6525254.760363342240453 ], [ 4390477.401351921260357, 6525236.342626333236694 ], [ 4390458.091734961606562, 6525301.627179182134569 ], [ 4390528.979213362559676, 6525324.703494231216609 ], [ 4390525.192794519476593, 6525328.867435633204877 ], [ 4390504.007500071078539, 6525397.31027768086642 ], [ 4390478.986933291889727, 6525471.08437268435955 ], [ 4390455.499039831571281, 6525544.240996181033552 ], [ 4390431.718938451260328, 6525613.337374990805984 ], [ 4390361.272218871861696, 6525591.833877108059824 ], [ 4390332.106396840885282, 6525582.281235578469932 ], [ 4390323.175064109265804, 6525579.355968469753861 ], [ 4390290.538854510523379, 6525568.666675693355501 ], [ 4390214.586378138512373, 6525543.356975923292339 ], [ 4390191.68286981806159, 6525605.143291430547833 ], [ 4390180.957839567214251, 6525634.075981282629073 ], [ 4390146.370524758473039, 6525720.435065341182053 ], [ 4390119.479405856691301, 6525743.765822060406208 ], [ 4390135.193358248099685, 6525748.938952320255339 ], [ 4390196.855782958678901, 6525769.275630740448833 ], [ 4390290.051423500292003, 6525778.588966709561646 ], [ 4390334.012001970782876, 6525783.153970441780984 ], [ 4390367.163395270705223, 6525791.174064931459725 ], [ 4390392.05740465130657, 6525797.196505846455693 ], [ 4390400.31478857062757, 6525799.194159430451691 ], [ 4390530.256856833584607, 6525854.985798737965524 ], [ 4390598.036433563567698, 6525885.263102563098073 ], [ 4390738.261335294693708, 6525947.729781693778932 ], [ 4390837.182566004805267, 6525992.320658474229276 ], [ 4390935.264086287468672, 6526033.117982503026724 ], [ 4391030.591982818208635, 6526075.88174863345921 ], [ 4391158.925645259208977, 6526133.451787702739239 ], [ 4391268.880218751728535, 6526170.172154395841062 ], [ 4391346.409304890781641, 6526188.354269066825509 ], [ 4391458.904781891964376, 6526204.697776374407113 ], [ 4391556.377913904376328, 6526218.075121376663446 ], [ 4391626.572103054262698, 6526227.690800775773823 ], [ 4391682.605095694772899, 6526236.597512790933251 ], [ 4391703.727800626307726, 6526239.584858034737408 ], [ 4391770.313446567393839, 6526248.332234509289265 ], [ 4391865.434504257515073, 6526260.828316657803953 ], [ 4391978.442863467149436, 6526277.003615868277848 ], [ 4392087.571866699494421, 6526292.814144220203161 ], [ 4392181.425666111521423, 6526305.079726462252438 ], [ 4392285.597704092971981, 6526320.718034432269633 ], [ 4392371.517106623388827, 6526331.619723688811064 ], [ 4392379.348358122631907, 6526332.716690441593528 ], [ 4392510.686995234340429, 6526351.114020482636988 ], [ 4392587.545677996240556, 6526360.712754820473492 ], [ 4392681.289203456602991, 6526360.712754820473492 ], [ 4392738.938920876942575, 6526356.107498165220022 ], [ 4392770.676488517783582, 6526354.073354395106435 ] ] ] ] } },
{ "type": "Feature", "properties": { "id": 3150, "link": "140145203", "totalpobl": 731.0, "area_radio": 69136.362 }, "geometry": { "type": "MultiPolygon", "coordinates": [ [ [ [ 4390214.586378138512373, 6525543.356975923292339 ], [ 4390290.538854510523379, 6525568.666675693355501 ], [ 4390323.175064109265804, 6525579.355968469753861 ], [ 4390332.106396840885282, 6525582.281235578469932 ], [ 4390361.272218871861696, 6525591.833877108059824 ], [ 4390431.718938451260328, 6525613.337374990805984 ], [ 4390455.499039831571281, 6525544.240996181033552 ], [ 4390478.986933291889727, 6525471.08437268435955 ], [ 4390504.007500071078539, 6525397.31027768086642 ], [ 4390525.192794519476593, 6525328.867435633204877 ], [ 4390528.979213362559676, 6525324.703494231216609 ], [ 4390458.091734961606562, 6525301.627179182134569 ], [ 4390384.326881000772119, 6525278.803165161982179 ], [ 4390312.001633511856198, 6525254.796206159517169 ], [ 4390287.494027059525251, 6525327.500226990319788 ], [ 4390263.925416608341038, 6525400.68118642270565 ], [ 4390240.180607657879591, 6525473.560482680797577 ], [ 4390214.586378138512373, 6525543.356975923292339 ] ] ] ] } },
{ "type": "Feature", "properties": { "id": 3151, "link": "140145202", "totalpobl": 1011.0, "area_radio": 104008.45 }, "geometry": { "type": "MultiPolygon", "coordinates": [ [ [ [ 4390119.479405856691301, 6525743.765822060406208 ], [ 4390146.370524758473039, 6525720.435065341182053 ], [ 4390180.957839567214251, 6525634.075981282629073 ], [ 4390191.68286981806159, 6525605.143291430547833 ], [ 4390214.586378138512373, 6525543.356975923292339 ], [ 4390240.180607657879591, 6525473.560482680797577 ], [ 4390263.925416608341038, 6525400.68118642270565 ], [ 4390287.494027059525251, 6525327.500226990319788 ], [ 4390312.001633511856198, 6525254.796206159517169 ], [ 4390230.487885449081659, 6525228.875490810722113 ], [ 4390122.087737226858735, 6525191.081447669304907 ], [ 4390097.770432307384908, 6525264.614523631520569 ], [ 4390073.052645117975771, 6525337.634403241798282 ], [ 4390050.21499745734036, 6525409.800242469646037 ], [ 4390039.932188867591321, 6525440.668627756647766 ], [ 4390026.1782754259184, 6525480.089213077910244 ], [ 4389994.437408337369561, 6525573.10040655080229 ], [ 4389947.61992106679827, 6525688.364360518753529 ], [ 4390007.500151266343892, 6525707.000207149423659 ], [ 4390056.909703167155385, 6525723.395562130026519 ], [ 4390119.479405856691301, 6525743.765822060406208 ] ] ] ] } },
{ "type": "Feature", "properties": { "id": 3152, "link": "140145201", "totalpobl": 577.0, "area_radio": 61851.624 }, "geometry": { "type": "MultiPolygon", "coordinates": [ [ [ [ 4389813.217751814052463, 6525271.544984497129917 ], [ 4389828.997156764380634, 6525274.426783389411867 ], [ 4389868.07809023372829, 6525280.841142208315432 ], [ 4389919.67268823646009, 6525288.84972732886672 ], [ 4389942.447637505829334, 6525294.046828157268465 ], [ 4389957.222426005639136, 6525297.418342386372387 ], [ 4389965.222586776129901, 6525299.243928986601532 ], [ 4390073.052645117975771, 6525337.634403241798282 ], [ 4390097.770432307384908, 6525264.614523631520569 ], [ 4390122.087737226858735, 6525191.081447669304907 ], [ 4390144.007060877047479, 6525124.757537649944425 ], [ 4390034.974283738993108, 6525087.997352979145944 ], [ 4389886.868299994617701, 6525037.977012217976153 ], [ 4389863.753473023883998, 6525106.311067441478372 ], [ 4389849.021471004001796, 6525152.767812608741224 ], [ 4389826.557240264490247, 6525228.974189816974103 ], [ 4389813.217751814052463, 6525271.544984497129917 ] ] ] ] } },
{ "type": "Feature", "properties": { "id": 3153, "link": "140145121", "totalpobl": 989.0, "area_radio": 89148.899 }, "geometry": { "type": "MultiPolygon", "coordinates": [ [ [ [ 4390193.301518908701837, 6525960.664328691549599 ], [ 4390282.888043649494648, 6525992.189801280386746 ], [ 4390284.800019717775285, 6526002.220314082689583 ], [ 4390331.211445868946612, 6526020.57336382009089 ], [ 4390377.800526238977909, 6526038.66144205071032 ], [ 4390467.607356821186841, 6526072.817466292530298 ], [ 4390530.256856833584607, 6525854.985798737965524 ], [ 4390400.31478857062757, 6525799.194159430451691 ], [ 4390392.05740465130657, 6525797.196505846455693 ], [ 4390367.163395270705223, 6525791.174064931459725 ], [ 4390334.012001970782876, 6525783.153970441780984 ], [ 4390290.051423500292003, 6525778.588966709561646 ], [ 4390196.855782958678901, 6525769.275630740448833 ], [ 4390135.193358248099685, 6525748.938952320255339 ], [ 4390114.768000426702201, 6525829.881885138340294 ], [ 4390106.812164076603949, 6525832.769738050177693 ], [ 4390071.919157706201077, 6525845.480474420823157 ], [ 4390069.22059272788465, 6525853.205286141484976 ], [ 4390056.705089216120541, 6525850.181117527186871 ], [ 4390045.843230965547264, 6525881.818694457411766 ], [ 4390051.445291697047651, 6525883.788379437290132 ], [ 4390044.618912767618895, 6525901.503486789762974 ], [ 4390100.117264286614954, 6525923.723744571208954 ], [ 4390193.301518908701837, 6525960.664328691549599 ] ] ] ] } },
{ "type": "Feature", "properties": { "id": 3154, "link": "140145120", "totalpobl": 2064.0, "area_radio": 465722.645 }, "geometry": { "type": "MultiPolygon", "coordinates": [ [ [ [ 4390973.304940367117524, 6526620.65418931376189 ], [ 4391043.522476637735963, 6526640.420582395978272 ], [ 4391104.506415078416467, 6526657.517342333681881 ], [ 4391129.174815108068287, 6526662.647761175408959 ], [ 4391150.300474389456213, 6526666.782598985359073 ], [ 4391164.988827968947589, 6526669.674353734590113 ], [ 4391171.207272781059146, 6526670.892993105575442 ], [ 4391224.506856239400804, 6526681.34057039488107 ], [ 4391284.619999211281538, 6526693.124126266688108 ], [ 4391344.256777700968087, 6526704.814092976972461 ], [ 4391345.500091971829534, 6526656.000208898447454 ], [ 4391345.500091970898211, 6526604.499937406741083 ], [ 4391346.000218361616135, 6526555.499799845740199 ], [ 4391346.409304891712964, 6526505.015017349272966 ], [ 4391346.409304889850318, 6526451.808919667266309 ], [ 4391346.998810350894928, 6526340.42098792642355 ], [ 4391346.409304890781641, 6526188.354269066825509 ], [ 4391268.880218751728535, 6526170.172154395841062 ], [ 4391158.925645259208977, 6526133.451787702739239 ], [ 4391030.591982818208635, 6526075.88174863345921 ], [ 4390935.264086287468672, 6526033.117982503026724 ], [ 4390837.182566004805267, 6525992.320658474229276 ], [ 4390738.261335294693708, 6525947.729781693778932 ], [ 4390598.036433563567698, 6525885.263102563098073 ], [ 4390530.256856833584607, 6525854.985798737965524 ], [ 4390467.607356821186841, 6526072.817466292530298 ], [ 4390377.800526238977909, 6526038.66144205071032 ], [ 4390331.211445868946612, 6526020.57336382009089 ], [ 4390284.800019717775285, 6526002.220314082689583 ], [ 4390282.888043649494648, 6525992.189801280386746 ], [ 4390193.301518908701837, 6525960.664328691549599 ], [ 4390167.463179718703032, 6526029.681589419953525 ], [ 4390259.999865418300033, 6526065.999914282001555 ], [ 4390353.987070610746741, 6526101.869798441417515 ], [ 4390444.95693142991513, 6526137.590945512987673 ], [ 4390424.757294531911612, 6526191.803268608637154 ], [ 4390520.996499133296311, 6526226.690775481984019 ], [ 4390480.499790761619806, 6526334.99986264295876 ], [ 4390573.980834233574569, 6526370.346344660967588 ], [ 4390667.883295753970742, 6526405.81343849003315 ], [ 4390761.949671714566648, 6526441.33455388341099 ], [ 4390821.393663385882974, 6526463.780362323857844 ], [ 4390832.61814902536571, 6526468.177213514223695 ], [ 4390901.742399674840271, 6526493.026726551353931 ], [ 4390903.188463327474892, 6526600.953924034722149 ], [ 4390973.304940367117524, 6526620.65418931376189 ] ] ] ] } },
{ "type": "Feature", "properties": { "id": 3155, "link": "140145119", "totalpobl": 1283.0, "area_radio": 580307.329 }, "geometry": { "type": "MultiPolygon", "coordinates": [ [ [ [ 4392583.522563345730305, 6526880.665024220943451 ], [ 4392642.063638304360211, 6526882.376331769861281 ], [ 4392699.207729197107255, 6526883.004042034968734 ], [ 4392717.939424226991832, 6526883.219061161391437 ], [ 4392756.172893735580146, 6526881.309611945413053 ], [ 4392792.592164948582649, 6526880.22255792375654 ], [ 4392770.324921447783709, 6526731.150260795839131 ], [ 4392770.243965866975486, 6526730.199989610351622 ], [ 4392764.960268828086555, 6526668.179002052173018 ], [ 4392762.290860978886485, 6526574.904831792227924 ], [ 4392762.812796956859529, 6526549.12540197558701 ], [ 4392770.676488517783582, 6526354.073354395106435 ], [ 4392738.938920876942575, 6526356.107498165220022 ], [ 4392681.289203456602991, 6526360.712754820473492 ], [ 4392587.545677996240556, 6526360.712754820473492 ], [ 4392510.686995234340429, 6526351.114020482636988 ], [ 4392379.348358122631907, 6526332.716690441593528 ], [ 4392371.517106623388827, 6526331.619723688811064 ], [ 4392285.597704092971981, 6526320.718034432269633 ], [ 4392181.425666111521423, 6526305.079726462252438 ], [ 4392087.571866699494421, 6526292.814144220203161 ], [ 4391978.442863467149436, 6526277.003615868277848 ], [ 4391865.434504257515073, 6526260.828316657803953 ], [ 4391770.313446567393839, 6526248.332234509289265 ], [ 4391703.727800626307726, 6526239.584858034737408 ], [ 4391682.605095694772899, 6526236.597512790933251 ], [ 4391626.572103054262698, 6526227.690800775773823 ], [ 4391556.377913904376328, 6526218.075121376663446 ], [ 4391458.904781891964376, 6526204.697776374407113 ], [ 4391346.409304890781641, 6526188.354269066825509 ], [ 4391346.998810350894928, 6526340.42098792642355 ], [ 4391346.409304889850318, 6526451.808919667266309 ], [ 4391346.409304891712964, 6526505.015017349272966 ], [ 4391422.299746363423765, 6526505.996737597510219 ], [ 4391497.577156830579042, 6526506.961122237145901 ], [ 4391497.348513742908835, 6526556.72820957750082 ], [ 4391513.380766542628407, 6526556.987586624920368 ], [ 4391559.230709004215896, 6526556.982464306056499 ], [ 4391605.143056113272905, 6526557.694455796852708 ], [ 4391603.866209575906396, 6526708.270228489302099 ], [ 4391658.382570805028081, 6526708.995725366286933 ], [ 4391723.588134024292231, 6526710.000293518416584 ], [ 4391791.278575076721609, 6526710.712155250832438 ], [ 4391791.442027087323368, 6526728.063158059492707 ], [ 4391856.896309776231647, 6526728.128349149599671 ], [ 4391857.666508446447551, 6526688.643074940890074 ], [ 4391922.179231688380241, 6526690.362291261553764 ], [ 4391993.900846579112113, 6526692.272895249538124 ], [ 4392068.571498539298773, 6526694.26267000194639 ], [ 4392140.519883081316948, 6526696.17979547008872 ], [ 4392213.37399450968951, 6526697.994011980481446 ], [ 4392284.419936620630324, 6526699.763526699505746 ], [ 4392354.507553152740002, 6526701.508828946389258 ], [ 4392402.869261503219604, 6526702.7130262022838 ], [ 4392465.140753575600684, 6526704.264142481610179 ], [ 4392527.043438144959509, 6526705.805488402955234 ], [ 4392583.881320235319436, 6526709.339918931014836 ], [ 4392584.744925884529948, 6526714.455141032114625 ], [ 4392583.999864555895329, 6526795.500231603160501 ], [ 4392583.522563345730305, 6526880.665024220943451 ] ] ] ] } },
{ "type": "Feature", "properties": { "id": 3157, "link": "140145117", "totalpobl": 1360.0, "area_radio": 126634.901 }, "geometry": { "type": "MultiPolygon", "coordinates": [ [ [ [ 4390784.126783315092325, 6526562.159215293824673 ], [ 4390833.581883036531508, 6526580.964946906082332 ], [ 4390838.25851949583739, 6526582.71071158349514 ], [ 4390903.188463327474892, 6526600.953924034722149 ], [ 4390901.742399674840271, 6526493.026726551353931 ], [ 4390832.61814902536571, 6526468.177213514223695 ], [ 4390821.393663385882974, 6526463.780362323857844 ], [ 4390761.949671714566648, 6526441.33455388341099 ], [ 4390667.883295753970742, 6526405.81343849003315 ], [ 4390573.980834233574569, 6526370.346344660967588 ], [ 4390480.499790761619806, 6526334.99986264295876 ], [ 4390520.996499133296311, 6526226.690775481984019 ], [ 4390424.757294531911612, 6526191.803268608637154 ], [ 4390444.95693142991513, 6526137.590945512987673 ], [ 4390353.987070610746741, 6526101.869798441417515 ], [ 4390259.999865418300033, 6526065.999914282001555 ], [ 4390240.000169348903, 6526119.500205178745091 ], [ 4390199.500212097540498, 6526226.499850258231163 ], [ 4390162.314364378340542, 6526325.794674755074084 ], [ 4390255.737663098610938, 6526361.280396301299334 ], [ 4390349.905086430720985, 6526397.106503539718688 ], [ 4390443.780074731446803, 6526432.783150323666632 ], [ 4390536.335838731378317, 6526467.950813351199031 ], [ 4390631.293961893767118, 6526504.068442611023784 ], [ 4390724.33214942459017, 6526539.443796998821199 ], [ 4390784.126783315092325, 6526562.159215293824673 ] ] ] ] } },
{ "type": "Feature", "properties": { "id": 3158, "link": "140145116", "totalpobl": 586.0, "area_radio": 68934.003 }, "geometry": { "type": "MultiPolygon", "coordinates": [ [ [ [ 4390167.463179718703032, 6526029.681589419953525 ], [ 4390193.301518908701837, 6525960.664328691549599 ], [ 4390100.117264286614954, 6525923.723744571208954 ], [ 4390044.618912767618895, 6525901.503486789762974 ], [ 4390051.445291697047651, 6525883.788379437290132 ], [ 4390045.843230965547264, 6525881.818694457411766 ], [ 4390056.705089216120541, 6525850.181117527186871 ], [ 4390069.22059272788465, 6525853.205286141484976 ], [ 4390071.919157706201077, 6525845.480474420823157 ], [ 4390106.812164076603949, 6525832.769738050177693 ], [ 4390114.768000426702201, 6525829.881885138340294 ], [ 4390135.193358248099685, 6525748.938952320255339 ], [ 4390119.479405856691301, 6525743.765822060406208 ], [ 4390056.909703167155385, 6525723.395562130026519 ], [ 4390007.500151266343892, 6525707.000207149423659 ], [ 4389947.61992106679827, 6525688.364360518753529 ], [ 4389890.148325584828854, 6525842.506356935948133 ], [ 4389859.064620143733919, 6525924.480660798028111 ], [ 4389848.754279694519937, 6525951.671208678744733 ], [ 4389846.883481764234602, 6525959.623634457588196 ], [ 4389847.490035753697157, 6525966.105359386652708 ], [ 4389849.731237905099988, 6525970.216482065618038 ], [ 4389865.022981905378401, 6525976.095442399382591 ], [ 4389988.100704097189009, 6526022.792131726630032 ], [ 4390053.500040357001126, 6526047.999775182455778 ], [ 4390073.500186997465789, 6525993.99983218125999 ], [ 4390167.463179718703032, 6526029.681589419953525 ] ] ] ] } },
{ "type": "Feature", "properties": { "id": 3159, "link": "140145115", "totalpobl": 796.0, "area_radio": 46421.068 }, "geometry": { "type": "MultiPolygon", "coordinates": [ [ [ [ 4391344.256777700968087, 6526704.814092976972461 ], [ 4391419.754910641349852, 6526705.818981926888227 ], [ 4391512.052708592265844, 6526707.047865947708488 ], [ 4391558.233266393654048, 6526707.662545098923147 ], [ 4391603.866209575906396, 6526708.270228489302099 ], [ 4391605.143056113272905, 6526557.694455796852708 ], [ 4391559.230709004215896, 6526556.982464306056499 ], [ 4391513.380766542628407, 6526556.987586624920368 ], [ 4391497.348513742908835, 6526556.72820957750082 ], [ 4391497.577156830579042, 6526506.961122237145901 ], [ 4391422.299746363423765, 6526505.996737597510219 ], [ 4391346.409304891712964, 6526505.015017349272966 ], [ 4391346.000218361616135, 6526555.499799845740199 ], [ 4391345.500091970898211, 6526604.499937406741083 ], [ 4391345.500091971829534, 6526656.000208898447454 ], [ 4391344.256777700968087, 6526704.814092976972461 ] ] ] ] } },
{ "type": "Feature", "properties": { "id": 3160, "link": "140145114", "totalpobl": 916.0, "area_radio": 79548.052 }, "geometry": { "type": "MultiPolygon", "coordinates": [ [ [ [ 4392131.447413249872625, 6527040.479979487136006 ], [ 4392204.759261440485716, 6527042.044126872904599 ], [ 4392207.494085961021483, 6526955.43950059171766 ], [ 4392209.036818881519139, 6526870.216047769412398 ], [ 4392279.999878911301494, 6526871.999992747791111 ], [ 4392349.71030487306416, 6526873.671720852144063 ], [ 4392401.620824903249741, 6526875.170214710757136 ], [ 4392464.500000355765224, 6526876.99979820009321 ], [ 4392526.003155333921313, 6526878.965822912752628 ], [ 4392527.043438144959509, 6526705.805488402955234 ], [ 4392465.140753575600684, 6526704.264142481610179 ], [ 4392402.869261503219604, 6526702.7130262022838 ], [ 4392354.507553152740002, 6526701.508828946389258 ], [ 4392284.419936620630324, 6526699.763526699505746 ], [ 4392213.37399450968951, 6526697.994011980481446 ], [ 4392140.519883081316948, 6526696.17979547008872 ], [ 4392135.982023719698191, 6526868.677974452264607 ], [ 4392133.72916093096137, 6526953.938692361116409 ], [ 4392131.447413249872625, 6527040.479979487136006 ] ] ] ] } },
{ "type": "Feature", "properties": { "id": 3161, "link": "140145110", "totalpobl": 790.0, "area_radio": 84197.701 }, "geometry": { "type": "MultiPolygon", "coordinates": [ [ [ [ 4392124.879119611345232, 6527289.913493320345879 ], [ 4392123.658950740471482, 6527259.001300730742514 ], [ 4392126.926770590245724, 6527212.123192411847413 ], [ 4392131.447413249872625, 6527040.479979487136006 ], [ 4392133.72916093096137, 6526953.938692361116409 ], [ 4392135.982023719698191, 6526868.677974452264607 ], [ 4392140.519883081316948, 6526696.17979547008872 ], [ 4392068.571498539298773, 6526694.26267000194639 ], [ 4391993.900846579112113, 6526692.272895249538124 ], [ 4391989.460299558006227, 6526864.478164909407496 ], [ 4391985.029534769244492, 6527036.493446069769561 ], [ 4391979.999920229427516, 6527218.02497785910964 ], [ 4391979.478952288627625, 6527248.994982210919261 ], [ 4392124.879119611345232, 6527289.913493320345879 ] ] ] ] } },
{ "type": "Feature", "properties": { "id": 3162, "link": "140145109", "totalpobl": 1019.0, "area_radio": 103161.649 }, "geometry": { "type": "MultiPolygon", "coordinates": [ [ [ [ 4391979.478952288627625, 6527248.994982210919261 ], [ 4391979.999920229427516, 6527218.02497785910964 ], [ 4391985.029534769244492, 6527036.493446069769561 ], [ 4391989.460299558006227, 6526864.478164909407496 ], [ 4391993.900846579112113, 6526692.272895249538124 ], [ 4391922.179231688380241, 6526690.362291261553764 ], [ 4391857.666508446447551, 6526688.643074940890074 ], [ 4391856.896309776231647, 6526728.128349149599671 ], [ 4391791.442027087323368, 6526728.063158059492707 ], [ 4391788.499973936006427, 6526860.500026406720281 ], [ 4391787.000080915167928, 6527024.499874818138778 ], [ 4391786.271323285996914, 6527162.444583769887686 ], [ 4391786.139927536249161, 6527180.079758730717003 ], [ 4391786.028574605472386, 6527195.024903159588575 ], [ 4391835.129067776724696, 6527208.372041648253798 ], [ 4391979.478952288627625, 6527248.994982210919261 ] ] ] ] } },
{ "type": "Feature", "properties": { "id": 3163, "link": "140145108", "totalpobl": 880.0, "area_radio": 85574.803 }, "geometry": { "type": "MultiPolygon", "coordinates": [ [ [ [ 4391786.028574605472386, 6527195.024903159588575 ], [ 4391786.139927536249161, 6527180.079758730717003 ], [ 4391786.271323285996914, 6527162.444583769887686 ], [ 4391787.000080915167928, 6527024.499874818138778 ], [ 4391788.499973936006427, 6526860.500026406720281 ], [ 4391791.442027087323368, 6526728.063158059492707 ], [ 4391791.278575076721609, 6526710.712155250832438 ], [ 4391723.588134024292231, 6526710.000293518416584 ], [ 4391658.382570805028081, 6526708.995725366286933 ], [ 4391603.866209575906396, 6526708.270228489302099 ], [ 4391603.051771554164588, 6526857.521654536947608 ], [ 4391601.545819484628737, 6527007.437583853490651 ], [ 4391600.263850624673069, 6527114.034438608214259 ], [ 4391599.898321124725044, 6527144.428542317822576 ], [ 4391786.028574605472386, 6527195.024903159588575 ] ] ] ] } },
{ "type": "Feature", "properties": { "id": 3164, "link": "140145107", "totalpobl": 1069.0, "area_radio": 104043.426 }, "geometry": { "type": "MultiPolygon", "coordinates": [ [ [ [ 4391599.898321124725044, 6527144.428542317822576 ], [ 4391600.263850624673069, 6527114.034438608214259 ], [ 4391601.545819484628737, 6527007.437583853490651 ], [ 4391603.051771554164588, 6526857.521654536947608 ], [ 4391603.866209575906396, 6526708.270228489302099 ], [ 4391558.233266393654048, 6526707.662545098923147 ], [ 4391512.052708592265844, 6526707.047865947708488 ], [ 4391419.754910641349852, 6526705.818981926888227 ], [ 4391344.256777700968087, 6526704.814092976972461 ], [ 4391343.79530590120703, 6526755.438920968212187 ], [ 4391343.345952199772, 6526804.78039279486984 ], [ 4391342.889602730982006, 6526854.922334815375507 ], [ 4391342.436514000408351, 6526904.58231573458761 ], [ 4391341.977366221137345, 6526954.950564978644252 ], [ 4391341.52939982060343, 6527004.500653021968901 ], [ 4391341.179220050573349, 6527042.906064974144101 ], [ 4391347.952733159996569, 6527052.645378530025482 ], [ 4391347.394176920875907, 6527057.082086457870901 ], [ 4391345.50882258079946, 6527072.057779134251177 ], [ 4391569.000486973673105, 6527135.638478846289217 ], [ 4391599.898321124725044, 6527144.428542317822576 ] ] ] ] } },
{ "type": "Feature", "properties": { "id": 3165, "link": "140145106", "totalpobl": 1038.0, "area_radio": 130702.743 }, "geometry": { "type": "MultiPolygon", "coordinates": [ [ [ [ 4391345.50882258079946, 6527072.057779134251177 ], [ 4391347.394176920875907, 6527057.082086457870901 ], [ 4391347.952733159996569, 6527052.645378530025482 ], [ 4391341.179220050573349, 6527042.906064974144101 ], [ 4391341.52939982060343, 6527004.500653021968901 ], [ 4391341.977366221137345, 6526954.950564978644252 ], [ 4391342.436514000408351, 6526904.58231573458761 ], [ 4391342.889602730982006, 6526854.922334815375507 ], [ 4391343.345952199772, 6526804.78039279486984 ], [ 4391343.79530590120703, 6526755.438920968212187 ], [ 4391344.256777700968087, 6526704.814092976972461 ], [ 4391284.619999211281538, 6526693.124126266688108 ], [ 4391224.506856239400804, 6526681.34057039488107 ], [ 4391171.207272781059146, 6526670.892993105575442 ], [ 4391164.988827968947589, 6526669.674353734590113 ], [ 4391150.300474389456213, 6526666.782598985359073 ], [ 4391129.174815108068287, 6526662.647761175408959 ], [ 4391104.506415078416467, 6526657.517342333681881 ], [ 4391043.522476637735963, 6526640.420582395978272 ], [ 4390973.304940367117524, 6526620.65418931376189 ], [ 4390972.4998221360147, 6526734.500001316890121 ], [ 4390970.999917256645858, 6526845.500147635117173 ], [ 4390970.999917255714536, 6526937.499913943000138 ], [ 4390970.999917256645858, 6526965.806523993611336 ], [ 4391063.755311517044902, 6526991.820971593260765 ], [ 4391345.50882258079946, 6527072.057779134251177 ] ] ] ] } },
{ "type": "Feature", "properties": { "id": 3166, "link": "140145105", "totalpobl": 765.0, "area_radio": 85816.211 }, "geometry": { "type": "MultiPolygon", "coordinates": [ [ [ [ 4390970.999917256645858, 6526965.806523993611336 ], [ 4390970.999917255714536, 6526937.499913943000138 ], [ 4390970.999917256645858, 6526845.500147635117173 ], [ 4390972.4998221360147, 6526734.500001316890121 ], [ 4390973.304940367117524, 6526620.65418931376189 ], [ 4390903.188463327474892, 6526600.953924034722149 ], [ 4390838.25851949583739, 6526582.71071158349514 ], [ 4390833.581883036531508, 6526580.964946906082332 ], [ 4390784.126783315092325, 6526562.159215293824673 ], [ 4390746.499953093938529, 6526660.499899802729487 ], [ 4390708.808406083844602, 6526758.200293541885912 ], [ 4390672.499863454140723, 6526851.99984610080719 ], [ 4390670.668075853027403, 6526857.065779492259026 ], [ 4390664.407347823493183, 6526874.380249375477433 ], [ 4390682.157356063835323, 6526880.203441543504596 ], [ 4390701.597848325036466, 6526886.581225763075054 ], [ 4390723.957820784300566, 6526893.10931187402457 ], [ 4390784.019220035523176, 6526911.418849312700331 ], [ 4390825.957490094937384, 6526923.803413922898471 ], [ 4390970.999917256645858, 6526965.806523993611336 ] ] ] ] } },
{ "type": "Feature", "properties": { "id": 3167, "link": "140145104", "totalpobl": 895.0, "area_radio": 89801.347 }, "geometry": { "type": "MultiPolygon", "coordinates": [ [ [ [ 4390664.407347823493183, 6526874.380249375477433 ], [ 4390670.668075853027403, 6526857.065779492259026 ], [ 4390672.499863454140723, 6526851.99984610080719 ], [ 4390708.808406083844602, 6526758.200293541885912 ], [ 4390746.499953093938529, 6526660.499899802729487 ], [ 4390784.126783315092325, 6526562.159215293824673 ], [ 4390724.33214942459017, 6526539.443796998821199 ], [ 4390631.293961893767118, 6526504.068442611023784 ], [ 4390536.335838731378317, 6526467.950813351199031 ], [ 4390499.500170782208443, 6526566.999766195192933 ], [ 4390461.999999571591616, 6526664.499926760792732 ], [ 4390424.000176260247827, 6526762.99986582249403 ], [ 4390422.318927261047065, 6526767.357857760041952 ], [ 4390414.073340800590813, 6526788.731371993198991 ], [ 4390439.050028651952744, 6526798.299589811824262 ], [ 4390481.392136482521892, 6526813.929053938947618 ], [ 4390508.897203451953828, 6526823.4688561540097 ], [ 4390511.649410502053797, 6526824.423426122404635 ], [ 4390541.906684512272477, 6526834.917798303067684 ], [ 4390624.757016392424703, 6526861.372283604927361 ], [ 4390664.407347823493183, 6526874.380249375477433 ] ] ] ] } },
{ "type": "Feature", "properties": { "id": 3168, "link": "140145103", "totalpobl": 586.0, "area_radio": 68781.277 }, "geometry": { "type": "MultiPolygon", "coordinates": [ [ [ [ 4390414.073340800590813, 6526788.731371993198991 ], [ 4390422.318927261047065, 6526767.357857760041952 ], [ 4390424.000176260247827, 6526762.99986582249403 ], [ 4390461.999999571591616, 6526664.499926760792732 ], [ 4390499.500170782208443, 6526566.999766195192933 ], [ 4390536.335838731378317, 6526467.950813351199031 ], [ 4390443.780074731446803, 6526432.783150323666632 ], [ 4390349.905086430720985, 6526397.106503539718688 ], [ 4390311.999789011664689, 6526495.000146521255374 ], [ 4390274.500092089176178, 6526592.999971048906446 ], [ 4390237.500035409815609, 6526692.000024651177227 ], [ 4390235.518609948456287, 6526697.136108710430562 ], [ 4390227.38269033934921, 6526718.225353757850826 ], [ 4390260.595578579232097, 6526730.971028191968799 ], [ 4390343.826020349748433, 6526762.772893291898072 ], [ 4390388.53042932972312, 6526778.946241873316467 ], [ 4390411.770574001595378, 6526787.849214416928589 ], [ 4390414.073340800590813, 6526788.731371993198991 ] ] ] ] } },
{ "type": "Feature", "properties": { "id": 3169, "link": "140145102", "totalpobl": 725.0, "area_radio": 89765.859 }, "geometry": { "type": "MultiPolygon", "coordinates": [ [ [ [ 4390227.38269033934921, 6526718.225353757850826 ], [ 4390235.518609948456287, 6526697.136108710430562 ], [ 4390237.500035409815609, 6526692.000024651177227 ], [ 4390274.500092089176178, 6526592.999971048906446 ], [ 4390311.999789011664689, 6526495.000146521255374 ], [ 4390349.905086430720985, 6526397.106503539718688 ], [ 4390255.737663098610938, 6526361.280396301299334 ], [ 4390162.314364378340542, 6526325.794674755074084 ], [ 4389974.910844378173351, 6526254.55688254814595 ], [ 4389938.499855214729905, 6526352.499887211248279 ], [ 4390125.50012244656682, 6526423.000064430758357 ], [ 4390087.335910407826304, 6526521.748673462308943 ], [ 4390048.50023490563035, 6526619.499816169962287 ], [ 4390046.029720667749643, 6526625.903674948960543 ], [ 4390038.297041005454957, 6526645.947675387375057 ], [ 4390067.421115546487272, 6526657.480827677994967 ], [ 4390131.5701516084373, 6526681.65050716791302 ], [ 4390195.719649638980627, 6526706.074443991295993 ], [ 4390227.38269033934921, 6526718.225353757850826 ] ] ] ] } },
{ "type": "Feature", "properties": { "id": 3170, "link": "140145101", "totalpobl": 772.0, "area_radio": 117357.914 }, "geometry": { "type": "MultiPolygon", "coordinates": [ [ [ [ 4390038.297041005454957, 6526645.947675387375057 ], [ 4390046.029720667749643, 6526625.903674948960543 ], [ 4390048.50023490563035, 6526619.499816169962287 ], [ 4390087.335910407826304, 6526521.748673462308943 ], [ 4390125.50012244656682, 6526423.000064430758357 ], [ 4389938.499855214729905, 6526352.499887211248279 ], [ 4389974.910844378173351, 6526254.55688254814595 ], [ 4389782.866604234091938, 6526182.101244496181607 ], [ 4389745.937646063044667, 6526279.969865688122809 ], [ 4389709.472822663374245, 6526379.08541822899133 ], [ 4389674.482009434141219, 6526480.025416951626539 ], [ 4389665.686482392251492, 6526502.824440786615014 ], [ 4389704.15176657307893, 6526517.315849808976054 ], [ 4389739.603385653346777, 6526530.886826037429273 ], [ 4389746.572399723343551, 6526533.55458358861506 ], [ 4389771.7536799935624, 6526543.194046176038682 ], [ 4389838.501226834021509, 6526569.492976089939475 ], [ 4389878.790117914788425, 6526585.172470676712692 ], [ 4389919.133145986124873, 6526601.073415070772171 ], [ 4389966.018257265910506, 6526619.06423272844404 ], [ 4390021.989801856689155, 6526639.489998165518045 ], [ 4390038.297041005454957, 6526645.947675387375057 ] ] ] ] } },
{ "type": "Feature", "properties": { "id": 3171, "link": "140145015", "totalpobl": 768.0, "area_radio": 67440.932 }, "geometry": { "type": "MultiPolygon", "coordinates": [ [ [ [ 4389302.142552767880261, 6525759.773002765141428 ], [ 4389406.018299571238458, 6525799.631635375320911 ], [ 4389455.11616682074964, 6525675.794532468542457 ], [ 4389508.000192370265722, 6525542.999884457327425 ], [ 4389549.499916261062026, 6525432.999979043379426 ], [ 4389440.256428279913962, 6525398.985960287973285 ], [ 4389352.500049979425967, 6525371.500096667557955 ], [ 4389299.999999999068677, 6525354.999850582331419 ], [ 4389243.499923066236079, 6525336.500059384852648 ], [ 4389227.726110597141087, 6525385.791232816874981 ], [ 4389208.389056197367609, 6525445.29716670140624 ], [ 4389311.781231859698892, 6525479.840380213223398 ], [ 4389397.203148790635169, 6525508.555256366729736 ], [ 4389351.49980905931443, 6525637.000132604502141 ], [ 4389302.142552767880261, 6525759.773002765141428 ] ] ] ] } },
{ "type": "Feature", "properties": { "id": 3172, "link": "140145014", "totalpobl": 640.0, "area_radio": 69410.871 }, "geometry": { "type": "MultiPolygon", "coordinates": [ [ [ [ 4389813.217751814052463, 6525271.544984497129917 ], [ 4389791.855669516138732, 6525258.492947018705308 ], [ 4389766.521367063745856, 6525250.096612399443984 ], [ 4389705.090398932807148, 6525229.865949208848178 ], [ 4389661.944084302522242, 6525215.677722005173564 ], [ 4389546.499205351807177, 6525177.637382516637444 ], [ 4389432.807537430897355, 6525140.132563265040517 ], [ 4389319.099565809592605, 6525102.205377394333482 ], [ 4389279.516030668281019, 6525226.432627028785646 ], [ 4389334.235885797068477, 6525244.829509252682328 ], [ 4389392.030037839896977, 6525264.137228859588504 ], [ 4389478.417145741172135, 6525293.933612196706235 ], [ 4389505.473047651350498, 6525303.265813680365682 ], [ 4389589.434105452150106, 6525332.503755607642233 ], [ 4389619.674149892292917, 6525343.006741768680513 ], [ 4389671.700159412808716, 6525360.668807327747345 ], [ 4389775.668810204602778, 6525395.976646608673036 ], [ 4389796.50017286464572, 6525333.000146964564919 ], [ 4389813.217751814052463, 6525271.544984497129917 ] ] ] ] } },
{ "type": "Feature", "properties": { "id": 3173, "link": "140145013", "totalpobl": 547.0, "area_radio": 57747.863 }, "geometry": { "type": "MultiPolygon", "coordinates": [ [ [ [ 4389549.499916261062026, 6525432.999979043379426 ], [ 4389633.500091081485152, 6525460.500076934695244 ], [ 4389743.58428958337754, 6525494.832812638953328 ], [ 4389775.668810204602778, 6525395.976646608673036 ], [ 4389671.700159412808716, 6525360.668807327747345 ], [ 4389619.674149892292917, 6525343.006741768680513 ], [ 4389589.434105452150106, 6525332.503755607642233 ], [ 4389505.473047651350498, 6525303.265813680365682 ], [ 4389478.417145741172135, 6525293.933612196706235 ], [ 4389392.030037839896977, 6525264.137228859588504 ], [ 4389334.235885797068477, 6525244.829509252682328 ], [ 4389279.516030668281019, 6525226.432627028785646 ], [ 4389243.499923066236079, 6525336.500059384852648 ], [ 4389299.999999999068677, 6525354.999850582331419 ], [ 4389352.500049979425967, 6525371.500096667557955 ], [ 4389440.256428279913962, 6525398.985960287973285 ], [ 4389549.499916261062026, 6525432.999979043379426 ] ] ] ] } },
{ "type": "Feature", "properties": { "id": 3174, "link": "140145012", "totalpobl": 729.0, "area_radio": 96703.279 }, "geometry": { "type": "MultiPolygon", "coordinates": [ [ [ [ 4389706.980513612739742, 6525608.321923388168216 ], [ 4389844.500069495290518, 6525654.000030775554478 ], [ 4389947.61992106679827, 6525688.364360518753529 ], [ 4389994.437408337369561, 6525573.10040655080229 ], [ 4390026.1782754259184, 6525480.089213077910244 ], [ 4390039.932188867591321, 6525440.668627756647766 ], [ 4390050.21499745734036, 6525409.800242469646037 ], [ 4390073.052645117975771, 6525337.634403241798282 ], [ 4389965.222586776129901, 6525299.243928986601532 ], [ 4389957.222426005639136, 6525297.418342386372387 ], [ 4389942.447637505829334, 6525294.046828157268465 ], [ 4389919.67268823646009, 6525288.84972732886672 ], [ 4389868.07809023372829, 6525280.841142208315432 ], [ 4389828.997156764380634, 6525274.426783389411867 ], [ 4389813.217751814052463, 6525271.544984497129917 ], [ 4389796.50017286464572, 6525333.000146964564919 ], [ 4389775.668810204602778, 6525395.976646608673036 ], [ 4389743.58428958337754, 6525494.832812638953328 ], [ 4389706.980513612739742, 6525608.321923388168216 ] ] ] ] } },
{ "type": "Feature", "properties": { "id": 3175, "link": "140145011", "totalpobl": 686.0, "area_radio": 72395.047 }, "geometry": { "type": "MultiPolygon", "coordinates": [ [ [ [ 4389618.02989502158016, 6525881.137969258241355 ], [ 4389677.936757643707097, 6525904.174694950692356 ], [ 4389736.377143763005733, 6525926.650701364502311 ], [ 4389770.548683582805097, 6525939.775544917210937 ], [ 4389849.731237905099988, 6525970.216482065618038 ], [ 4389847.490035753697157, 6525966.105359386652708 ], [ 4389846.883481764234602, 6525959.623634457588196 ], [ 4389848.754279694519937, 6525951.671208678744733 ], [ 4389859.064620143733919, 6525924.480660798028111 ], [ 4389890.148325584828854, 6525842.506356935948133 ], [ 4389947.61992106679827, 6525688.364360518753529 ], [ 4389844.500069495290518, 6525654.000030775554478 ], [ 4389706.980513612739742, 6525608.321923388168216 ], [ 4389659.000169563107193, 6525753.999862868338823 ], [ 4389618.02989502158016, 6525881.137969258241355 ] ] ] ] } },
{ "type": "Feature", "properties": { "id": 3177, "link": "140145008", "totalpobl": 687.0, "area_radio": 74076.138 }, "geometry": { "type": "MultiPolygon", "coordinates": [ [ [ [ 4389010.927255695685744, 6525649.29126120172441 ], [ 4389117.14179755654186, 6525689.720442616380751 ], [ 4389163.499775196425617, 6525565.500176896341145 ], [ 4389186.734872457571328, 6525506.995883082970977 ], [ 4389208.389056197367609, 6525445.29716670140624 ], [ 4389227.726110597141087, 6525385.791232816874981 ], [ 4389243.499923066236079, 6525336.500059384852648 ], [ 4389279.516030668281019, 6525226.432627028785646 ], [ 4389319.099565809592605, 6525102.205377394333482 ], [ 4389206.446319098584354, 6525064.686578464694321 ], [ 4389164.984443227760494, 6525189.026102192699909 ], [ 4389127.82127869874239, 6525301.285821137949824 ], [ 4389091.999819486401975, 6525408.500141485594213 ], [ 4389071.442264135926962, 6525467.884064405225217 ], [ 4389052.238864516839385, 6525522.799504644237459 ], [ 4389010.927255695685744, 6525649.29126120172441 ] ] ] ] } },
{ "type": "Feature", "properties": { "id": 3178, "link": "140145007", "totalpobl": 710.0, "area_radio": 73881.504 }, "geometry": { "type": "MultiPolygon", "coordinates": [ [ [ [ 4388899.621631384827197, 6525607.054859063588083 ], [ 4388940.090854674577713, 6525622.437050713226199 ], [ 4389010.927255695685744, 6525649.29126120172441 ], [ 4389052.238864516839385, 6525522.799504644237459 ], [ 4389071.442264135926962, 6525467.884064405225217 ], [ 4389091.999819486401975, 6525408.500141485594213 ], [ 4389127.82127869874239, 6525301.285821137949824 ], [ 4389164.984443227760494, 6525189.026102192699909 ], [ 4389206.446319098584354, 6525064.686578464694321 ], [ 4389090.243832286447287, 6525027.288785806857049 ], [ 4389049.224636366590858, 6525152.047900472767651 ], [ 4389012.623658705502748, 6525263.216609275899827 ], [ 4388976.768667234107852, 6525372.255865072831511 ], [ 4388957.327304726466537, 6525431.546649393625557 ], [ 4388939.953488586470485, 6525484.38895851559937 ], [ 4388899.621631384827197, 6525607.054859063588083 ] ] ] ] } },
{ "type": "Feature", "properties": { "id": 3179, "link": "140145006", "totalpobl": 583.0, "area_radio": 97163.188 }, "geometry": { "type": "MultiPolygon", "coordinates": [ [ [ [ 4388825.499993204139173, 6525832.500117715448141 ], [ 4388939.499937424436212, 6525870.49994102679193 ], [ 4389035.500193124637008, 6525902.99983249232173 ], [ 4389039.1167215667665, 6525900.468227421864867 ], [ 4389132.81852297578007, 6525934.406593466177583 ], [ 4389223.56457281857729, 6525968.767234397120774 ], [ 4389236.220499108545482, 6525936.255100351758301 ], [ 4389259.969958209432662, 6525870.417173785157502 ], [ 4389274.781450028531253, 6525834.291844397783279 ], [ 4389302.142552767880261, 6525759.773002765141428 ], [ 4389210.32528367638588, 6525724.93701674696058 ], [ 4389117.14179755654186, 6525689.720442616380751 ], [ 4389010.927255695685744, 6525649.29126120172441 ], [ 4388940.090854674577713, 6525622.437050713226199 ], [ 4388899.621631384827197, 6525607.054859063588083 ], [ 4388868.500096242874861, 6525702.500053794123232 ], [ 4388862.500049883499742, 6525720.500192889943719 ], [ 4388844.662426074035466, 6525774.339482190087438 ], [ 4388825.499993204139173, 6525832.500117715448141 ] ] ] ] } },
{ "type": "Feature", "properties": { "id": 3180, "link": "140145005", "totalpobl": 773.0, "area_radio": 113108.832 }, "geometry": { "type": "MultiPolygon", "coordinates": [ [ [ [ 4389374.500216039828956, 6526138.500110895372927 ], [ 4389443.500049659982324, 6526165.500082394108176 ], [ 4389523.000071140006185, 6526195.499851797707379 ], [ 4389525.500205080024898, 6526171.999792725779116 ], [ 4389547.499908701516688, 6526091.499992756173015 ], [ 4389562.000135372392833, 6526046.000230056233704 ], [ 4389579.999800181016326, 6525992.499939157627523 ], [ 4389591.999892910942435, 6525959.499909434467554 ], [ 4389618.02989502158016, 6525881.137969258241355 ], [ 4389492.068050221540034, 6525832.71152038872242 ], [ 4389406.018299571238458, 6525799.631635375320911 ], [ 4389302.142552767880261, 6525759.773002765141428 ], [ 4389274.781450028531253, 6525834.291844397783279 ], [ 4389259.969958209432662, 6525870.417173785157502 ], [ 4389236.220499108545482, 6525936.255100351758301 ], [ 4389223.56457281857729, 6525968.767234397120774 ], [ 4389188.00685656722635, 6526060.591169864870608 ], [ 4389185.601403378881514, 6526067.163600186817348 ], [ 4389273.000028497539461, 6526100.000173051841557 ], [ 4389368.999833628535271, 6526135.000198475085199 ], [ 4389374.500216039828956, 6526138.500110895372927 ] ] ] ] } },
{ "type": "Feature", "properties": { "id": 3181, "link": "140145004", "totalpobl": 711.0, "area_radio": 82994.473 }, "geometry": { "type": "MultiPolygon", "coordinates": [ [ [ [ 4389523.000071140006185, 6526195.499851797707379 ], [ 4389562.499787472188473, 6526209.499952077865601 ], [ 4389655.999921091832221, 6526245.000115739181638 ], [ 4389745.937646063044667, 6526279.969865688122809 ], [ 4389782.866604234091938, 6526182.101244496181607 ], [ 4389820.820691264234483, 6526084.148159547708929 ], [ 4389865.022981905378401, 6525976.095442399382591 ], [ 4389849.731237905099988, 6525970.216482065618038 ], [ 4389770.548683582805097, 6525939.775544917210937 ], [ 4389736.377143763005733, 6525926.650701364502311 ], [ 4389677.936757643707097, 6525904.174694950692356 ], [ 4389618.02989502158016, 6525881.137969258241355 ], [ 4389591.999892910942435, 6525959.499909434467554 ], [ 4389579.999800181016326, 6525992.499939157627523 ], [ 4389562.000135372392833, 6526046.000230056233704 ], [ 4389547.499908701516688, 6526091.499992756173015 ], [ 4389525.500205080024898, 6526171.999792725779116 ], [ 4389523.000071140006185, 6526195.499851797707379 ] ] ] ] } },
{ "type": "Feature", "properties": { "id": 3182, "link": "140145003", "totalpobl": 608.0, "area_radio": 91848.026 }, "geometry": { "type": "MultiPolygon", "coordinates": [ [ [ [ 4389292.607284529134631, 6526352.444695706479251 ], [ 4389331.030273479409516, 6526368.12327884696424 ], [ 4389368.647790879011154, 6526381.752727447077632 ], [ 4389429.525548430159688, 6526405.377112905494869 ], [ 4389468.722931110300124, 6526420.227105436846614 ], [ 4389502.579430810175836, 6526433.053695724345744 ], [ 4389542.267547042109072, 6526448.129476109519601 ], [ 4389601.801598631776869, 6526470.743859766051173 ], [ 4389665.686482392251492, 6526502.824440786615014 ], [ 4389674.482009434141219, 6526480.025416951626539 ], [ 4389709.472822663374245, 6526379.08541822899133 ], [ 4389745.937646063044667, 6526279.969865688122809 ], [ 4389655.999921091832221, 6526245.000115739181638 ], [ 4389562.499787472188473, 6526209.499952077865601 ], [ 4389523.000071140006185, 6526195.499851797707379 ], [ 4389443.500049659982324, 6526165.500082394108176 ], [ 4389374.500216039828956, 6526138.500110895372927 ], [ 4389357.499855428934097, 6526185.99989300686866 ], [ 4389337.50017121899873, 6526237.500164494849741 ], [ 4389298.116406797431409, 6526337.850176345556974 ], [ 4389292.607284529134631, 6526352.444695706479251 ] ] ] ] } },
{ "type": "Feature", "properties": { "id": 3183, "link": "140145002", "totalpobl": 898.0, "area_radio": 91310.655 }, "geometry": { "type": "MultiPolygon", "coordinates": [ [ [ [ 4388919.403608254157007, 6526211.55965862236917 ], [ 4388929.05329286493361, 6526215.201050380244851 ], [ 4388997.01887777633965, 6526239.970500002615154 ], [ 4389025.00465598423034, 6526250.873964112251997 ], [ 4389083.520124246366322, 6526273.099039946682751 ], [ 4389113.323371546342969, 6526285.274690958671272 ], [ 4389180.198392088524997, 6526310.607131336815655 ], [ 4389249.33980358671397, 6526334.789307205937803 ], [ 4389292.607284529134631, 6526352.444695706479251 ], [ 4389298.116406797431409, 6526337.850176345556974 ], [ 4389337.50017121899873, 6526237.500164494849741 ], [ 4389357.499855428934097, 6526185.99989300686866 ], [ 4389374.500216039828956, 6526138.500110895372927 ], [ 4389368.999833628535271, 6526135.000198475085199 ], [ 4389273.000028497539461, 6526100.000173051841557 ], [ 4389185.601403378881514, 6526067.163600186817348 ], [ 4389180.500135807320476, 6526065.499787882901728 ], [ 4389060.500157077796757, 6526018.999784263782203 ], [ 4389006.500214074738324, 6525998.499973664060235 ], [ 4388998.288117435760796, 6526007.350352505221963 ], [ 4388966.056228655390441, 6526092.834217906929553 ], [ 4388964.912657875567675, 6526095.452401965856552 ], [ 4388952.70342177618295, 6526127.666995484381914 ], [ 4388925.530670324340463, 6526197.127170491963625 ], [ 4388919.403608254157007, 6526211.55965862236917 ] ] ] ] } },
{ "type": "Feature", "properties": { "id": 3184, "link": "140145001", "totalpobl": 620.0, "area_radio": 75146.07 }, "geometry": { "type": "MultiPolygon", "coordinates": [ [ [ [ 4388821.314525811001658, 6525845.223872949369252 ], [ 4388821.314525811001658, 6526174.00258865300566 ], [ 4388837.645371452905238, 6526180.255491489544511 ], [ 4388890.527733875438571, 6526200.663098234683275 ], [ 4388919.403608254157007, 6526211.55965862236917 ], [ 4388925.530670324340463, 6526197.127170491963625 ], [ 4388952.70342177618295, 6526127.666995484381914 ], [ 4388964.912657875567675, 6526095.452401965856552 ], [ 4388966.056228655390441, 6526092.834217906929553 ], [ 4388998.288117435760796, 6526007.350352505221963 ], [ 4389006.500214074738324, 6525998.499973664060235 ], [ 4389060.500157077796757, 6526018.999784263782203 ], [ 4389180.500135807320476, 6526065.499787882901728 ], [ 4389185.601403378881514, 6526067.163600186817348 ], [ 4389188.00685656722635, 6526060.591169864870608 ], [ 4389223.56457281857729, 6525968.767234397120774 ], [ 4389132.81852297578007, 6525934.406593466177583 ], [ 4389039.1167215667665, 6525900.468227421864867 ], [ 4389035.500193124637008, 6525902.99983249232173 ], [ 4388939.499937424436212, 6525870.49994102679193 ], [ 4388825.499993204139173, 6525832.500117715448141 ], [ 4388821.314525811001658, 6525845.223872949369252 ] ] ] ] } },
{ "type": "Feature", "properties": { "id": 3187, "link": "140144919", "totalpobl": 424.0, "area_radio": 28762.134 }, "geometry": { "type": "MultiPolygon", "coordinates": [ [ [ [ 4388938.00003254506737, 6524339.99980126414448 ], [ 4389012.499786145053804, 6524365.000227641314268 ], [ 4389050.298903456889093, 6524377.274793054908514 ], [ 4389085.999773127026856, 6524272.499872518703341 ], [ 4389088.480461197905242, 6524262.997352555394173 ], [ 4388975.256893265992403, 6524225.689268575049937 ], [ 4388861.704927304759622, 6524188.272916172631085 ], [ 4388857.999896533787251, 6524197.50000436976552 ], [ 4388823.499985654838383, 6524301.499863415025175 ], [ 4388896.499834375455976, 6524326.000163409858942 ], [ 4388938.00003254506737, 6524339.99980126414448 ] ] ] ] } },
{ "type": "Feature", "properties": { "id": 3188, "link": "140144918", "totalpobl": 255.0, "area_radio": 12639.14 }, "geometry": { "type": "MultiPolygon", "coordinates": [ [ [ [ 4388821.314525810070336, 6524308.084268033504486 ], [ 4388821.314525810070336, 6524431.43316413462162 ], [ 4388898.499853785149753, 6524457.500120343640447 ], [ 4388915.500214395113289, 6524405.999836995266378 ], [ 4388938.00003254506737, 6524339.99980126414448 ], [ 4388896.499834375455976, 6524326.000163409858942 ], [ 4388823.499985654838383, 6524301.499863415025175 ], [ 4388821.314525810070336, 6524308.084268033504486 ] ] ] ] } },
{ "type": "Feature", "properties": { "id": 3190, "link": "140144916", "totalpobl": 707.0, "area_radio": 88242.662 }, "geometry": { "type": "MultiPolygon", "coordinates": [ [ [ [ 4388976.499982244335115, 6524610.000002400949597 ], [ 4389014.11040204577148, 6524622.670171294361353 ], [ 4389088.499907056801021, 6524647.999825716949999 ], [ 4389176.782062077894807, 6524676.894109355285764 ], [ 4389203.549904458224773, 6524686.088590155355632 ], [ 4389242.018645907752216, 6524570.24603134393692 ], [ 4389260.932420668192208, 6524513.290529805235565 ], [ 4389281.000094280578196, 6524452.000188508071005 ], [ 4389316.000119688920677, 6524348.499981568194926 ], [ 4389323.500059077516198, 6524341.000042186118662 ], [ 4389265.912833597511053, 6524321.743729637004435 ], [ 4389208.325608127750456, 6524302.487417096272111 ], [ 4389088.480461197905242, 6524262.997352555394173 ], [ 4389085.999773127026856, 6524272.499872518703341 ], [ 4389050.298903456889093, 6524377.274793054908514 ], [ 4389012.751328726299107, 6524493.260456364601851 ], [ 4388976.499982244335115, 6524610.000002400949597 ] ] ] ] } },
{ "type": "Feature", "properties": { "id": 3191, "link": "140144915", "totalpobl": 582.0, "area_radio": 86564.671 }, "geometry": { "type": "MultiPolygon", "coordinates": [ [ [ [ 4388862.500049883499742, 6524951.999811352230608 ], [ 4388940.500178344547749, 6524978.000004366971552 ], [ 4388976.135597505606711, 6524990.106966366991401 ], [ 4389041.286738086491823, 6525010.907938923686743 ], [ 4389090.243832286447287, 6525027.288785806857049 ], [ 4389103.531563226133585, 6524986.478533354587853 ], [ 4389127.933969866484404, 6524913.7927709762007 ], [ 4389143.500090976245701, 6524869.499991977587342 ], [ 4389165.876048437319696, 6524799.536710436455905 ], [ 4389199.290500447154045, 6524700.200219603255391 ], [ 4389203.549904458224773, 6524686.088590155355632 ], [ 4389176.782062077894807, 6524676.894109355285764 ], [ 4389088.499907056801021, 6524647.999825716949999 ], [ 4389014.11040204577148, 6524622.670171294361353 ], [ 4388976.499982244335115, 6524610.000002400949597 ], [ 4388954.000164093449712, 6524672.999777805060148 ], [ 4388936.999791624955833, 6524724.500061155296862 ], [ 4388915.999866495840251, 6524787.999962944537401 ], [ 4388898.999968314543366, 6524839.000108053907752 ], [ 4388879.499936206266284, 6524901.000116823241115 ], [ 4388862.500049883499742, 6524951.999811352230608 ] ] ] ] } },
{ "type": "Feature", "properties": { "id": 3192, "link": "140144914", "totalpobl": 457.0, "area_radio": 48888.618 }, "geometry": { "type": "MultiPolygon", "coordinates": [ [ [ [ 4388821.314525810070336, 6524691.66360742226243 ], [ 4388821.314525810070336, 6524938.927930157631636 ], [ 4388862.500049883499742, 6524951.999811352230608 ], [ 4388879.499936206266284, 6524901.000116823241115 ], [ 4388898.999968314543366, 6524839.000108053907752 ], [ 4388915.999866495840251, 6524787.999962944537401 ], [ 4388936.999791624955833, 6524724.500061155296862 ], [ 4388954.000164093449712, 6524672.999777805060148 ], [ 4388976.499982244335115, 6524610.000002400949597 ], [ 4389012.751328726299107, 6524493.260456364601851 ], [ 4388984.93939421698451, 6524484.36493119597435 ], [ 4388898.499853785149753, 6524457.500120343640447 ], [ 4388869.284618454985321, 6524547.511748195625842 ], [ 4388861.499808963388205, 6524572.499831196852028 ], [ 4388838.000212322920561, 6524642.499893875792623 ], [ 4388822.500207162462175, 6524688.000130865722895 ], [ 4388821.314525810070336, 6524691.66360742226243 ] ] ] ] } },
{ "type": "Feature", "properties": { "id": 3193, "link": "140144913", "totalpobl": 129.0, "area_radio": 10131.255 }, "geometry": { "type": "MultiPolygon", "coordinates": [ [ [ [ 4388821.314525810070336, 6524431.43316413462162 ], [ 4388821.314525810070336, 6524691.66360742226243 ], [ 4388822.500207162462175, 6524688.000130865722895 ], [ 4388838.000212322920561, 6524642.499893875792623 ], [ 4388861.499808963388205, 6524572.499831196852028 ], [ 4388869.284618454985321, 6524547.511748195625842 ], [ 4388898.499853785149753, 6524457.500120343640447 ], [ 4388821.314525810070336, 6524431.43316413462162 ] ] ] ] } },
{ "type": "Feature", "properties": { "id": 3197, "link": "140144908", "totalpobl": 236.0, "area_radio": 81108.953 }, "geometry": { "type": "MultiPolygon", "coordinates": [ [ [ [ 4388821.314525810070336, 6524938.927930157631636 ], [ 4388821.314525810070336, 6525322.007173353806138 ], [ 4388860.931583372876048, 6525334.35541052557528 ], [ 4388976.768667234107852, 6525372.255865072831511 ], [ 4389012.623658705502748, 6525263.216609275899827 ], [ 4389049.224636366590858, 6525152.047900472767651 ], [ 4389090.243832286447287, 6525027.288785806857049 ], [ 4389041.286738086491823, 6525010.907938923686743 ], [ 4388976.135597505606711, 6524990.106966366991401 ], [ 4388940.500178344547749, 6524978.000004366971552 ], [ 4388862.500049883499742, 6524951.999811352230608 ], [ 4388821.314525810070336, 6524938.927930157631636 ] ] ] ] } },
{ "type": "Feature", "properties": { "id": 3198, "link": "140144907", "totalpobl": 156.0, "area_radio": 30303.047 }, "geometry": { "type": "MultiPolygon", "coordinates": [ [ [ [ 4388821.314525810070336, 6525322.007173353806138 ], [ 4388821.314525810070336, 6525579.979394681751728 ], [ 4388851.502522082999349, 6525590.36694850306958 ], [ 4388899.621631384827197, 6525607.054859063588083 ], [ 4388939.953488586470485, 6525484.38895851559937 ], [ 4388957.327304726466537, 6525431.546649393625557 ], [ 4388976.768667234107852, 6525372.255865072831511 ], [ 4388860.931583372876048, 6525334.35541052557528 ], [ 4388821.314525810070336, 6525322.007173353806138 ] ] ] ] } },
{ "type": "Feature", "properties": { "id": 3200, "link": "140144905", "totalpobl": 92.0, "area_radio": 10402.447 }, "geometry": { "type": "MultiPolygon", "coordinates": [ [ [ [ 4388821.314525810070336, 6525579.979394681751728 ], [ 4388821.314525811001658, 6525845.223872949369252 ], [ 4388825.499993204139173, 6525832.500117715448141 ], [ 4388844.662426074035466, 6525774.339482190087438 ], [ 4388862.500049883499742, 6525720.500192889943719 ], [ 4388868.500096242874861, 6525702.500053794123232 ], [ 4388899.621631384827197, 6525607.054859063588083 ], [ 4388851.502522082999349, 6525590.36694850306958 ], [ 4388821.314525810070336, 6525579.979394681751728 ] ] ] ] } },
{ "type": "Feature", "properties": { "id": 28, "link": "140140607", "totalpobl": 691.0, "area_radio": 1406096.424 }, "geometry": { "type": "MultiPolygon", "coordinates": [ [ [ [ 4392777.189076327718794, 6528633.880073027685285 ], [ 4394423.853751611895859, 6528633.88007302954793 ], [ 4394421.357374937273562, 6528613.310083772055805 ], [ 4394418.495447616092861, 6528590.030751383863389 ], [ 4394395.489047477021813, 6528395.603680612519383 ], [ 4394382.445708544924855, 6528298.711794731207192 ], [ 4394374.96477519441396, 6528212.442996953614056 ], [ 4394363.07454660627991, 6528120.613502010703087 ], [ 4394353.563634785823524, 6528040.236306872218847 ], [ 4394348.945005086250603, 6527990.795243172906339 ], [ 4394342.305589525960386, 6527940.393184742890298 ], [ 4394324.015556805767119, 6527935.580486151389778 ], [ 4394099.26847833301872, 6527871.878298168070614 ], [ 4393649.822239137254655, 6527744.319578447379172 ], [ 4393633.581218698062003, 6527739.727618727833033 ], [ 4393619.724639296531677, 6527735.809831979684532 ], [ 4393309.099271223880351, 6527647.984120147302747 ], [ 4393288.740317003801465, 6527642.156895775347948 ], [ 4393150.738871490582824, 6527602.657549312338233 ], [ 4393109.33777332957834, 6527590.807555188424885 ], [ 4393043.461946091614664, 6527572.336978536099195 ], [ 4392903.996827718801796, 6527533.233087674714625 ], [ 4392870.249199219048023, 6527524.306947992183268 ], [ 4392866.754990117624402, 6527598.053020062856376 ], [ 4392858.944506157189608, 6527689.783545177429914 ], [ 4392845.158551119267941, 6527834.567044774070382 ], [ 4392829.713492397218943, 6527994.955226290039718 ], [ 4392818.600949408486485, 6528120.619513732381165 ], [ 4392799.071938208304346, 6528361.927170265465975 ], [ 4392786.777774147689342, 6528513.430653143674135 ], [ 4392779.816022877581418, 6528603.252411076799035 ], [ 4392777.189076327718794, 6528633.880073027685285 ] ] ] ] } },
{ "type": "Feature", "properties": { "id": 4403, "link": "140140710", "totalpobl": 208.0, "area_radio": 6968925.737 }, "geometry": { "type": "MultiPolygon", "coordinates": [ [ [ [ 4398961.715859303250909, 6527863.702485291287303 ], [ 4399005.656316733919084, 6527878.623489182442427 ], [ 4399076.042691773734987, 6527902.926539801061153 ], [ 4399156.32730848621577, 6527930.706440033391118 ], [ 4399145.499895194545388, 6527883.000015161000192 ], [ 4399120.695617725141346, 6527774.597619271837175 ], [ 4399097.073139083571732, 6527665.996614679694176 ], [ 4399078.888943354599178, 6527578.813433962874115 ], [ 4399054.972452144138515, 6527467.129290113225579 ], [ 4399055.024135635234416, 6527453.640297799371183 ], [ 4399086.671999473124743, 6527445.67615027166903 ], [ 4399163.753711257129908, 6527437.423615521751344 ], [ 4399263.69027790799737, 6527424.170437563210726 ], [ 4399226.717739775776863, 6527302.212817212566733 ], [ 4399185.974661055952311, 6527182.497872394509614 ], [ 4399166.245011964812875, 6527118.37950140889734 ], [ 4399149.556543125770986, 6527067.59820088557899 ], [ 4399121.669683465734124, 6526973.037778011523187 ], [ 4399085.425163732841611, 6526870.178092801012099 ], [ 4399048.107168223708868, 6526767.028826203197241 ], [ 4399011.518432042561471, 6526664.179318992421031 ], [ 4398975.632941983640194, 6526561.241718992590904 ], [ 4398926.535947012715042, 6526427.821686870418489 ], [ 4398939.220488373190165, 6526421.570036638528109 ], [ 4399040.514759614132345, 6526393.499959041364491 ], [ 4399017.000198592431843, 6526315.499830582179129 ], [ 4398990.342358683235943, 6526231.237036791630089 ], [ 4399042.524075085297227, 6526213.910861311480403 ], [ 4399014.055743773467839, 6526153.719522050581872 ], [ 4398967.415523753501475, 6526056.734606778249145 ], [ 4398935.999809804372489, 6525988.499900401569903 ], [ 4398888.112313262186944, 6525893.499873762950301 ], [ 4398831.355490661226213, 6525909.208658890798688 ], [ 4398758.488263390026987, 6525931.468712420202792 ], [ 4398659.96783730853349, 6525961.230786981061101 ], [ 4398643.557416329160333, 6525905.803426840342581 ], [ 4398640.458565639331937, 6525894.550618800334632 ], [ 4398625.34688285831362, 6525850.395564397796988 ], [ 4398607.473970588296652, 6525795.579856769181788 ], [ 4398591.798194497823715, 6525738.349895410239697 ], [ 4398574.781392937526107, 6525684.367212959565222 ], [ 4398556.944786289706826, 6525628.982503309845924 ], [ 4398467.465624505653977, 6525657.523554326035082 ], [ 4398425.302003626711667, 6525508.255326258949935 ], [ 4398473.406725836917758, 6525492.965094340033829 ], [ 4398509.768113986589015, 6525482.38683550991118 ], [ 4398488.624313207343221, 6525403.047898167744279 ], [ 4398462.695768426172435, 6525325.647792277857661 ], [ 4398425.499999096617103, 6525339.000193377025425 ], [ 4398374.999968525953591, 6525356.000091557390988 ], [ 4398356.27950968593359, 6525299.390709797851741 ], [ 4398339.062083105556667, 6525247.326394368894398 ], [ 4398425.061471156775951, 6525215.575689540244639 ], [ 4398553.10565023869276, 6525169.791980113834143 ], [ 4398537.982925427146256, 6525133.458796352148056 ], [ 4398521.151184696704149, 6525089.363775671459734 ], [ 4398514.008015067316592, 6525050.988475260324776 ], [ 4398532.096345838159323, 6525047.983492615632713 ], [ 4398548.766780228354037, 6525045.123863639310002 ], [ 4398564.762460817582905, 6525042.732605889439583 ], [ 4398577.486360917799175, 6525041.105342320166528 ], [ 4398614.542550457641482, 6525037.901318101212382 ], [ 4398639.586770749650896, 6525032.090494118630886 ], [ 4398656.585238048806787, 6525027.409141769632697 ], [ 4398684.628673309460282, 6525018.298322298564017 ], [ 4398690.711755189113319, 6525022.675865431316197 ], [ 4398703.803893238306046, 6525010.328083181753755 ], [ 4398858.825884672813118, 6524963.840730952098966 ], [ 4398852.04295989125967, 6524941.790660690516233 ], [ 4398860.313166921958327, 6524931.912228451110423 ], [ 4398866.491716741584241, 6524923.308798041194677 ], [ 4398872.008435292169452, 6524914.925944201648235 ], [ 4398915.037607352249324, 6524885.806375021114945 ], [ 4398929.897101192735136, 6524874.835129021666944 ], [ 4398943.270705281756818, 6524866.139188611879945 ], [ 4398963.291340982541442, 6524850.723069691099226 ], [ 4399060.0015351139009, 6524784.08866393007338 ], [ 4399069.447846584953368, 6524810.322518005035818 ], [ 4399090.912764593027532, 6524877.839871913194656 ], [ 4399118.318755314685404, 6524964.04471901152283 ], [ 4399130.376363784074783, 6524998.558564441278577 ], [ 4399165.028904115781188, 6525107.195073709823191 ], [ 4399188.994133615866303, 6525180.09317481238395 ], [ 4399197.293519584462047, 6525206.133439932949841 ], [ 4399215.342543836683035, 6525262.764301361516118 ], [ 4399261.022765605710447, 6525407.265901495702565 ], [ 4399316.189891718327999, 6525572.08119435235858 ], [ 4399340.629894818179309, 6525647.951545341871679 ], [ 4399370.054241728037596, 6525742.614439961500466 ], [ 4399419.456476879306138, 6525901.913142446428537 ], [ 4399438.85329001955688, 6525894.6393719650805 ], [ 4399444.021019570529461, 6525781.205556141212583 ], [ 4399445.658578410744667, 6525691.951722962781787 ], [ 4399446.118898469954729, 6525606.6382174231112 ], [ 4399447.230687199160457, 6525466.510001002810895 ], [ 4399448.259459599852562, 6525399.184638613834977 ], [ 4399446.994002970866859, 6525252.50306339096278 ], [ 4399451.163574809208512, 6525153.328864153474569 ], [ 4399447.281305470503867, 6525042.570411843247712 ], [ 4399453.616197689436376, 6524948.070806186646223 ], [ 4399454.73494159989059, 6524885.419122555293143 ], [ 4399455.387718079611659, 6524860.532734346576035 ], [ 4399451.926445269957185, 6524827.954164074733853 ], [ 4399456.34369885083288, 6524754.33188290335238 ], [ 4399459.056249349378049, 6524727.419693326577544 ], [ 4399458.115694809705019, 6524688.662278136238456 ], [ 4399459.229564149864018, 6524665.195998824201524 ], [ 4399459.410042190924287, 6524638.612519872374833 ], [ 4399459.514948689378798, 6524623.160336256958544 ], [ 4399452.867505098693073, 6524621.917700213380158 ], [ 4399443.10700766928494, 6524615.19711690582335 ], [ 4399433.637855059467256, 6524609.776926124468446 ], [ 4399439.105779600329697, 6524510.719243983738124 ], [ 4399442.767569088377059, 6524408.682405256666243 ], [ 4399446.429358569905162, 6524306.645566535182297 ], [ 4399453.752937540411949, 6524102.571889075450599 ], [ 4399454.821771499700844, 6524072.788516824133694 ], [ 4399455.921334059908986, 6523952.960592322051525 ], [ 4399456.132404460571706, 6523929.958601024001837 ], [ 4399359.162795607931912, 6523856.545641901902854 ], [ 4399323.765001618303359, 6523846.772909322753549 ], [ 4399173.095928136259317, 6523847.717008834704757 ], [ 4399039.209849124774337, 6523896.182715011760592 ], [ 4398946.492876772768795, 6523951.560553869232535 ], [ 4398817.951861753128469, 6524059.742898539640009 ], [ 4398706.626714191399515, 6524139.230008567683399 ], [ 4398610.344343738630414, 6524178.324375120922923 ], [ 4398483.46221246663481, 6524197.317677346989512 ], [ 4398295.810116903856397, 6524225.748386269435287 ], [ 4398289.600613123737276, 6524226.110777327790856 ], [ 4398220.667654553428292, 6524226.373417047783732 ], [ 4398180.304083053022623, 6524235.287110300734639 ], [ 4398131.243472152389586, 6524246.121415088884532 ], [ 4398059.588550391606987, 6524265.152788323350251 ], [ 4397966.867243830114603, 6524249.104531103745103 ], [ 4397844.745589698664844, 6524305.722146143205464 ], [ 4397788.872136007994413, 6524327.523744652047753 ], [ 4397755.10804820805788, 6524389.535511783324182 ], [ 4397709.520335737615824, 6524463.008736060932279 ], [ 4397584.1885791644454, 6524638.92724684253335 ], [ 4397501.552106224000454, 6524688.067264890298247 ], [ 4397383.816225713118911, 6524758.079247332178056 ], [ 4397326.975506072863936, 6524829.515264700166881 ], [ 4397289.126040840521455, 6524946.241861901246011 ], [ 4397211.535748101770878, 6525037.923097152262926 ], [ 4397096.576911189593375, 6525097.749518340453506 ], [ 4396974.04538900591433, 6525093.543367278762162 ], [ 4396909.495388817042112, 6525039.813377605751157 ], [ 4396878.588846577331424, 6524987.456729197874665 ], [ 4396847.948445226065814, 6524935.550931788049638 ], [ 4396811.462438635528088, 6524884.345612498000264 ], [ 4396752.561177045106888, 6524845.52313020825386 ], [ 4396701.768257665447891, 6524820.805556077510118 ], [ 4396660.135814873501658, 6524824.204051059670746 ], [ 4396638.401980843394995, 6524828.443899345584214 ], [ 4396651.910204692743719, 6524848.439904998056591 ], [ 4396658.85510200355202, 6524863.687192005105317 ], [ 4396662.614853153005242, 6524884.897780415602028 ], [ 4396667.172920582816005, 6524910.612060017883778 ], [ 4396666.378735804930329, 6524932.419169748201966 ], [ 4396661.070981204509735, 6524954.697766209021211 ], [ 4396649.69679250381887, 6524971.962434106506407 ], [ 4396640.61001839209348, 6524985.755078266374767 ], [ 4396632.986790695227683, 6525005.215308179147542 ], [ 4396623.038622252643108, 6525023.573307945393026 ], [ 4396605.333048643544316, 6525048.02775667514652 ], [ 4396611.163571313023567, 6525091.935117188841105 ], [ 4396610.992515463382006, 6525115.01854529324919 ], [ 4396611.096486513502896, 6525128.128901376388967 ], [ 4396600.063398933038116, 6525170.989959965460002 ], [ 4396618.945230453275144, 6525206.408228256739676 ], [ 4396617.87603478319943, 6525241.914256675168872 ], [ 4396641.805064803920686, 6525276.083765275776386 ], [ 4396650.229672633111477, 6525313.940453956834972 ], [ 4396665.21469075512141, 6525367.391668003983796 ], [ 4396673.676994645036757, 6525419.49852257873863 ], [ 4396696.929791213944554, 6525523.986933056265116 ], [ 4396715.4940893240273, 6525626.068444507196546 ], [ 4396716.064610684290528, 6525629.205631946213543 ], [ 4396738.789459523744881, 6525731.509090417064726 ], [ 4396762.108875623904169, 6525836.028506354428828 ], [ 4396784.03634318523109, 6525941.655843435786664 ], [ 4396805.229542325250804, 6526045.624701637774706 ], [ 4396828.465310946106911, 6526151.83999068941921 ], [ 4396848.922029854729772, 6526252.681631474755704 ], [ 4396914.944737358018756, 6526551.935464660637081 ], [ 4396923.581736747175455, 6526569.826800738461316 ], [ 4396942.881086178123951, 6526599.442704166285694 ], [ 4396961.152133148163557, 6526639.257938509806991 ], [ 4396969.972839606925845, 6526665.076753686182201 ], [ 4396965.196979677304626, 6526683.537734578363597 ], [ 4396925.652720657177269, 6526756.08554913662374 ], [ 4396913.51587556861341, 6526850.638732659630477 ], [ 4396985.516390056349337, 6526903.149021338671446 ], [ 4396995.33812686894089, 6526923.288309057243168 ], [ 4397038.11351868789643, 6527133.33775276504457 ], [ 4397058.144108858890831, 6527217.629443800076842 ], [ 4397148.647605650126934, 6527248.593259690329432 ], [ 4397182.272417780943215, 6527259.256664719432592 ], [ 4397232.386319231241941, 6527276.059604560956359 ], [ 4397304.56486667227, 6527301.422898376360536 ], [ 4397362.500053122639656, 6527321.500047490000725 ], [ 4397436.999806723557413, 6527345.500221090391278 ], [ 4397523.420808576047421, 6527375.239825692027807 ], [ 4397587.163650615140796, 6527397.058744580484927 ], [ 4397675.181588936597109, 6527426.270759323611856 ], [ 4397775.039741037413478, 6527459.934302035719156 ], [ 4397862.500138410367072, 6527490.434648395515978 ], [ 4397954.30631242133677, 6527521.75453834515065 ], [ 4397974.208506121300161, 6527528.698996374383569 ], [ 4398053.313319100998342, 6527556.300981473177671 ], [ 4398125.326991931535304, 6527580.18460563570261 ], [ 4398238.838560754433274, 6527618.802174302749336 ], [ 4398358.619154844433069, 6527659.207884387113154 ], [ 4398443.500138198025525, 6527688.000156436115503 ], [ 4398500.999993616715074, 6527707.99984064605087 ], [ 4398585.999946928583086, 6527736.99983155913651 ], [ 4398689.599992640316486, 6527771.576516998000443 ], [ 4398776.33382620010525, 6527800.580235382542014 ], [ 4398807.571369519457221, 6527812.211196901276708 ], [ 4398826.764833052642643, 6527818.17162533197552 ], [ 4398917.775401871651411, 6527848.781481401063502 ], [ 4398961.715859303250909, 6527863.702485291287303 ] ] ] ] } },
{ "type": "Feature", "properties": { "id": 4405, "link": "140140605", "totalpobl": 55.0, "area_radio": 489462.816 }, "geometry": { "type": "MultiPolygon", "coordinates": [ [ [ [ 4394994.248498180881143, 6528633.880073026753962 ], [ 4396794.79093256406486, 6528633.880073027685285 ], [ 4396520.683968092314899, 6528556.025773624889553 ], [ 4396301.345322778448462, 6528493.736391802318394 ], [ 4396147.907981558702886, 6528450.642126045189798 ], [ 4396043.198686067946255, 6528421.233572871424258 ], [ 4395849.609765782952309, 6528366.043432028964162 ], [ 4395629.514578091911972, 6528303.296636451035738 ], [ 4395514.918823281303048, 6528270.626606365665793 ], [ 4395465.576266668736935, 6528256.559568631462753 ], [ 4394883.569770392030478, 6528093.875539986416698 ], [ 4394875.363180731423199, 6528091.557984815910459 ], [ 4394899.397935573011637, 6528213.040677864104509 ], [ 4394927.15102690178901, 6528328.402043284848332 ], [ 4394954.212638664059341, 6528447.879866723902524 ], [ 4394976.460726273246109, 6528546.444466604851186 ], [ 4394977.604253743775189, 6528562.080919254571199 ], [ 4394994.248498180881143, 6528633.880073026753962 ] ] ] ] } },
{ "type": "Feature", "properties": { "id": 3258, "link": "140143417", "totalpobl": 603.0, "area_radio": 75681.596 }, "geometry": { "type": "MultiPolygon", "coordinates": [ [ [ [ 4390508.897203451953828, 6526823.4688561540097 ], [ 4390481.392136482521892, 6526813.929053938947618 ], [ 4390439.050028651952744, 6526798.299589811824262 ], [ 4390414.073340800590813, 6526788.731371993198991 ], [ 4390411.770574001595378, 6526787.849214416928589 ], [ 4390388.53042932972312, 6526778.946241873316467 ], [ 4390343.826020349748433, 6526762.772893291898072 ], [ 4390260.595578579232097, 6526730.971028191968799 ], [ 4390227.38269033934921, 6526718.225353757850826 ], [ 4390195.719649638980627, 6526706.074443991295993 ], [ 4390131.5701516084373, 6526681.65050716791302 ], [ 4390067.421115546487272, 6526657.480827677994967 ], [ 4390038.297041005454957, 6526645.947675387375057 ], [ 4390032.522454257123172, 6526667.428474519401789 ], [ 4390044.422436336986721, 6526683.368063022382557 ], [ 4390128.499908488243818, 6526795.999883691780269 ], [ 4390204.672315049916506, 6526899.871222139336169 ], [ 4390277.499878129921854, 6526997.499903309158981 ], [ 4390347.784467071294785, 6527093.05918836966157 ], [ 4390421.689568389207125, 6527038.921404999680817 ], [ 4390350.500201139599085, 6526943.499960311688483 ], [ 4390416.499774441123009, 6526894.499822754412889 ], [ 4390488.690307470969856, 6526841.015823700465262 ], [ 4390508.897203451953828, 6526823.4688561540097 ] ] ] ] } },
{ "type": "Feature", "properties": { "id": 3834, "link": "140143513", "totalpobl": 61.0, "area_radio": 5532.295 }, "geometry": { "type": "MultiPolygon", "coordinates": [ [ [ [ 4388907.880154894664884, 6528633.880073027685285 ], [ 4389106.495037814602256, 6528633.880073024891317 ], [ 4389090.672674546949565, 6528580.053988223895431 ], [ 4389007.365166374482214, 6528603.633673316799104 ], [ 4388907.326040764339268, 6528631.949141271412373 ], [ 4388907.880154894664884, 6528633.880073027685285 ] ] ] ] } },
{ "type": "Feature", "properties": { "id": 3835, "link": "140143508", "totalpobl": 2.0, "area_radio": 153.723 }, "geometry": { "type": "MultiPolygon", "coordinates": [ [ [ [ 4390070.417713900096714, 6528633.880073024891317 ], [ 4390104.425676551647484, 6528633.880073024891317 ], [ 4390101.682941576465964, 6528624.832439642399549 ], [ 4390070.417713900096714, 6528633.880073024891317 ] ] ] ] } },
{ "type": "Feature", "properties": { "id": 3853, "link": "140140711", "totalpobl": 841.0, "area_radio": 182711.31 }, "geometry": { "type": "MultiPolygon", "coordinates": [ [ [ [ 4398462.695768426172435, 6525325.647792277857661 ], [ 4398536.000030887313187, 6525302.999927050434053 ], [ 4398597.371010727249086, 6525281.709204507991672 ], [ 4398677.500061150640249, 6525257.999816448427737 ], [ 4398731.945274280384183, 6525240.57751867827028 ], [ 4398752.499929280020297, 6525234.000093418173492 ], [ 4398764.426190501078963, 6525230.732594402506948 ], [ 4398788.999859569594264, 6525224.000020101666451 ], [ 4398823.00011835899204, 6525213.999946781434119 ], [ 4398838.780291851609945, 6525208.874792899936438 ], [ 4398881.500214702449739, 6525195.000029191374779 ], [ 4398886.232172163203359, 6525193.554130210541189 ], [ 4398935.500157702714205, 6525178.499783121980727 ], [ 4398993.999791612848639, 6525159.499877395108342 ], [ 4399055.000021904706955, 6525140.499959808774292 ], [ 4399102.500266434624791, 6525125.500081043690443 ], [ 4399165.028904115781188, 6525107.195073709823191 ], [ 4399130.376363784074783, 6524998.558564441278577 ], [ 4399118.318755314685404, 6524964.04471901152283 ], [ 4399090.912764593027532, 6524877.839871913194656 ], [ 4399069.447846584953368, 6524810.322518005035818 ], [ 4399060.0015351139009, 6524784.08866393007338 ], [ 4398963.291340982541442, 6524850.723069691099226 ], [ 4398943.270705281756818, 6524866.139188611879945 ], [ 4398929.897101192735136, 6524874.835129021666944 ], [ 4398915.037607352249324, 6524885.806375021114945 ], [ 4398872.008435292169452, 6524914.925944201648235 ], [ 4398866.491716741584241, 6524923.308798041194677 ], [ 4398860.313166921958327, 6524931.912228451110423 ], [ 4398852.04295989125967, 6524941.790660690516233 ], [ 4398858.825884672813118, 6524963.840730952098966 ], [ 4398703.803893238306046, 6525010.328083181753755 ], [ 4398690.711755189113319, 6525022.675865431316197 ], [ 4398684.628673309460282, 6525018.298322298564017 ], [ 4398656.585238048806787, 6525027.409141769632697 ], [ 4398639.586770749650896, 6525032.090494118630886 ], [ 4398614.542550457641482, 6525037.901318101212382 ], [ 4398577.486360917799175, 6525041.105342320166528 ], [ 4398564.762460817582905, 6525042.732605889439583 ], [ 4398548.766780228354037, 6525045.123863639310002 ], [ 4398532.096345838159323, 6525047.983492615632713 ], [ 4398514.008015067316592, 6525050.988475260324776 ], [ 4398521.151184696704149, 6525089.363775671459734 ], [ 4398537.982925427146256, 6525133.458796352148056 ], [ 4398553.10565023869276, 6525169.791980113834143 ], [ 4398425.061471156775951, 6525215.575689540244639 ], [ 4398339.062083105556667, 6525247.326394368894398 ], [ 4398356.27950968593359, 6525299.390709797851741 ], [ 4398374.999968525953591, 6525356.000091557390988 ], [ 4398425.499999096617103, 6525339.000193377025425 ], [ 4398462.695768426172435, 6525325.647792277857661 ] ] ] ] } },
{ "type": "Feature", "properties": { "id": 3854, "link": "140140709", "totalpobl": 1524.0, "area_radio": 335722.009 }, "geometry": { "type": "MultiPolygon", "coordinates": [ [ [ [ 4398607.473970588296652, 6525795.579856769181788 ], [ 4398706.93364922888577, 6525763.620399998500943 ], [ 4398767.354951941408217, 6525745.89531949814409 ], [ 4398807.452886641025543, 6525734.062384857796133 ], [ 4398871.876733281649649, 6525712.965884590521455 ], [ 4398925.930620991624892, 6525695.185108009725809 ], [ 4398943.743272881954908, 6525689.691978138871491 ], [ 4398980.385097304359078, 6525678.577929790131748 ], [ 4399034.39483093470335, 6525662.503272542729974 ], [ 4399089.135033974424005, 6525646.015955183655024 ], [ 4399062.657722295261919, 6525557.51435574144125 ], [ 4399038.212726004421711, 6525478.770024260506034 ], [ 4399100.000132494606078, 6525459.499836071394384 ], [ 4399149.499922156333923, 6525443.500178813003004 ], [ 4399201.709816145710647, 6525427.400590954348445 ], [ 4399261.022765605710447, 6525407.265901495702565 ], [ 4399215.342543836683035, 6525262.764301361516118 ], [ 4399197.293519584462047, 6525206.133439932949841 ], [ 4399188.994133615866303, 6525180.09317481238395 ], [ 4399165.028904115781188, 6525107.195073709823191 ], [ 4399102.500266434624791, 6525125.500081043690443 ], [ 4399055.000021904706955, 6525140.499959808774292 ], [ 4398993.999791612848639, 6525159.499877395108342 ], [ 4398935.500157702714205, 6525178.499783121980727 ], [ 4398886.232172163203359, 6525193.554130210541189 ], [ 4398881.500214702449739, 6525195.000029191374779 ], [ 4398838.780291851609945, 6525208.874792899936438 ], [ 4398823.00011835899204, 6525213.999946781434119 ], [ 4398788.999859569594264, 6525224.000020101666451 ], [ 4398764.426190501078963, 6525230.732594402506948 ], [ 4398752.499929280020297, 6525234.000093418173492 ], [ 4398731.945274280384183, 6525240.57751867827028 ], [ 4398677.500061150640249, 6525257.999816448427737 ], [ 4398597.371010727249086, 6525281.709204507991672 ], [ 4398536.000030887313187, 6525302.999927050434053 ], [ 4398462.695768426172435, 6525325.647792277857661 ], [ 4398488.624313207343221, 6525403.047898167744279 ], [ 4398509.768113986589015, 6525482.38683550991118 ], [ 4398473.406725836917758, 6525492.965094340033829 ], [ 4398425.302003626711667, 6525508.255326258949935 ], [ 4398467.465624505653977, 6525657.523554326035082 ], [ 4398556.944786289706826, 6525628.982503309845924 ], [ 4398574.781392937526107, 6525684.367212959565222 ], [ 4398591.798194497823715, 6525738.349895410239697 ], [ 4398607.473970588296652, 6525795.579856769181788 ] ] ] ] } },
{ "type": "Feature", "properties": { "id": 197, "link": "140143608", "totalpobl": 827.0, "area_radio": 112102.055 }, "geometry": { "type": "MultiPolygon", "coordinates": [ [ [ [ 4388975.725123685784638, 6528089.405314275994897 ], [ 4389001.234510095790029, 6528161.978622624650598 ], [ 4389023.690659306943417, 6528225.865296355448663 ], [ 4389045.972919615916908, 6528289.256893415004015 ], [ 4389143.539208006113768, 6528216.874960865825415 ], [ 4389157.178895716555417, 6528206.755674885585904 ], [ 4389209.324106028303504, 6528168.098806513473392 ], [ 4389261.428349586203694, 6528129.449384484440088 ], [ 4389319.593633149750531, 6528086.307267316617072 ], [ 4389427.160457289777696, 6528006.510150916874409 ], [ 4389386.2958900090307, 6527951.216132817789912 ], [ 4389347.499782109633088, 6527899.999913282692432 ], [ 4389308.000065779313445, 6527845.999958422034979 ], [ 4389266.999982138164341, 6527792.000015426427126 ], [ 4389159.999862768687308, 6527872.49981539696455 ], [ 4389066.500203436240554, 6527942.499878086149693 ], [ 4388987.49983405508101, 6528002.999993834644556 ], [ 4389024.000226783566177, 6528053.500036264769733 ], [ 4388975.725123685784638, 6528089.405314275994897 ] ] ] ] } },
{ "type": "Feature", "properties": { "id": 3898, "link": "140147311", "totalpobl": 598.0, "area_radio": 86507.569 }, "geometry": { "type": "MultiPolygon", "coordinates": [ [ [ [ 4390497.99981533177197, 6523634.500131853856146 ], [ 4390617.000015573576093, 6523622.500039114616811 ], [ 4390735.472165633924305, 6523611.829415346495807 ], [ 4390729.500066773034632, 6523553.000102808699012 ], [ 4390723.260195944458246, 6523489.075047945603728 ], [ 4390711.249052263796329, 6523368.591827531345189 ], [ 4390697.496573854237795, 6523251.002760412171483 ], [ 4390577.590241272933781, 6523261.716478301212192 ], [ 4390459.902946620248258, 6523274.074668551795185 ], [ 4390473.499977771192789, 6523392.000040452927351 ], [ 4390486.000185031443834, 6523513.542870962992311 ], [ 4390497.99981533177197, 6523634.500131853856146 ] ] ] ] } },
{ "type": "Feature", "properties": { "id": 2325, "link": "140147516", "totalpobl": 1025.0, "area_radio": 121557.491 }, "geometry": { "type": "MultiPolygon", "coordinates": [ [ [ [ 4393197.50023010186851, 6523359.500137122347951 ], [ 4393259.000112494453788, 6523361.500156538560987 ], [ 4393320.500006723217666, 6523362.499923169612885 ], [ 4393383.999908525496721, 6523365.500183498486876 ], [ 4393447.999924845062196, 6523367.500202907249331 ], [ 4393501.999867847189307, 6523369.999862559139729 ], [ 4393582.860554666258395, 6523372.485103810206056 ], [ 4393584.018662836402655, 6523266.983015868812799 ], [ 4393585.159993016161025, 6523162.998061378486454 ], [ 4393586.254759826697409, 6523063.236180320382118 ], [ 4393582.462403486482799, 6523058.263835495337844 ], [ 4393459.268519375473261, 6523054.252461068332195 ], [ 4393330.118373653851449, 6523048.114416516385972 ], [ 4393196.78781898226589, 6523043.86651395726949 ], [ 4393198.500008593313396, 6523150.000051735900342 ], [ 4393198.500008593313396, 6523207.499907165765762 ], [ 4393197.999882203526795, 6523254.500037167221308 ], [ 4393197.999882202595472, 6523308.499980169348419 ], [ 4393197.50023010186851, 6523359.500137122347951 ] ] ] ] } },
{ "type": "Feature", "properties": { "id": 2335, "link": "140147505", "totalpobl": 1099.0, "area_radio": 81851.177 }, "geometry": { "type": "MultiPolygon", "coordinates": [ [ [ [ 4392412.279379213228822, 6524095.871423380449414 ], [ 4392464.500000354833901, 6524200.00013833027333 ], [ 4392518.499943355098367, 6524173.499818932265043 ], [ 4392565.50007335562259, 6524276.499899484217167 ], [ 4392513.000023374333978, 6524301.000211334787309 ], [ 4392457.999839453957975, 6524325.500048890709877 ], [ 4392480.500120045617223, 6524372.999819145537913 ], [ 4392507.44114167522639, 6524429.764997104182839 ], [ 4392594.744837515056133, 6524390.762127161026001 ], [ 4392617.060382175259292, 6524380.22975336201489 ], [ 4392652.74009121581912, 6524361.841384285129607 ], [ 4392705.83643582649529, 6524336.011741692200303 ], [ 4392792.773993456736207, 6524296.483571172691882 ], [ 4392791.179386246949434, 6524230.864907941780984 ], [ 4392790.096988837234676, 6524170.786524402908981 ], [ 4392790.23144197743386, 6524132.500209592282772 ], [ 4392791.330522157251835, 6524094.285711003467441 ], [ 4392766.030893176794052, 6524094.413081894628704 ], [ 4392663.332485965453088, 6524094.993054910562932 ], [ 4392586.029120495542884, 6524094.852278161793947 ], [ 4392548.538424273952842, 6524094.512671234086156 ], [ 4392479.979702964425087, 6524094.593403281643987 ], [ 4392434.229459503665566, 6524095.690264689736068 ], [ 4392412.279379213228822, 6524095.871423380449414 ] ] ] ] } },
{ "type": "Feature", "properties": { "id": 2810, "link": "140147708", "totalpobl": 31.0, "area_radio": 4517.74 }, "geometry": { "type": "MultiPolygon", "coordinates": [ [ [ [ 4392835.53559853695333, 6522694.541837732307613 ], [ 4392733.42899205442518, 6522694.541837733238935 ], [ 4392753.500107226893306, 6522712.500101625919342 ], [ 4392821.500162366777658, 6522772.500090981833637 ], [ 4392832.77708222810179, 6522785.797519563697278 ], [ 4392835.53559853695333, 6522694.541837732307613 ] ] ] ] } },
{ "type": "Feature", "properties": { "id": 2969, "link": "140143605", "totalpobl": 996.0, "area_radio": 114902.214 }, "geometry": { "type": "MultiPolygon", "coordinates": [ [ [ [ 4389692.999965912662446, 6528137.999863189645112 ], [ 4389798.280857102014124, 6528059.665846795774996 ], [ 4389893.000092514790595, 6527988.999893558211625 ], [ 4389853.112478544935584, 6527935.138241508975625 ], [ 4389911.960893074981868, 6527891.700891000218689 ], [ 4389813.769095024093986, 6527759.81431548576802 ], [ 4389794.251209113746881, 6527758.127742667682469 ], [ 4389775.543053463101387, 6527759.157217768020928 ], [ 4389751.893060554750264, 6527765.26969497743994 ], [ 4389735.71647943276912, 6527777.681868488900363 ], [ 4389640.553463222458959, 6527848.242588757537305 ], [ 4389535.117977380752563, 6527926.457380626350641 ], [ 4389427.160457289777696, 6528006.510150916874409 ], [ 4389467.500223271548748, 6528058.99995624832809 ], [ 4389505.50005844142288, 6528112.00013261847198 ], [ 4389544.9997747708112, 6528164.000056203454733 ], [ 4389585.000079922378063, 6528218.500125588849187 ], [ 4389692.999965912662446, 6528137.999863189645112 ] ] ] ] } },
{ "type": "Feature", "properties": { "id": 3189, "link": "140144917", "totalpobl": 265.0, "area_radio": 14611.397 }, "geometry": { "type": "MultiPolygon", "coordinates": [ [ [ [ 4388898.499853785149753, 6524457.500120343640447 ], [ 4388984.93939421698451, 6524484.36493119597435 ], [ 4389012.751328726299107, 6524493.260456364601851 ], [ 4389050.298903456889093, 6524377.274793054908514 ], [ 4389012.499786145053804, 6524365.000227641314268 ], [ 4388938.00003254506737, 6524339.99980126414448 ], [ 4388915.500214395113289, 6524405.999836995266378 ], [ 4388898.499853785149753, 6524457.500120343640447 ] ] ] ] } },
{ "type": "Feature", "properties": { "id": 3393, "link": "140143211", "totalpobl": 950.0, "area_radio": 140258.738 }, "geometry": { "type": "MultiPolygon", "coordinates": [ [ [ [ 4390806.63747042324394, 6528633.88007302954793 ], [ 4391266.349381787702441, 6528633.880073027685285 ], [ 4391267.408698359504342, 6528545.062334028072655 ], [ 4391268.502540311776102, 6528481.969420035369694 ], [ 4391268.631985760293901, 6528427.002294085919857 ], [ 4391268.18309449031949, 6528388.709573317319155 ], [ 4391270.031187131069601, 6528377.435214615426958 ], [ 4391109.0630207285285, 6528342.409209996461868 ], [ 4391085.963546537794173, 6528337.041071345098317 ], [ 4391079.357466258108616, 6528335.416010053828359 ], [ 4391000.929835667833686, 6528316.123222003690898 ], [ 4390942.355809455737472, 6528303.865969524718821 ], [ 4390907.722137075848877, 6528296.536110338754952 ], [ 4390815.01882129535079, 6528318.130563843995333 ], [ 4390802.671158796176314, 6528332.850611834786832 ], [ 4390804.891624624840915, 6528427.768391778692603 ], [ 4390805.561365434899926, 6528502.366460740566254 ], [ 4390805.145706205628812, 6528544.859345812350512 ], [ 4390806.63747042324394, 6528633.88007302954793 ] ] ] ] } },
{ "type": "Feature", "properties": { "id": 3398, "link": "140143311", "totalpobl": 896.0, "area_radio": 98004.852 }, "geometry": { "type": "MultiPolygon", "coordinates": [ [ [ [ 4392048.004160968586802, 6528143.561251099221408 ], [ 4392122.809392560273409, 6528144.511205481365323 ], [ 4392195.798071771860123, 6528145.499802590347826 ], [ 4392268.288035601377487, 6528145.503525762818754 ], [ 4392268.891533382236958, 6528033.811865390278399 ], [ 4392269.489434542134404, 6527921.530224487185478 ], [ 4392196.999945000745356, 6527921.499952963553369 ], [ 4392124.5002108104527, 6527920.500186328776181 ], [ 4392048.500089899636805, 6527919.499945408664644 ], [ 4391976.389190068468451, 6527918.774910959415138 ], [ 4391904.704356327652931, 6527917.639627969823778 ], [ 4391831.643264966085553, 6527916.747418330051005 ], [ 4391830.807400926016271, 6528033.697905488312244 ], [ 4391831.389247386716306, 6528141.663678218610585 ], [ 4391903.007953316904604, 6528142.080448227934539 ], [ 4391975.504426777362823, 6528142.195937709882855 ], [ 4392048.004160968586802, 6528143.561251099221408 ] ] ] ] } },
{ "type": "Feature", "properties": { "id": 3404, "link": "140143305", "totalpobl": 724.0, "area_radio": 93072.226 }, "geometry": { "type": "MultiPolygon", "coordinates": [ [ [ [ 4390823.819286456331611, 6527396.842637152411044 ], [ 4390941.999412688426673, 6527428.999675924889743 ], [ 4390942.455350955948234, 6527354.362687374465168 ], [ 4390942.456750106066465, 6527346.79615774564445 ], [ 4390942.471180367283523, 6527278.467823156155646 ], [ 4390942.50005273707211, 6527237.499872622080147 ], [ 4390976.9999636169523, 6527237.49987262673676 ], [ 4391047.851265368051827, 6527237.951256713829935 ], [ 4391056.35896051954478, 6527237.951256714761257 ], [ 4391062.998740118928254, 6527242.461959751322865 ], [ 4391063.000157858245075, 6527234.50007473398 ], [ 4391062.567558429203928, 6527128.474015506915748 ], [ 4391063.574783268384635, 6527012.591059083119035 ], [ 4391063.755311517044902, 6526991.820971593260765 ], [ 4390970.999917256645858, 6526965.806523993611336 ], [ 4390825.957490094937384, 6526923.803413922898471 ], [ 4390820.114492835476995, 6526946.633863552473485 ], [ 4390819.904939886182547, 6527018.771311732940376 ], [ 4390819.821121085435152, 6527041.986393983475864 ], [ 4390773.031480746343732, 6527077.190387584269047 ], [ 4390821.608101796358824, 6527136.455839136615396 ], [ 4390823.797753856517375, 6527153.777836074121296 ], [ 4390825.987405905500054, 6527171.09983301255852 ], [ 4390825.810922795906663, 6527189.269471311941743 ], [ 4390774.000050984323025, 6527227.49978744238615 ], [ 4390824.80137394554913, 6527294.141050682403147 ], [ 4390824.542921756394207, 6527321.113074672408402 ], [ 4390824.386465515941381, 6527337.519257292151451 ], [ 4390823.819286456331611, 6527396.842637152411044 ] ] ] ] } },
{ "type": "Feature", "properties": { "id": 3408, "link": "140143301", "totalpobl": 965.0, "area_radio": 103502.557 }, "geometry": { "type": "MultiPolygon", "coordinates": [ [ [ [ 4390815.01882129535079, 6528318.130563843995333 ], [ 4390907.722137075848877, 6528296.536110338754952 ], [ 4390942.355809455737472, 6528303.865969524718821 ], [ 4390934.137819526717067, 6528291.028387945145369 ], [ 4390935.000113355927169, 6528222.50015255343169 ], [ 4390935.000113356858492, 6528149.999955934472382 ], [ 4390935.490919957868755, 6528075.848046224564314 ], [ 4390935.999891836196184, 6528002.000215354375541 ], [ 4390937.000132756307721, 6527929.500018722377717 ], [ 4390937.499784858897328, 6527856.000043612904847 ], [ 4390937.999899387359619, 6527783.007985090836883 ], [ 4390939.000140308402479, 6527728.999765742570162 ], [ 4390939.999918797053397, 6527681.285782652907073 ], [ 4390940.568022727034986, 6527654.144484751857817 ], [ 4390940.303997636772692, 6527571.521504263393581 ], [ 4390933.054696517065167, 6527576.459723225794733 ], [ 4390822.395765895023942, 6527545.678704212419689 ], [ 4390822.939194914884865, 6527489.38676920440048 ], [ 4390817.258120075799525, 6527493.755141223780811 ], [ 4390780.500211885198951, 6527520.499933127313852 ], [ 4390705.499881314113736, 6527574.499876135960221 ], [ 4390776.990066654980183, 6527673.056160782463849 ], [ 4390820.61460736580193, 6527732.091765511780977 ], [ 4390820.13218382652849, 6527782.358030661940575 ], [ 4390819.943594476208091, 6527802.104396869428456 ], [ 4390819.444404815323651, 6527854.287336913868785 ], [ 4390816.127734125591815, 6527879.907908634282649 ], [ 4390812.966476235538721, 6527927.490916674025357 ], [ 4390813.499186306260526, 6528000.828613651916385 ], [ 4390813.838735405355692, 6528015.354982885532081 ], [ 4390814.333815695717931, 6528036.535186692140996 ], [ 4390814.413103994913399, 6528075.261506112292409 ], [ 4390814.108438435010612, 6528144.034723994322121 ], [ 4390814.269206034950912, 6528149.474813774228096 ], [ 4390814.16601334605366, 6528165.157171414233744 ], [ 4390814.425761635415256, 6528222.004822102375329 ], [ 4390814.387205116450787, 6528238.369032759219408 ], [ 4390815.01882129535079, 6528318.130563843995333 ] ] ] ] } },
{ "type": "Feature", "properties": { "id": 3797, "link": "140147711", "totalpobl": 467.0, "area_radio": 38878.673 }, "geometry": { "type": "MultiPolygon", "coordinates": [ [ [ [ 4391801.943014725111425, 6522694.541837732307613 ], [ 4391584.708448874764144, 6522694.541837732307613 ], [ 4391588.499731312505901, 6522716.998631046153605 ], [ 4391593.999779163859785, 6522771.499850058928132 ], [ 4391599.500173434615135, 6522827.999926998279989 ], [ 4391605.999871893785894, 6522883.99988940730691 ], [ 4391715.500125203281641, 6522871.00003004912287 ], [ 4391824.500246786512434, 6522860.999902927316725 ], [ 4391817.482155266217887, 6522805.356683709658682 ], [ 4391810.522028444334865, 6522750.41144622862339 ], [ 4391804.533163456246257, 6522703.136584050022066 ], [ 4391801.943014725111425, 6522694.541837732307613 ] ] ] ] } },
{ "type": "Feature", "properties": { "id": 29, "link": "140140606", "totalpobl": 92.0, "area_radio": 333009.376 }, "geometry": { "type": "MultiPolygon", "coordinates": [ [ [ [ 4394423.853751611895859, 6528633.88007302954793 ], [ 4394994.248498180881143, 6528633.880073026753962 ], [ 4394977.604253743775189, 6528562.080919254571199 ], [ 4394976.460726273246109, 6528546.444466604851186 ], [ 4394954.212638664059341, 6528447.879866723902524 ], [ 4394927.15102690178901, 6528328.402043284848332 ], [ 4394899.397935573011637, 6528213.040677864104509 ], [ 4394875.363180731423199, 6528091.557984815910459 ], [ 4394617.999509958550334, 6528018.878037355840206 ], [ 4394589.958624088205397, 6528010.959242493845522 ], [ 4394342.305589525960386, 6527940.393184742890298 ], [ 4394348.945005086250603, 6527990.795243172906339 ], [ 4394353.563634785823524, 6528040.236306872218847 ], [ 4394363.07454660627991, 6528120.613502010703087 ], [ 4394374.96477519441396, 6528212.442996953614056 ], [ 4394382.445708544924855, 6528298.711794731207192 ], [ 4394395.489047477021813, 6528395.603680612519383 ], [ 4394418.495447616092861, 6528590.030751383863389 ], [ 4394421.357374937273562, 6528613.310083772055805 ], [ 4394423.853751611895859, 6528633.88007302954793 ] ] ] ] } },
{ "type": "Feature", "properties": { "id": 27, "link": "140140705", "totalpobl": 1212.0, "area_radio": 9053273.47 }, "geometry": { "type": "MultiPolygon", "coordinates": [ [ [ [ 4396794.79093256406486, 6528633.880073027685285 ], [ 4397360.854785081930459, 6528633.880073027685285 ], [ 4397351.185976802371442, 6528587.734034041874111 ], [ 4397319.740590881556273, 6528447.821286650374532 ], [ 4397302.695828011259437, 6528363.986378481611609 ], [ 4397281.466720880940557, 6528266.392910868860781 ], [ 4397258.290199711918831, 6528160.314081282354891 ], [ 4397238.383649670518935, 6528066.915184965357184 ], [ 4397218.410100110806525, 6527967.862522549927235 ], [ 4397196.173937742598355, 6527870.541201679967344 ], [ 4397174.860775810666382, 6527771.462579751387239 ], [ 4397152.159130009822547, 6527670.704535299912095 ], [ 4397131.201753790490329, 6527571.65187287889421 ], [ 4397113.936873190104961, 6527482.533326425589621 ], [ 4397064.603673688136041, 6527255.54788216855377 ], [ 4397061.93976718839258, 6527234.991026329807937 ], [ 4397058.144108858890831, 6527217.629443800076842 ], [ 4397038.11351868789643, 6527133.33775276504457 ], [ 4396995.33812686894089, 6526923.288309057243168 ], [ 4396985.516390056349337, 6526903.149021338671446 ], [ 4396913.51587556861341, 6526850.638732659630477 ], [ 4396925.652720657177269, 6526756.08554913662374 ], [ 4396965.196979677304626, 6526683.537734578363597 ], [ 4396969.972839606925845, 6526665.076753686182201 ], [ 4396961.152133148163557, 6526639.257938509806991 ], [ 4396942.881086178123951, 6526599.442704166285694 ], [ 4396923.581736747175455, 6526569.826800738461316 ], [ 4396914.944737358018756, 6526551.935464660637081 ], [ 4396848.922029854729772, 6526252.681631474755704 ], [ 4396828.465310946106911, 6526151.83999068941921 ], [ 4396805.229542325250804, 6526045.624701637774706 ], [ 4396784.03634318523109, 6525941.655843435786664 ], [ 4396762.108875623904169, 6525836.028506354428828 ], [ 4396738.789459523744881, 6525731.509090417064726 ], [ 4396716.064610684290528, 6525629.205631946213543 ], [ 4396715.4940893240273, 6525626.068444507196546 ], [ 4396696.929791213944554, 6525523.986933056265116 ], [ 4396673.676994645036757, 6525419.49852257873863 ], [ 4396665.21469075512141, 6525367.391668003983796 ], [ 4396650.229672633111477, 6525313.940453956834972 ], [ 4396641.805064803920686, 6525276.083765275776386 ], [ 4396617.87603478319943, 6525241.914256675168872 ], [ 4396618.945230453275144, 6525206.408228256739676 ], [ 4396600.063398933038116, 6525170.989959965460002 ], [ 4396611.096486513502896, 6525128.128901376388967 ], [ 4396610.992515463382006, 6525115.01854529324919 ], [ 4396611.163571313023567, 6525091.935117188841105 ], [ 4396605.333048643544316, 6525048.02775667514652 ], [ 4396623.038622252643108, 6525023.573307945393026 ], [ 4396632.986790695227683, 6525005.215308179147542 ], [ 4396640.61001839209348, 6524985.755078266374767 ], [ 4396649.69679250381887, 6524971.962434106506407 ], [ 4396661.070981204509735, 6524954.697766209021211 ], [ 4396666.378735804930329, 6524932.419169748201966 ], [ 4396667.172920582816005, 6524910.612060017883778 ], [ 4396662.614853153005242, 6524884.897780415602028 ], [ 4396658.85510200355202, 6524863.687192005105317 ], [ 4396651.910204692743719, 6524848.439904998056591 ], [ 4396638.401980843394995, 6524828.443899345584214 ], [ 4396600.510262763127685, 6524839.109544578008354 ], [ 4396550.236524772830307, 6524864.612776326946914 ], [ 4396423.896424291655421, 6524961.467204433865845 ], [ 4396337.081171219237149, 6525026.533852276392281 ], [ 4396259.07191123906523, 6525016.467465656809509 ], [ 4396208.622190158814192, 6524979.5146388951689 ], [ 4396164.260832098312676, 6524920.83408095408231 ], [ 4396080.937334757298231, 6524755.369665401056409 ], [ 4396053.668374416418374, 6524667.845024133101106 ], [ 4396005.647022916004062, 6524639.931562741287053 ], [ 4395892.524137432686985, 6524716.020398582331836 ], [ 4395838.504964903928339, 6524724.54641792178154 ], [ 4395645.173203632235527, 6524853.85793874040246 ], [ 4395396.856054728850722, 6524965.3012007586658 ], [ 4395265.174557395279408, 6524910.193093466572464 ], [ 4395252.099122676067054, 6524904.721083547919989 ], [ 4395235.30081189610064, 6524876.997882977128029 ], [ 4395226.310951115563512, 6524845.733312057331204 ], [ 4395193.710495375096798, 6524811.762620876543224 ], [ 4395150.547814646735787, 6524790.398122415877879 ], [ 4395121.607266625389457, 6524790.56530184391886 ], [ 4395090.603745604865253, 6524800.142723525874317 ], [ 4395043.250317733734846, 6524820.871366487815976 ], [ 4394969.52651144284755, 6524835.403120218776166 ], [ 4394811.491762360557914, 6525003.994035225361586 ], [ 4394752.23118881136179, 6525136.108754615299404 ], [ 4394743.38682322204113, 6525168.242875024676323 ], [ 4394734.283337851054966, 6525272.404506584629416 ], [ 4394699.396958160214126, 6525409.92451773583889 ], [ 4394625.359250919893384, 6525458.422810425981879 ], [ 4394521.984689998440444, 6525487.315221656113863 ], [ 4394451.521853557787836, 6525501.804094716906548 ], [ 4394381.384082544595003, 6525503.404993142001331 ], [ 4394318.380503595806658, 6525533.660489003174007 ], [ 4394271.7190698441118, 6525504.537540352903306 ], [ 4394191.591580083593726, 6525478.040223644115031 ], [ 4394120.30117844324559, 6525454.921967821195722 ], [ 4394060.088880841620266, 6525441.275405110791326 ], [ 4394041.466354391537607, 6525437.054781004786491 ], [ 4393934.122912089340389, 6525445.607891829684377 ], [ 4393850.608843741007149, 6525446.543359898030758 ], [ 4393701.687454858794808, 6525443.520516211166978 ], [ 4393612.509475058875978, 6525522.882015578448772 ], [ 4393564.055420906282961, 6525538.982989835552871 ], [ 4393447.654784334823489, 6525514.02049954701215 ], [ 4393400.677311023697257, 6525486.104908255860209 ], [ 4393294.564515063539147, 6525415.194199925288558 ], [ 4393263.195142284035683, 6525409.771908896043897 ], [ 4393160.670698602683842, 6525361.067358165048063 ], [ 4393155.704380322247744, 6525358.356048366986215 ], [ 4393087.796601470559835, 6525457.68235878366977 ], [ 4393047.531690220348537, 6525525.088805085979402 ], [ 4393014.064959660172462, 6525583.357471886090934 ], [ 4392981.554811679758132, 6525642.710886122658849 ], [ 4392918.373537550680339, 6525772.352043336257339 ], [ 4392885.689479469321668, 6525856.661763183772564 ], [ 4392855.532198548316956, 6525949.375275865197182 ], [ 4392847.910141478292644, 6525991.474667638540268 ], [ 4392848.379522048868239, 6526013.476114264689386 ], [ 4392848.162997048348188, 6526017.721550451591611 ], [ 4392848.01863519847393, 6526021.970235523767769 ], [ 4392847.947396917268634, 6526026.22033160366118 ], [ 4392847.948321778327227, 6526030.471352541819215 ], [ 4392848.022370228543878, 6526034.721448624506593 ], [ 4392848.169044238515198, 6526038.969671263359487 ], [ 4392848.387905118055642, 6526043.21510745305568 ], [ 4392848.679877719841897, 6526047.455883742310107 ], [ 4392849.043562878854573, 6526051.691075284965336 ], [ 4392849.480347909033298, 6526055.919745333492756 ], [ 4392849.988857368938625, 6526060.140032325871289 ], [ 4392850.569529968313873, 6526064.350999524816871 ], [ 4392851.222389418631792, 6526068.551733924075961 ], [ 4392851.946961438283324, 6526072.74036209564656 ], [ 4392852.742771748453379, 6526076.915947292931378 ], [ 4392853.609832176938653, 6526081.077552815899253 ], [ 4392854.548142748884857, 6526085.223803223110735 ], [ 4392855.556766738183796, 6526089.353287481702864 ], [ 4392856.63616656884551, 6526093.464618324302137 ], [ 4392857.785891679115593, 6526097.557309593074024 ], [ 4392859.004981618374586, 6526101.62952340580523 ], [ 4392860.293934387154877, 6526105.680311193689704 ], [ 4392861.651338997296989, 6526109.708748093806207 ], [ 4392863.078132148832083, 6526113.712960654869676 ], [ 4392864.57290283869952, 6526117.692510164342821 ], [ 4392866.135188637301326, 6526121.64597375318408 ], [ 4392870.151056868955493, 6526129.430664673447609 ], [ 4392890.883459028787911, 6526168.462387733161449 ], [ 4392906.617255088873208, 6526191.501083942130208 ], [ 4392913.153483930043876, 6526201.0719586443156 ], [ 4392947.751525310799479, 6526241.635126824490726 ], [ 4392987.475461978465319, 6526283.82287872582674 ], [ 4392989.770714730024338, 6526285.93417829554528 ], [ 4392992.112981420010328, 6526287.992867314256728 ], [ 4392994.500898470170796, 6526289.998009046539664 ], [ 4392996.933505438268185, 6526291.949129219166934 ], [ 4392999.409426910802722, 6526293.844840504229069 ], [ 4393001.927726130001247, 6526295.684194356203079 ], [ 4393004.486541539430618, 6526297.465815323404968 ], [ 4393007.085398830473423, 6526299.189691545441747 ], [ 4393009.722436418756843, 6526300.854435726068914 ], [ 4393012.395792729221284, 6526302.459099283441901 ], [ 4393015.105017180554569, 6526304.003231656737626 ], [ 4393017.848686910234392, 6526305.485433674417436 ], [ 4393020.624964032322168, 6526306.905705356970429 ], [ 4393023.43243755120784, 6526308.263109956867993 ], [ 4393026.269708298146725, 6526309.556248337030411 ], [ 4393029.135851420462132, 6526310.785594783723354 ], [ 4393032.028542900457978, 6526311.949750146828592 ], [ 4393034.946834151633084, 6526313.048240136355162 ], [ 4393040.854678640142083, 6526315.04639795422554 ], [ 4393082.952090251259506, 6526322.597785887308419 ], [ 4393158.429733883589506, 6526315.864215281791985 ], [ 4393189.875030872412026, 6526318.588913436979055 ], [ 4393214.646458443254232, 6526321.800959668122232 ], [ 4393222.699490482918918, 6526322.845175274647772 ], [ 4393362.877391413785517, 6526341.496193666942418 ], [ 4393482.992978205904365, 6526355.971852149814367 ], [ 4393560.526199665851891, 6526363.081923318095505 ], [ 4393694.644879347644746, 6526375.381081539206207 ], [ 4393795.312119719572365, 6526388.191889120265841 ], [ 4393907.543592650443316, 6526411.107659141533077 ], [ 4393962.519158522598445, 6526423.099106831476092 ], [ 4394083.131660812534392, 6526448.738331101834774 ], [ 4394173.155335632152855, 6526465.007313195616007 ], [ 4394172.359617271460593, 6526474.018745510838926 ], [ 4394171.798465183004737, 6526534.092422740533948 ], [ 4394178.373943763785064, 6526583.299194828607142 ], [ 4394181.056100054644048, 6526609.560827862471342 ], [ 4394186.207299213856459, 6526659.997449423186481 ], [ 4394200.712690765038133, 6526779.96528038289398 ], [ 4394218.151082755066454, 6526929.399156539700925 ], [ 4394236.180534314364195, 6527073.081855069845915 ], [ 4394240.388045473955572, 6527109.017484803684056 ], [ 4394244.835079194046557, 6527156.974059222266078 ], [ 4394248.289687614887953, 6527154.886742969974875 ], [ 4394288.830877586267889, 6527148.482145763002336 ], [ 4394501.943823788315058, 6527119.520997150801122 ], [ 4394518.10520008765161, 6527229.751830785535276 ], [ 4394528.453911757096648, 6527301.916270054876804 ], [ 4394538.104185418225825, 6527372.065774895250797 ], [ 4394546.397183967754245, 6527425.795423684641719 ], [ 4394611.786645248532295, 6527430.658242833800614 ], [ 4394693.722359330393374, 6527432.960247076116502 ], [ 4394697.868298639543355, 6527432.96024707518518 ], [ 4394702.799862310290337, 6527423.357145822606981 ], [ 4394715.651040678843856, 6527415.741672554984689 ], [ 4394749.261559261009097, 6527407.63476843573153 ], [ 4394850.25807992182672, 6527387.263197087682784 ], [ 4395050.377317602746189, 6527344.134208118543029 ], [ 4395120.196948716416955, 6527328.996370407752693 ], [ 4395155.685247185640037, 6527321.440687054768205 ], [ 4395191.173739426769316, 6527313.884962470270693 ], [ 4395210.644349326379597, 6527309.619580165483057 ], [ 4395261.286149435676634, 6527298.525596001185477 ], [ 4395361.066597137600183, 6527276.17960343696177 ], [ 4395373.529029027558863, 6527273.388621680438519 ], [ 4395502.171844869852066, 6527246.144957920536399 ], [ 4395505.369668680243194, 6527263.801934123039246 ], [ 4395511.58447572030127, 6527295.698718588799238 ], [ 4395520.921536801382899, 6527343.620113908313215 ], [ 4395531.876625561155379, 6527394.309210847131908 ], [ 4395536.959163160994649, 6527421.404412668198347 ], [ 4395541.603760031051934, 6527444.287477581761777 ], [ 4395547.878956940025091, 6527476.363049250096083 ], [ 4395551.044953649863601, 6527492.271019011735916 ], [ 4395557.030127129517496, 6527523.69243285804987 ], [ 4395559.926024170592427, 6527540.079005608335137 ], [ 4395566.445274830795825, 6527574.031764308921993 ], [ 4395576.614279631525278, 6527623.956854618154466 ], [ 4395585.781086060218513, 6527673.225660011172295 ], [ 4395595.017207629978657, 6527721.021019311621785 ], [ 4395655.96473647095263, 6527710.189371591433883 ], [ 4395715.729395353235304, 6527698.685519061051309 ], [ 4395737.979724883101881, 6527823.597752180881798 ], [ 4395762.79150340333581, 6527947.953790751285851 ], [ 4395818.324409684166312, 6528226.001325790770352 ], [ 4395831.381218274123967, 6528288.668773462995887 ], [ 4395836.24104250408709, 6528324.727336859330535 ], [ 4395801.921465733088553, 6528316.068903972394764 ], [ 4395639.064794150181115, 6528269.797609501518309 ], [ 4395629.514578091911972, 6528303.296636451035738 ], [ 4395849.609765782952309, 6528366.043432028964162 ], [ 4396043.198686067946255, 6528421.233572871424258 ], [ 4396147.907981558702886, 6528450.642126045189798 ], [ 4396301.345322778448462, 6528493.736391802318394 ], [ 4396520.683968092314899, 6528556.025773624889553 ], [ 4396794.79093256406486, 6528633.880073027685285 ] ] ] ] } },
{ "type": "Feature", "properties": { "id": 2329, "link": "140147511", "totalpobl": 1203.0, "area_radio": 122367.559 }, "geometry": { "type": "MultiPolygon", "coordinates": [ [ [ [ 4393575.40817460604012, 6523728.330681441351771 ], [ 4393575.433622825890779, 6523712.147056958638132 ], [ 4393575.944707806222141, 6523688.433626557700336 ], [ 4393578.104412975721061, 6523582.488102030940354 ], [ 4393581.702920786105096, 6523477.980195966549218 ], [ 4393582.860554666258395, 6523372.485103810206056 ], [ 4393501.999867847189307, 6523369.999862559139729 ], [ 4393447.999924845062196, 6523367.500202907249331 ], [ 4393383.999908525496721, 6523365.500183498486876 ], [ 4393320.500006723217666, 6523362.499923169612885 ], [ 4393259.000112494453788, 6523361.500156538560987 ], [ 4393197.50023010186851, 6523359.500137122347951 ], [ 4393196.499989183619618, 6523421.500145907513797 ], [ 4393195.500210692174733, 6523464.000122555531561 ], [ 4393195.500210692174733, 6523516.500172537751496 ], [ 4393196.117794872261584, 6523568.537007705308497 ], [ 4393195.74264021217823, 6523610.42622553370893 ], [ 4393195.189622242003679, 6523672.175398885272443 ], [ 4393259.495578982867301, 6523672.401706106029451 ], [ 4393308.496653263457119, 6523672.682959766127169 ], [ 4393387.208310784772038, 6523673.171442350372672 ], [ 4393406.919148256070912, 6523673.293767319060862 ], [ 4393436.582378153689206, 6523682.154046188108623 ], [ 4393514.112651756964624, 6523706.381475586444139 ], [ 4393575.40817460604012, 6523728.330681441351771 ] ] ] ] } },
{ "type": "Feature", "properties": { "id": 2330, "link": "140147510", "totalpobl": 1279.0, "area_radio": 135372.368 }, "geometry": { "type": "MultiPolygon", "coordinates": [ [ [ [ 4392766.814151277765632, 6523672.438242628239095 ], [ 4392874.517567297443748, 6523671.063865944743156 ], [ 4392982.940809590741992, 6523671.471317096613348 ], [ 4393088.398581521585584, 6523672.742222235538065 ], [ 4393195.189622242003679, 6523672.175398885272443 ], [ 4393195.74264021217823, 6523610.42622553370893 ], [ 4393196.117794872261584, 6523568.537007705308497 ], [ 4393195.500210692174733, 6523516.500172537751496 ], [ 4393195.500210692174733, 6523464.000122555531561 ], [ 4393196.499989183619618, 6523421.500145907513797 ], [ 4393197.50023010186851, 6523359.500137122347951 ], [ 4393134.499980413354933, 6523357.999781675636768 ], [ 4393089.499869811348617, 6523357.500117725692689 ], [ 4392984.441918400116265, 6523355.594979921355844 ], [ 4392877.524574398063123, 6523356.317808932624757 ], [ 4392817.276614639908075, 6523355.549471847712994 ], [ 4392805.508169828914106, 6523355.887825763784349 ], [ 4392777.208536997437477, 6523356.596088535152376 ], [ 4392764.92471250705421, 6523359.819122892804444 ], [ 4392766.201728686690331, 6523478.889512753114104 ], [ 4392767.039432588033378, 6523536.481243524700403 ], [ 4392767.048819357529283, 6523537.654736084863544 ], [ 4392765.679168667644262, 6523597.919045430608094 ], [ 4392765.689420077949762, 6523598.67584600392729 ], [ 4392766.465754017233849, 6523655.987956043332815 ], [ 4392766.474678587168455, 6523656.632996620610356 ], [ 4392766.814151277765632, 6523672.438242628239095 ] ] ] ] } },
{ "type": "Feature", "properties": { "id": 2332, "link": "140147508", "totalpobl": 1035.0, "area_radio": 102696.233 }, "geometry": { "type": "MultiPolygon", "coordinates": [ [ [ [ 4393317.999872794374824, 6523954.999901146627963 ], [ 4393380.67673924472183, 6523954.517651434056461 ], [ 4393447.49981031473726, 6523956.000142067670822 ], [ 4393511.00016787648201, 6523956.50025637820363 ], [ 4393571.397369476035237, 6523958.491430507972836 ], [ 4393571.939623995684087, 6523913.402023016475141 ], [ 4393572.477672755718231, 6523868.66233295109123 ], [ 4393573.075619045644999, 6523818.942057987675071 ], [ 4393574.618814695626497, 6523734.982387476600707 ], [ 4393575.40817460604012, 6523728.330681441351771 ], [ 4393514.112651756964624, 6523706.381475586444139 ], [ 4393436.582378153689206, 6523682.154046188108623 ], [ 4393406.919148256070912, 6523673.293767319060862 ], [ 4393387.208310784772038, 6523673.171442350372672 ], [ 4393308.496653263457119, 6523672.682959766127169 ], [ 4393259.495578982867301, 6523672.401706106029451 ], [ 4393195.189622242003679, 6523672.175398885272443 ], [ 4393193.758643481880426, 6523812.334790666587651 ], [ 4393192.928364193066955, 6523903.419534013606608 ], [ 4393192.344430852681398, 6523954.594774937257171 ], [ 4393255.398109252564609, 6523954.010604456067085 ], [ 4393317.999872794374824, 6523954.999901146627963 ] ] ] ] } },
{ "type": "Feature", "properties": { "id": 2360, "link": "140147305", "totalpobl": 694.0, "area_radio": 85782.91 }, "geometry": { "type": "MultiPolygon", "coordinates": [ [ [ [ 4390284.026587381027639, 6523894.770331949926913 ], [ 4390347.499940820969641, 6523888.999865402467549 ], [ 4390403.095713739283383, 6523882.883523262105882 ], [ 4390455.999953201040626, 6523878.000013594515622 ], [ 4390521.999988931231201, 6523871.393789710476995 ], [ 4390516.500068961642683, 6523813.000218781642616 ], [ 4390510.500022591091692, 6523753.999996040016413 ], [ 4390629.000108303502202, 6523743.000144232995808 ], [ 4390691.00011707469821, 6523737.500224264338613 ], [ 4390747.485763754695654, 6523732.591221530921757 ], [ 4390735.472165633924305, 6523611.829415346495807 ], [ 4390617.000015573576093, 6523622.500039114616811 ], [ 4390497.99981533177197, 6523634.500131853856146 ], [ 4390379.500192050822079, 6523645.499983659945428 ], [ 4390260.004987748339772, 6523657.696586373262107 ], [ 4390272.500072678551078, 6523776.00016209948808 ], [ 4390278.892676579765975, 6523841.555029730312526 ], [ 4390284.026587381027639, 6523894.770331949926913 ] ] ] ] } },
{ "type": "Feature", "properties": { "id": 3176, "link": "140145010", "totalpobl": 729.0, "area_radio": 85660.797 }, "geometry": { "type": "MultiPolygon", "coordinates": [ [ [ [ 4389406.018299571238458, 6525799.631635375320911 ], [ 4389492.068050221540034, 6525832.71152038872242 ], [ 4389618.02989502158016, 6525881.137969258241355 ], [ 4389659.000169563107193, 6525753.999862868338823 ], [ 4389706.980513612739742, 6525608.321923388168216 ], [ 4389743.58428958337754, 6525494.832812638953328 ], [ 4389633.500091081485152, 6525460.500076934695244 ], [ 4389549.499916261062026, 6525432.999979043379426 ], [ 4389508.000192370265722, 6525542.999884457327425 ], [ 4389455.11616682074964, 6525675.794532468542457 ], [ 4389406.018299571238458, 6525799.631635375320911 ] ] ] ] } },
{ "type": "Feature", "properties": { "id": 2980, "link": "140143415", "totalpobl": 688.0, "area_radio": 74077.006 }, "geometry": { "type": "MultiPolygon", "coordinates": [ [ [ [ 4390637.000174073502421, 6527328.000208351761103 ], [ 4390702.500083424150944, 6527279.000070794485509 ], [ 4390774.000050984323025, 6527227.49978744238615 ], [ 4390825.810922795906663, 6527189.269471311941743 ], [ 4390825.987405905500054, 6527171.09983301255852 ], [ 4390823.797753856517375, 6527153.777836074121296 ], [ 4390821.608101796358824, 6527136.455839136615396 ], [ 4390773.031480746343732, 6527077.190387584269047 ], [ 4390819.821121085435152, 6527041.986393983475864 ], [ 4390819.904939886182547, 6527018.771311732940376 ], [ 4390820.114492835476995, 6526946.633863552473485 ], [ 4390825.957490094937384, 6526923.803413922898471 ], [ 4390784.019220035523176, 6526911.418849312700331 ], [ 4390764.605059994384646, 6526931.837268472649157 ], [ 4390701.33640234451741, 6526981.481155901215971 ], [ 4390629.999886793084443, 6527034.499948131851852 ], [ 4390559.000045613385737, 6527086.999998114071786 ], [ 4390492.499883491545916, 6527134.499780211597681 ], [ 4390565.622679912485182, 6527230.88096150290221 ], [ 4390637.000174073502421, 6527328.000208351761103 ] ] ] ] } },
{ "type": "Feature", "properties": { "id": 4410, "link": "140140706", "totalpobl": 21.0, "area_radio": 1932583.81 }, "geometry": { "type": "MultiPolygon", "coordinates": [ [ [ [ 4397360.854785081930459, 6528633.880073027685285 ], [ 4399138.599372729659081, 6528633.880073027685285 ], [ 4399112.635623693466187, 6528526.569260427728295 ], [ 4399111.775983074679971, 6528522.873525522649288 ], [ 4399110.916342445649207, 6528519.177790613844991 ], [ 4399069.746402534656227, 6528360.178849960677326 ], [ 4399068.775969184935093, 6528356.700920003466308 ], [ 4399067.805535834282637, 6528353.22299004253 ], [ 4398964.034899222664535, 6527874.403032480739057 ], [ 4398961.715859303250909, 6527863.702485291287303 ], [ 4398917.775401871651411, 6527848.781481401063502 ], [ 4398826.764833052642643, 6527818.17162533197552 ], [ 4398807.571369519457221, 6527812.211196901276708 ], [ 4398776.33382620010525, 6527800.580235382542014 ], [ 4398689.599992640316486, 6527771.576516998000443 ], [ 4398585.999946928583086, 6527736.99983155913651 ], [ 4398500.999993616715074, 6527707.99984064605087 ], [ 4398443.500138198025525, 6527688.000156436115503 ], [ 4398358.619154844433069, 6527659.207884387113154 ], [ 4398238.838560754433274, 6527618.802174302749336 ], [ 4398125.326991931535304, 6527580.18460563570261 ], [ 4398053.313319100998342, 6527556.300981473177671 ], [ 4397974.208506121300161, 6527528.698996374383569 ], [ 4397954.30631242133677, 6527521.75453834515065 ], [ 4397862.500138410367072, 6527490.434648395515978 ], [ 4397775.039741037413478, 6527459.934302035719156 ], [ 4397675.181588936597109, 6527426.270759323611856 ], [ 4397587.163650615140796, 6527397.058744580484927 ], [ 4397523.420808576047421, 6527375.239825692027807 ], [ 4397436.999806723557413, 6527345.500221090391278 ], [ 4397362.500053122639656, 6527321.500047490000725 ], [ 4397304.56486667227, 6527301.422898376360536 ], [ 4397232.386319231241941, 6527276.059604560956359 ], [ 4397182.272417780943215, 6527259.256664719432592 ], [ 4397148.647605650126934, 6527248.593259690329432 ], [ 4397058.144108858890831, 6527217.629443800076842 ], [ 4397061.93976718839258, 6527234.991026329807937 ], [ 4397064.603673688136041, 6527255.54788216855377 ], [ 4397113.936873190104961, 6527482.533326425589621 ], [ 4397131.201753790490329, 6527571.65187287889421 ], [ 4397152.159130009822547, 6527670.704535299912095 ], [ 4397174.860775810666382, 6527771.462579751387239 ], [ 4397196.173937742598355, 6527870.541201679967344 ], [ 4397218.410100110806525, 6527967.862522549927235 ], [ 4397238.383649670518935, 6528066.915184965357184 ], [ 4397258.290199711918831, 6528160.314081282354891 ], [ 4397281.466720880940557, 6528266.392910868860781 ], [ 4397302.695828011259437, 6528363.986378481611609 ], [ 4397319.740590881556273, 6528447.821286650374532 ], [ 4397351.185976802371442, 6528587.734034041874111 ], [ 4397360.854785081930459, 6528633.880073027685285 ] ] ] ] } },
{ "type": "Feature", "properties": { "id": 4399, "link": "140140712", "totalpobl": 272.0, "area_radio": 10797589.13 }, "geometry": { "type": "MultiPolygon", "coordinates": [ [ [ [ 4399464.864928215742111, 6522694.541837732307613 ], [ 4394747.725052156485617, 6522694.541837732307613 ], [ 4394746.705436430871487, 6522743.457761775702238 ], [ 4394747.355902580544353, 6522804.344336566515267 ], [ 4394744.796051341108978, 6522877.737639906816185 ], [ 4394744.900007571093738, 6522945.21956158708781 ], [ 4394743.03656102064997, 6523020.571554415859282 ], [ 4394741.132756331004202, 6523098.809348844923079 ], [ 4394642.709244919940829, 6523094.95603711437434 ], [ 4394586.35195117816329, 6523090.032171886414289 ], [ 4394577.857366617769003, 6523089.837170753628016 ], [ 4394565.503671708516777, 6523089.577741233631968 ], [ 4394553.14997679926455, 6523089.318311704322696 ], [ 4394532.86482503823936, 6523088.892320334911346 ], [ 4394500.55655137822032, 6523088.190849622711539 ], [ 4394515.110791648738086, 6523173.36687923129648 ], [ 4394517.253766668960452, 6523196.319257345050573 ], [ 4394527.124234997667372, 6523303.015888054855168 ], [ 4394527.451769768260419, 6523312.230125793255866 ], [ 4394527.678514018654823, 6523380.734227165579796 ], [ 4394526.874517058953643, 6523408.503969632089138 ], [ 4394523.484495248645544, 6523525.594005453400314 ], [ 4394512.656339667737484, 6523596.622047552838922 ], [ 4394498.160206437110901, 6523648.217562502250075 ], [ 4394480.818496546708047, 6523685.07324502337724 ], [ 4394442.225988185033202, 6523807.034680431708694 ], [ 4394383.258613136596978, 6523915.21539512462914 ], [ 4394309.667002134956419, 6524040.990204683504999 ], [ 4394220.708792643621564, 6524155.681786225177348 ], [ 4394103.394344633445144, 6524267.307714262977242 ], [ 4393968.845289211720228, 6524378.367054377682507 ], [ 4393871.898058449849486, 6524459.220836739987135 ], [ 4393715.058711977675557, 6524593.521655189804733 ], [ 4393605.783117758110166, 6524699.919532568193972 ], [ 4393514.380250357091427, 6524799.809804957360029 ], [ 4393401.810816304758191, 6524946.243682168424129 ], [ 4393331.744671413674951, 6525051.997307267971337 ], [ 4393147.147616742178798, 6525320.075851575471461 ], [ 4393129.929798641242087, 6525343.960450417362154 ], [ 4393155.704380322247744, 6525358.356048366986215 ], [ 4393160.670698602683842, 6525361.067358165048063 ], [ 4393263.195142284035683, 6525409.771908896043897 ], [ 4393294.564515063539147, 6525415.194199925288558 ], [ 4393400.677311023697257, 6525486.104908255860209 ], [ 4393447.654784334823489, 6525514.02049954701215 ], [ 4393564.055420906282961, 6525538.982989835552871 ], [ 4393612.509475058875978, 6525522.882015578448772 ], [ 4393701.687454858794808, 6525443.520516211166978 ], [ 4393850.608843741007149, 6525446.543359898030758 ], [ 4393934.122912089340389, 6525445.607891829684377 ], [ 4394041.466354391537607, 6525437.054781004786491 ], [ 4394060.088880841620266, 6525441.275405110791326 ], [ 4394120.30117844324559, 6525454.921967821195722 ], [ 4394191.591580083593726, 6525478.040223644115031 ], [ 4394271.7190698441118, 6525504.537540352903306 ], [ 4394318.380503595806658, 6525533.660489003174007 ], [ 4394381.384082544595003, 6525503.404993142001331 ], [ 4394451.521853557787836, 6525501.804094716906548 ], [ 4394521.984689998440444, 6525487.315221656113863 ], [ 4394625.359250919893384, 6525458.422810425981879 ], [ 4394699.396958160214126, 6525409.92451773583889 ], [ 4394734.283337851054966, 6525272.404506584629416 ], [ 4394743.38682322204113, 6525168.242875024676323 ], [ 4394752.23118881136179, 6525136.108754615299404 ], [ 4394811.491762360557914, 6525003.994035225361586 ], [ 4394969.52651144284755, 6524835.403120218776166 ], [ 4395043.250317733734846, 6524820.871366487815976 ], [ 4395090.603745604865253, 6524800.142723525874317 ], [ 4395121.607266625389457, 6524790.56530184391886 ], [ 4395150.547814646735787, 6524790.398122415877879 ], [ 4395193.710495375096798, 6524811.762620876543224 ], [ 4395226.310951115563512, 6524845.733312057331204 ], [ 4395235.30081189610064, 6524876.997882977128029 ], [ 4395252.099122676067054, 6524904.721083547919989 ], [ 4395265.174557395279408, 6524910.193093466572464 ], [ 4395396.856054728850722, 6524965.3012007586658 ], [ 4395645.173203632235527, 6524853.85793874040246 ], [ 4395838.504964903928339, 6524724.54641792178154 ], [ 4395892.524137432686985, 6524716.020398582331836 ], [ 4396005.647022916004062, 6524639.931562741287053 ], [ 4396053.668374416418374, 6524667.845024133101106 ], [ 4396080.937334757298231, 6524755.369665401056409 ], [ 4396164.260832098312676, 6524920.83408095408231 ], [ 4396208.622190158814192, 6524979.5146388951689 ], [ 4396259.07191123906523, 6525016.467465656809509 ], [ 4396337.081171219237149, 6525026.533852276392281 ], [ 4396423.896424291655421, 6524961.467204433865845 ], [ 4396550.236524772830307, 6524864.612776326946914 ], [ 4396600.510262763127685, 6524839.109544578008354 ], [ 4396638.401980843394995, 6524828.443899345584214 ], [ 4396660.135814873501658, 6524824.204051059670746 ], [ 4396701.768257665447891, 6524820.805556077510118 ], [ 4396752.561177045106888, 6524845.52313020825386 ], [ 4396811.462438635528088, 6524884.345612498000264 ], [ 4396847.948445226065814, 6524935.550931788049638 ], [ 4396878.588846577331424, 6524987.456729197874665 ], [ 4396909.495388817042112, 6525039.813377605751157 ], [ 4396974.04538900591433, 6525093.543367278762162 ], [ 4397096.576911189593375, 6525097.749518340453506 ], [ 4397211.535748101770878, 6525037.923097152262926 ], [ 4397289.126040840521455, 6524946.241861901246011 ], [ 4397326.975506072863936, 6524829.515264700166881 ], [ 4397383.816225713118911, 6524758.079247332178056 ], [ 4397501.552106224000454, 6524688.067264890298247 ], [ 4397584.1885791644454, 6524638.92724684253335 ], [ 4397709.520335737615824, 6524463.008736060932279 ], [ 4397755.10804820805788, 6524389.535511783324182 ], [ 4397788.872136007994413, 6524327.523744652047753 ], [ 4397844.745589698664844, 6524305.722146143205464 ], [ 4397966.867243830114603, 6524249.104531103745103 ], [ 4398059.588550391606987, 6524265.152788323350251 ], [ 4398131.243472152389586, 6524246.121415088884532 ], [ 4398180.304083053022623, 6524235.287110300734639 ], [ 4398220.667654553428292, 6524226.373417047783732 ], [ 4398289.600613123737276, 6524226.110777327790856 ], [ 4398295.810116903856397, 6524225.748386269435287 ], [ 4398483.46221246663481, 6524197.317677346989512 ], [ 4398610.344343738630414, 6524178.324375120922923 ], [ 4398706.626714191399515, 6524139.230008567683399 ], [ 4398817.951861753128469, 6524059.742898539640009 ], [ 4398946.492876772768795, 6523951.560553869232535 ], [ 4399039.209849124774337, 6523896.182715011760592 ], [ 4399173.095928136259317, 6523847.717008834704757 ], [ 4399323.765001618303359, 6523846.772909322753549 ], [ 4399359.162795607931912, 6523856.545641901902854 ], [ 4399456.132404460571706, 6523929.958601024001837 ], [ 4399459.597241319715977, 6523930.367176044732332 ], [ 4399463.074086530134082, 6523930.656270122155547 ], [ 4399466.558821149170399, 6523930.825540776364505 ], [ 4399470.047316919080913, 6523930.874787484295666 ], [ 4399473.535441109910607, 6523930.803951885551214 ], [ 4399477.019061399623752, 6523930.613117914646864 ], [ 4399480.494050859473646, 6523930.302511636167765 ], [ 4399483.956292739138007, 6523929.872501035220921 ], [ 4399487.401685419492424, 6523929.323595504276454 ], [ 4399490.826147229410708, 6523928.656445355154574 ], [ 4399494.225621280260384, 6523927.871840914711356 ], [ 4399497.596080320887268, 6523926.970711695030332 ], [ 4399500.933531440794468, 6523925.954125246964395 ], [ 4399504.234020840376616, 6523924.823285885155201 ], [ 4399507.493638531304896, 6523923.579533284530044 ], [ 4399510.708522910252213, 6523922.224340894259512 ], [ 4399513.874865391291678, 6523920.759314188733697 ], [ 4399516.988914890214801, 6523919.186188714578748 ], [ 4399520.046982261352241, 6523917.506828145124018 ], [ 4399523.045444700866938, 6523915.723221963271499 ], [ 4399525.980749990791082, 6523913.837483175098896 ], [ 4399528.849420761689544, 6523911.85184574406594 ], [ 4399531.648058571852744, 6523909.768662026152015 ], [ 4399534.373347941786051, 6523907.590399914421141 ], [ 4399537.022060280665755, 6523905.31963992677629 ], [ 4399539.591057740151882, 6523902.959072186611593 ], [ 4399542.077296890318394, 6523900.511493204161525 ], [ 4399544.477832331322134, 6523897.979802558198571 ], [ 4399546.789820231497288, 6523895.36699946783483 ], [ 4399549.010521620512009, 6523892.676179275847971 ], [ 4399551.13730570115149, 6523889.910529712215066 ], [ 4399553.167652910575271, 6523887.073327192105353 ], [ 4399555.099157961085439, 6523884.167932858690619 ], [ 4399556.929532641544938, 6523881.197788666002452 ], [ 4399558.656608561053872, 6523878.166413273662329 ], [ 4399560.278339681215584, 6523875.077397879213095 ], [ 4399561.792804780416191, 6523871.934401941485703 ], [ 4399563.198209721595049, 6523868.741148906759918 ], [ 4399564.492889551445842, 6523865.501421744003892 ], [ 4399570.696732901036739, 6523849.819499992765486 ], [ 4399577.452377801761031, 6523834.36726379673928 ], [ 4399584.751338661648333, 6523819.164122275076807 ], [ 4399515.670795140787959, 6523659.535530496388674 ], [ 4399458.733464199118316, 6523331.588317515328526 ], [ 4399464.864928215742111, 6522694.541837732307613 ] ] ] ] } },
{ "type": "Feature", "properties": { "id": 152, "link": "140210802", "totalpobl": 3.0, "area_radio": 453409.44 }, "geometry": { "type": "MultiPolygon", "coordinates": [ [ [ [ 4399635.169367748312652, 6526580.626346109434962 ], [ 4399635.16936774738133, 6523718.659032869152725 ], [ 4399626.477009132504463, 6523725.277910784818232 ], [ 4399594.932358670048416, 6523796.255984746851027 ], [ 4399584.751338661648333, 6523819.164122275076807 ], [ 4399577.452377801761031, 6523834.36726379673928 ], [ 4399570.696732901036739, 6523849.819499992765486 ], [ 4399564.492889551445842, 6523865.501421744003892 ], [ 4399563.198209721595049, 6523868.741148906759918 ], [ 4399561.792804780416191, 6523871.934401941485703 ], [ 4399560.278339681215584, 6523875.077397879213095 ], [ 4399558.656608561053872, 6523878.166413273662329 ], [ 4399556.929532641544938, 6523881.197788666002452 ], [ 4399555.099157961085439, 6523884.167932858690619 ], [ 4399553.167652910575271, 6523887.073327192105353 ], [ 4399551.13730570115149, 6523889.910529712215066 ], [ 4399549.010521620512009, 6523892.676179275847971 ], [ 4399546.789820231497288, 6523895.36699946783483 ], [ 4399544.477832331322134, 6523897.979802558198571 ], [ 4399542.077296890318394, 6523900.511493204161525 ], [ 4399539.591057740151882, 6523902.959072186611593 ], [ 4399537.022060280665755, 6523905.31963992677629 ], [ 4399534.373347941786051, 6523907.590399914421141 ], [ 4399531.648058571852744, 6523909.768662026152015 ], [ 4399528.849420761689544, 6523911.85184574406594 ], [ 4399525.980749990791082, 6523913.837483175098896 ], [ 4399523.045444700866938, 6523915.723221963271499 ], [ 4399520.046982261352241, 6523917.506828145124018 ], [ 4399516.988914890214801, 6523919.186188714578748 ], [ 4399513.874865391291678, 6523920.759314188733697 ], [ 4399510.708522910252213, 6523922.224340894259512 ], [ 4399507.493638531304896, 6523923.579533284530044 ], [ 4399504.234020840376616, 6523924.823285885155201 ], [ 4399500.933531440794468, 6523925.954125246964395 ], [ 4399497.596080320887268, 6523926.970711695030332 ], [ 4399494.225621280260384, 6523927.871840914711356 ], [ 4399490.826147229410708, 6523928.656445355154574 ], [ 4399487.401685419492424, 6523929.323595504276454 ], [ 4399483.956292739138007, 6523929.872501035220921 ], [ 4399480.494050859473646, 6523930.302511636167765 ], [ 4399477.019061399623752, 6523930.613117914646864 ], [ 4399473.535441109910607, 6523930.803951885551214 ], [ 4399470.047316919080913, 6523930.874787484295666 ], [ 4399466.558821149170399, 6523930.825540776364505 ], [ 4399463.074086530134082, 6523930.656270122155547 ], [ 4399459.597241319715977, 6523930.367176044732332 ], [ 4399456.132404460571706, 6523929.958601024001837 ], [ 4399455.921334059908986, 6523952.960592322051525 ], [ 4399454.821771499700844, 6524072.788516824133694 ], [ 4399453.752937540411949, 6524102.571889075450599 ], [ 4399446.429358569905162, 6524306.645566535182297 ], [ 4399442.767569088377059, 6524408.682405256666243 ], [ 4399439.105779600329697, 6524510.719243983738124 ], [ 4399433.637855059467256, 6524609.776926124468446 ], [ 4399443.10700766928494, 6524615.19711690582335 ], [ 4399452.867505098693073, 6524621.917700213380158 ], [ 4399459.514948689378798, 6524623.160336256958544 ], [ 4399459.410042190924287, 6524638.612519872374833 ], [ 4399459.229564149864018, 6524665.195998824201524 ], [ 4399458.115694809705019, 6524688.662278136238456 ], [ 4399459.056249349378049, 6524727.419693326577544 ], [ 4399456.34369885083288, 6524754.33188290335238 ], [ 4399451.926445269957185, 6524827.954164074733853 ], [ 4399455.387718079611659, 6524860.532734346576035 ], [ 4399454.73494159989059, 6524885.419122555293143 ], [ 4399453.616197689436376, 6524948.070806186646223 ], [ 4399447.281305470503867, 6525042.570411843247712 ], [ 4399451.163574809208512, 6525153.328864153474569 ], [ 4399446.994002970866859, 6525252.50306339096278 ], [ 4399448.259459599852562, 6525399.184638613834977 ], [ 4399447.230687199160457, 6525466.510001002810895 ], [ 4399446.118898469954729, 6525606.6382174231112 ], [ 4399445.658578410744667, 6525691.951722962781787 ], [ 4399444.021019570529461, 6525781.205556141212583 ], [ 4399438.85329001955688, 6525894.6393719650805 ], [ 4399419.456476879306138, 6525901.913142446428537 ], [ 4399419.440592699684203, 6525908.561277775093913 ], [ 4399453.362277989275753, 6526014.87994403205812 ], [ 4399478.623561140149832, 6526091.972229473292828 ], [ 4399497.857174089178443, 6526154.199951091781259 ], [ 4399526.145315851084888, 6526238.812380385585129 ], [ 4399578.850778210908175, 6526403.710608575493097 ], [ 4399635.169367748312652, 6526580.626346109434962 ] ] ] ] } },
{ "type": "Feature", "properties": { "id": 2272, "link": "140148012", "totalpobl": 1.0, "area_radio": 2654.208 }, "geometry": { "type": "MultiPolygon", "coordinates": [ [ [ [ 4388821.314525810070336, 6522703.540973114781082 ], [ 4388821.314525810070336, 6522753.675585334189236 ], [ 4388854.197398083284497, 6522734.075124165043235 ], [ 4388919.918450260534883, 6522694.541837732307613 ], [ 4388873.507500387728214, 6522694.541837732307613 ], [ 4388841.405586993321776, 6522701.231564803980291 ], [ 4388821.314525810070336, 6522703.540973114781082 ] ] ] ] } },
{ "type": "Feature", "properties": { "id": 3405, "link": "140143304", "totalpobl": 810.0, "area_radio": 93930.4 }, "geometry": { "type": "MultiPolygon", "coordinates": [ [ [ [ 4391059.497921407222748, 6527681.998248444870114 ], [ 4391067.760850268416107, 6527687.597828493453562 ], [ 4391180.882777971215546, 6527688.999934888444841 ], [ 4391237.270077929832041, 6527688.48917337693274 ], [ 4391300.493934191763401, 6527687.913076844066381 ], [ 4391301.489052781835198, 6527579.000029478222132 ], [ 4391301.767141811549664, 6527547.858780793845654 ], [ 4391302.484633810818195, 6527467.511863007210195 ], [ 4391225.092544449493289, 6527467.076939556747675 ], [ 4391224.925487839616835, 6527508.429052693769336 ], [ 4391181.94424966070801, 6527508.00797850638628 ], [ 4391137.499911458231509, 6527507.500061917118728 ], [ 4391137.706666099838912, 6527464.89112910721451 ], [ 4391067.931274328380823, 6527465.344099264591932 ], [ 4391060.768127899616957, 6527460.226480316370726 ], [ 4390941.817396046593785, 6527460.884924522601068 ], [ 4390941.999412688426673, 6527428.999675924889743 ], [ 4390823.819286456331611, 6527396.842637152411044 ], [ 4390823.411836225539446, 6527441.876280014403164 ], [ 4390823.088667235337198, 6527473.226932535879314 ], [ 4390822.939194914884865, 6527489.38676920440048 ], [ 4390822.395765895023942, 6527545.678704212419689 ], [ 4390933.054696517065167, 6527576.459723225794733 ], [ 4390940.303997636772692, 6527571.521504263393581 ], [ 4390940.568022727034986, 6527654.144484751857817 ], [ 4390939.999918797053397, 6527681.285782652907073 ], [ 4391059.497921407222748, 6527681.998248444870114 ] ] ] ] } },
{ "type": "Feature", "properties": { "id": 3406, "link": "140143303", "totalpobl": 1003.0, "area_radio": 132977.624 }, "geometry": { "type": "MultiPolygon", "coordinates": [ [ [ [ 4391079.357466258108616, 6528335.416010053828359 ], [ 4391085.963546537794173, 6528337.041071345098317 ], [ 4391109.0630207285285, 6528342.409209996461868 ], [ 4391270.031187131069601, 6528377.435214615426958 ], [ 4391268.437286820262671, 6528363.874975677579641 ], [ 4391268.518423730507493, 6528287.313062096014619 ], [ 4391268.629543171264231, 6528182.459224515594542 ], [ 4391268.745032659731805, 6528078.971242384053767 ], [ 4391299.134827692061663, 6528086.058189992792904 ], [ 4391293.758004501461983, 6528072.069200396537781 ], [ 4391295.439763310365379, 6527934.844407338649035 ], [ 4391295.873287601396441, 6527824.22645531501621 ], [ 4391299.337699460797012, 6527815.884711414575577 ], [ 4391299.562145100906491, 6527790.159262435510755 ], [ 4391300.493934191763401, 6527687.913076844066381 ], [ 4391237.270077929832041, 6527688.48917337693274 ], [ 4391180.882777971215546, 6527688.999934888444841 ], [ 4391067.760850268416107, 6527687.597828493453562 ], [ 4391059.497921407222748, 6527681.998248444870114 ], [ 4391059.169630098156631, 6527764.945559932850301 ], [ 4391095.878757618367672, 6527773.83561803214252 ], [ 4391097.117012799717486, 6527779.621807282790542 ], [ 4391096.360627297312021, 6527822.242225773632526 ], [ 4391096.206944138742983, 6527881.639395924285054 ], [ 4391095.843559438362718, 6527941.022249534726143 ], [ 4391096.038038518279791, 6528003.922371263615787 ], [ 4391093.879756067879498, 6528024.454644002951682 ], [ 4391090.852262708358467, 6528048.113615044392645 ], [ 4391085.658189318142831, 6528054.078646223992109 ], [ 4391085.980775097385049, 6528064.262280912138522 ], [ 4391082.222765147686005, 6528122.488751394674182 ], [ 4391086.226371227763593, 6528209.717039024457335 ], [ 4391085.992353238165379, 6528293.830452096648514 ], [ 4391080.831181199289858, 6528320.561368924565613 ], [ 4391079.357466258108616, 6528335.416010053828359 ] ] ] ] } },
{ "type": "Feature", "properties": { "id": 3407, "link": "140143302", "totalpobl": 795.0, "area_radio": 95190.066 }, "geometry": { "type": "MultiPolygon", "coordinates": [ [ [ [ 4390942.355809455737472, 6528303.865969524718821 ], [ 4391000.929835667833686, 6528316.123222003690898 ], [ 4391079.357466258108616, 6528335.416010053828359 ], [ 4391080.831181199289858, 6528320.561368924565613 ], [ 4391085.992353238165379, 6528293.830452096648514 ], [ 4391086.226371227763593, 6528209.717039024457335 ], [ 4391082.222765147686005, 6528122.488751394674182 ], [ 4391085.980775097385049, 6528064.262280912138522 ], [ 4391085.658189318142831, 6528054.078646223992109 ], [ 4391090.852262708358467, 6528048.113615044392645 ], [ 4391093.879756067879498, 6528024.454644002951682 ], [ 4391096.038038518279791, 6528003.922371263615787 ], [ 4391095.843559438362718, 6527941.022249534726143 ], [ 4391096.206944138742983, 6527881.639395924285054 ], [ 4391096.360627297312021, 6527822.242225773632526 ], [ 4391097.117012799717486, 6527779.621807282790542 ], [ 4391095.878757618367672, 6527773.83561803214252 ], [ 4391059.169630098156631, 6527764.945559932850301 ], [ 4391059.497921407222748, 6527681.998248444870114 ], [ 4390939.999918797053397, 6527681.285782652907073 ], [ 4390939.000140308402479, 6527728.999765742570162 ], [ 4390937.999899387359619, 6527783.007985090836883 ], [ 4390937.499784858897328, 6527856.000043612904847 ], [ 4390937.000132756307721, 6527929.500018722377717 ], [ 4390935.999891836196184, 6528002.000215354375541 ], [ 4390935.490919957868755, 6528075.848046224564314 ], [ 4390935.000113356858492, 6528149.999955934472382 ], [ 4390935.000113355927169, 6528222.50015255343169 ], [ 4390934.137819526717067, 6528291.028387945145369 ], [ 4390942.355809455737472, 6528303.865969524718821 ] ] ] ] } },
{ "type": "Feature", "properties": { "id": 3399, "link": "140143310", "totalpobl": 828.0, "area_radio": 94988.773 }, "geometry": { "type": "MultiPolygon", "coordinates": [ [ [ [ 4392210.85895602311939, 6528587.471970402635634 ], [ 4392252.476829463616014, 6528596.018691197969019 ], [ 4392265.884751580655575, 6528598.772166022099555 ], [ 4392266.064969722181559, 6528572.674186378717422 ], [ 4392266.503153900615871, 6528481.968945752829313 ], [ 4392267.169518752023578, 6528370.000229179859161 ], [ 4392267.706888723187149, 6528258.06725032068789 ], [ 4392268.288035601377487, 6528145.503525762818754 ], [ 4392195.798071771860123, 6528145.499802590347826 ], [ 4392122.809392560273409, 6528144.511205481365323 ], [ 4392048.004160968586802, 6528143.561251099221408 ], [ 4392046.50008234847337, 6528255.999822531826794 ], [ 4392046.50008234847337, 6528367.500095239840448 ], [ 4392045.659558407962322, 6528479.503268940374255 ], [ 4392045.542219188995659, 6528525.394190019927919 ], [ 4392045.498442268930376, 6528551.237926788628101 ], [ 4392065.573218368925154, 6528555.673470051959157 ], [ 4392120.862458, 6528567.889506781473756 ], [ 4392174.112454489804804, 6528579.632095899432898 ], [ 4392193.509459080174565, 6528583.709076317027211 ], [ 4392210.85895602311939, 6528587.471970402635634 ] ] ] ] } },
{ "type": "Feature", "properties": { "id": 3400, "link": "140143309", "totalpobl": 835.0, "area_radio": 82966.448 }, "geometry": { "type": "MultiPolygon", "coordinates": [ [ [ [ 4391831.216949876397848, 6528502.531160991638899 ], [ 4391972.968898988328874, 6528535.212195468135178 ], [ 4392006.754956789314747, 6528542.677333861589432 ], [ 4392045.498442268930376, 6528551.237926788628101 ], [ 4392045.542219188995659, 6528525.394190019927919 ], [ 4392045.659558407962322, 6528479.503268940374255 ], [ 4392046.50008234847337, 6528367.500095239840448 ], [ 4392046.50008234847337, 6528255.999822531826794 ], [ 4392048.004160968586802, 6528143.561251099221408 ], [ 4391975.504426777362823, 6528142.195937709882855 ], [ 4391903.007953316904604, 6528142.080448227934539 ], [ 4391831.389247386716306, 6528141.663678218610585 ], [ 4391830.944067436270416, 6528253.028908858075738 ], [ 4391830.494713726453483, 6528365.637453777715564 ], [ 4391830.04627303685993, 6528476.98800515756011 ], [ 4391830.093390946276486, 6528485.817373358644545 ], [ 4391830.102508157491684, 6528487.525835586711764 ], [ 4391830.141854226589203, 6528494.898847407661378 ], [ 4391831.216949876397848, 6528502.531160991638899 ] ] ] ] } },
{ "type": "Feature", "properties": { "id": 3401, "link": "140143308", "totalpobl": 1359.0, "area_radio": 197306.723 }, "geometry": { "type": "MultiPolygon", "coordinates": [ [ [ [ 4391722.104131785221398, 6528476.175428728573024 ], [ 4391831.216949876397848, 6528502.531160991638899 ], [ 4391830.141854226589203, 6528494.898847407661378 ], [ 4391830.102508157491684, 6528487.525835586711764 ], [ 4391830.093390946276486, 6528485.817373358644545 ], [ 4391830.04627303685993, 6528476.98800515756011 ], [ 4391830.494713726453483, 6528365.637453777715564 ], [ 4391830.944067436270416, 6528253.028908858075738 ], [ 4391831.389247386716306, 6528141.663678218610585 ], [ 4391830.807400926016271, 6528033.697905488312244 ], [ 4391831.643264966085553, 6527916.747418330051005 ], [ 4391832.498444456607103, 6527804.798953928984702 ], [ 4391832.918830927461386, 6527690.030435480177402 ], [ 4391829.472347206436098, 6527685.434013216756284 ], [ 4391700.103728585876524, 6527648.440134167671204 ], [ 4391699.584749185480177, 6527727.483462305739522 ], [ 4391698.669263794086874, 6527802.769362568855286 ], [ 4391566.999807662330568, 6527764.898652708157897 ], [ 4391567.350449874065816, 6527866.704662089236081 ], [ 4391567.499922193586826, 6527909.499860228039324 ], [ 4391567.055453674867749, 6527974.850652957335114 ], [ 4391566.472563774324954, 6528012.304486088454723 ], [ 4391567.487578813917935, 6528106.151775889098644 ], [ 4391566.791191443800926, 6528197.668300518766046 ], [ 4391565.677322624251246, 6528278.999767066910863 ], [ 4391565.708530874922872, 6528352.713955011218786 ], [ 4391564.397571064531803, 6528417.879407290369272 ], [ 4391565.932395504787564, 6528442.406599489971995 ], [ 4391722.104131785221398, 6528476.175428728573024 ] ] ] ] } },
{ "type": "Feature", "properties": { "id": 3402, "link": "140143307", "totalpobl": 1151.0, "area_radio": 193750.831 }, "geometry": { "type": "MultiPolygon", "coordinates": [ [ [ [ 4391270.031187131069601, 6528377.435214615426958 ], [ 4391403.279813761822879, 6528406.261627435684204 ], [ 4391565.932395504787564, 6528442.406599489971995 ], [ 4391564.397571064531803, 6528417.879407290369272 ], [ 4391565.708530874922872, 6528352.713955011218786 ], [ 4391565.677322624251246, 6528278.999767066910863 ], [ 4391566.791191443800926, 6528197.668300518766046 ], [ 4391567.487578813917935, 6528106.151775889098644 ], [ 4391566.472563774324954, 6528012.304486088454723 ], [ 4391567.055453674867749, 6527974.850652957335114 ], [ 4391567.499922193586826, 6527909.499860228039324 ], [ 4391567.350449874065816, 6527866.704662089236081 ], [ 4391566.999807662330568, 6527764.898652708157897 ], [ 4391507.920426023192704, 6527747.515860635787249 ], [ 4391443.728666321374476, 6527728.241791885346174 ], [ 4391395.252319382503629, 6527714.579795815981925 ], [ 4391336.664507141336799, 6527697.371331384405494 ], [ 4391300.493934191763401, 6527687.913076844066381 ], [ 4391299.562145100906491, 6527790.159262435510755 ], [ 4391299.337699460797012, 6527815.884711414575577 ], [ 4391295.873287601396441, 6527824.22645531501621 ], [ 4391295.439763310365379, 6527934.844407338649035 ], [ 4391293.758004501461983, 6528072.069200396537781 ], [ 4391299.134827692061663, 6528086.058189992792904 ], [ 4391268.745032659731805, 6528078.971242384053767 ], [ 4391268.629543171264231, 6528182.459224515594542 ], [ 4391268.518423730507493, 6528287.313062096014619 ], [ 4391268.437286820262671, 6528363.874975677579641 ], [ 4391270.031187131069601, 6528377.435214615426958 ] ] ] ] } },
{ "type": "Feature", "properties": { "id": 3403, "link": "140143306", "totalpobl": 738.0, "area_radio": 137448.341 }, "geometry": { "type": "MultiPolygon", "coordinates": [ [ [ [ 4390941.999412688426673, 6527428.999675924889743 ], [ 4390941.817396046593785, 6527460.884924522601068 ], [ 4391060.768127899616957, 6527460.226480316370726 ], [ 4391067.931274328380823, 6527465.344099264591932 ], [ 4391137.706666099838912, 6527464.89112910721451 ], [ 4391137.499911458231509, 6527507.500061917118728 ], [ 4391181.94424966070801, 6527508.00797850638628 ], [ 4391224.925487839616835, 6527508.429052693769336 ], [ 4391225.092544449493289, 6527467.076939556747675 ], [ 4391302.484633810818195, 6527467.511863007210195 ], [ 4391303.188254090026021, 6527390.056562715210021 ], [ 4391303.49558181129396, 6527355.544545584358275 ], [ 4391304.23924399074167, 6527276.564665514044464 ], [ 4391305.090937441214919, 6527178.919680642895401 ], [ 4391305.501185980625451, 6527133.492555379867554 ], [ 4391305.970578410662711, 6527081.87959271389991 ], [ 4391341.146809950470924, 6527091.710373393259943 ], [ 4391345.50882258079946, 6527072.057779134251177 ], [ 4391063.755311517044902, 6526991.820971593260765 ], [ 4391063.574783268384635, 6527012.591059083119035 ], [ 4391062.567558429203928, 6527128.474015506915748 ], [ 4391063.000157858245075, 6527234.50007473398 ], [ 4391062.998740118928254, 6527242.461959751322865 ], [ 4391056.35896051954478, 6527237.951256714761257 ], [ 4391047.851265368051827, 6527237.951256713829935 ], [ 4390976.9999636169523, 6527237.49987262673676 ], [ 4390942.50005273707211, 6527237.499872622080147 ], [ 4390942.471180367283523, 6527278.467823156155646 ], [ 4390942.456750106066465, 6527346.79615774564445 ], [ 4390942.455350955948234, 6527354.362687374465168 ], [ 4390941.999412688426673, 6527428.999675924889743 ] ] ] ] } },
{ "type": "Feature", "properties": { "id": 3545, "link": "140143609", "totalpobl": 653.0, "area_radio": 92006.908 }, "geometry": { "type": "MultiPolygon", "coordinates": [ [ [ [ 4389308.000065779313445, 6527845.999958422034979 ], [ 4389347.499782109633088, 6527899.999913282692432 ], [ 4389386.2958900090307, 6527951.216132817789912 ], [ 4389427.160457289777696, 6528006.510150916874409 ], [ 4389535.117977380752563, 6527926.457380626350641 ], [ 4389640.553463222458959, 6527848.242588757537305 ], [ 4389735.71647943276912, 6527777.681868488900363 ], [ 4389751.893060554750264, 6527765.26969497743994 ], [ 4389775.543053463101387, 6527759.157217768020928 ], [ 4389794.251209113746881, 6527758.127742667682469 ], [ 4389813.769095024093986, 6527759.81431548576802 ], [ 4389794.539494684897363, 6527733.985832989215851 ], [ 4389769.536057642661035, 6527700.401652156375349 ], [ 4389681.099058972671628, 6527581.605870679020882 ], [ 4389614.500185350887477, 6527615.499959752894938 ], [ 4389519.809822311624885, 6527686.889560165815055 ], [ 4389415.499837241135538, 6527767.500177869573236 ], [ 4389308.000065779313445, 6527845.999958422034979 ] ] ] ] } },
{ "type": "Feature", "properties": { "id": 3852, "link": "140140713", "totalpobl": 770.0, "area_radio": 83961.105 }, "geometry": { "type": "MultiPolygon", "coordinates": [ [ [ [ 4394747.725052156485617, 6522694.541837732307613 ], [ 4394533.362934553995728, 6522694.541837732307613 ], [ 4394532.843549438752234, 6522740.380857141688466 ], [ 4394532.188396507874131, 6522803.79608057346195 ], [ 4394491.5936039974913, 6522827.110345982015133 ], [ 4394498.523988917469978, 6522842.099148445762694 ], [ 4394503.010979797691107, 6522855.26166202314198 ], [ 4394549.782143417745829, 6522992.464097386226058 ], [ 4394558.298931048251688, 6523017.44795311242342 ], [ 4394577.857366617769003, 6523089.837170753628016 ], [ 4394586.35195117816329, 6523090.032171886414289 ], [ 4394642.709244919940829, 6523094.95603711437434 ], [ 4394741.132756331004202, 6523098.809348844923079 ], [ 4394743.03656102064997, 6523020.571554415859282 ], [ 4394744.900007571093738, 6522945.21956158708781 ], [ 4394744.796051341108978, 6522877.737639906816185 ], [ 4394747.355902580544353, 6522804.344336566515267 ], [ 4394746.705436430871487, 6522743.457761775702238 ], [ 4394747.725052156485617, 6522694.541837732307613 ] ] ] ] } },
{ "type": "Feature", "properties": { "id": 3856, "link": "140140701", "totalpobl": 1289.0, "area_radio": 200145.582 }, "geometry": { "type": "MultiPolygon", "coordinates": [ [ [ [ 4393288.740317003801465, 6527642.156895775347948 ], [ 4393295.423625213094056, 6527618.806985558010638 ], [ 4393299.413464483805001, 6527600.992974488064647 ], [ 4393284.350256213918328, 6527489.502258704043925 ], [ 4393262.741936253383756, 6527329.41267797537148 ], [ 4393229.597824322991073, 6527081.705819060094655 ], [ 4393226.927375222556293, 6527080.270379764027894 ], [ 4393224.183165383525193, 6527078.671324423514307 ], [ 4393220.785101862624288, 6527076.662735564634204 ], [ 4393217.708729892037809, 6527073.296513115055859 ], [ 4393217.00507914274931, 6527068.947370867244899 ], [ 4393216.42224395275116, 6527066.450921175070107 ], [ 4393216.672085083089769, 6527064.479734317399561 ], [ 4393147.01392509136349, 6527074.275402534753084 ], [ 4393081.981415051035583, 6527081.961402446962893 ], [ 4392999.587671410292387, 6527091.860264776274562 ], [ 4392943.294061809778214, 6527099.601477012038231 ], [ 4392883.335885918699205, 6527106.605284664779902 ], [ 4392869.786480658687651, 6527108.453023847192526 ], [ 4392837.821988347917795, 6527113.510963293723762 ], [ 4392840.252346698194742, 6527125.95349898096174 ], [ 4392862.236908628605306, 6527317.002692422829568 ], [ 4392867.689565658569336, 6527409.696877802722156 ], [ 4392869.115024818107486, 6527473.523191511631012 ], [ 4392869.274129878729582, 6527478.441539695486426 ], [ 4392869.784800147637725, 6527501.501832423731685 ], [ 4392870.249199219048023, 6527524.306947992183268 ], [ 4392903.996827718801796, 6527533.233087674714625 ], [ 4393043.461946091614664, 6527572.336978536099195 ], [ 4393109.33777332957834, 6527590.807555188424885 ], [ 4393150.738871490582824, 6527602.657549312338233 ], [ 4393288.740317003801465, 6527642.156895775347948 ] ] ] ] } },
{ "type": "Feature", "properties": { "id": 3608, "link": "140140702", "totalpobl": 843.0, "area_radio": 1300939.062 }, "geometry": { "type": "MultiPolygon", "coordinates": [ [ [ [ 4393284.350256213918328, 6527489.502258704043925 ], [ 4393338.446586684323847, 6527482.57182239741087 ], [ 4393391.983196305111051, 6527475.29539192840457 ], [ 4393445.344721965491772, 6527468.584753228351474 ], [ 4393499.000081805512309, 6527461.500172836706042 ], [ 4393508.763840396888554, 6527457.024125260300934 ], [ 4393548.088235625997186, 6527412.901094465516508 ], [ 4393589.815096735954285, 6527361.439347134903073 ], [ 4393641.914087537676096, 6527356.018291628919542 ], [ 4393695.61231576744467, 6527349.668196457438171 ], [ 4393718.483936817385256, 6527346.397301954217255 ], [ 4393748.537084578536451, 6527343.080337478779256 ], [ 4393803.323849990032613, 6527336.080684470944107 ], [ 4393855.420958521775901, 6527328.673279262147844 ], [ 4393872.012196690775454, 6527326.50121961068362 ], [ 4393888.417546590790153, 6527324.645208608359098 ], [ 4393982.696218451485038, 6527254.776366177946329 ], [ 4394078.550281322561204, 6527178.495801215991378 ], [ 4394158.121048192493618, 6527166.412721951492131 ], [ 4394244.835079194046557, 6527156.974059222266078 ], [ 4394240.388045473955572, 6527109.017484803684056 ], [ 4394236.180534314364195, 6527073.081855069845915 ], [ 4394218.151082755066454, 6526929.399156539700925 ], [ 4394200.712690765038133, 6526779.96528038289398 ], [ 4394186.207299213856459, 6526659.997449423186481 ], [ 4394181.056100054644048, 6526609.560827862471342 ], [ 4394178.373943763785064, 6526583.299194828607142 ], [ 4394171.798465183004737, 6526534.092422740533948 ], [ 4394172.359617271460593, 6526474.018745510838926 ], [ 4394173.155335632152855, 6526465.007313195616007 ], [ 4394083.131660812534392, 6526448.738331101834774 ], [ 4393962.519158522598445, 6526423.099106831476092 ], [ 4393907.543592650443316, 6526411.107659141533077 ], [ 4393795.312119719572365, 6526388.191889120265841 ], [ 4393694.644879347644746, 6526375.381081539206207 ], [ 4393560.526199665851891, 6526363.081923318095505 ], [ 4393482.992978205904365, 6526355.971852149814367 ], [ 4393362.877391413785517, 6526341.496193666942418 ], [ 4393222.699490482918918, 6526322.845175274647772 ], [ 4393214.646458443254232, 6526321.800959668122232 ], [ 4393189.875030872412026, 6526318.588913436979055 ], [ 4393158.429733883589506, 6526315.864215281791985 ], [ 4393082.952090251259506, 6526322.597785887308419 ], [ 4393040.854678640142083, 6526315.04639795422554 ], [ 4393034.946834151633084, 6526313.048240136355162 ], [ 4393032.028542900457978, 6526311.949750146828592 ], [ 4393029.135851420462132, 6526310.785594783723354 ], [ 4393026.269708298146725, 6526309.556248337030411 ], [ 4393023.43243755120784, 6526308.263109956867993 ], [ 4393020.624964032322168, 6526306.905705356970429 ], [ 4393017.848686910234392, 6526305.485433674417436 ], [ 4393015.105017180554569, 6526304.003231656737626 ], [ 4393012.395792729221284, 6526302.459099283441901 ], [ 4393009.722436418756843, 6526300.854435726068914 ], [ 4393007.085398830473423, 6526299.189691545441747 ], [ 4393004.486541539430618, 6526297.465815323404968 ], [ 4393001.927726130001247, 6526295.684194356203079 ], [ 4392999.409426910802722, 6526293.844840504229069 ], [ 4392996.933505438268185, 6526291.949129219166934 ], [ 4392994.500898470170796, 6526289.998009046539664 ], [ 4392992.112981420010328, 6526287.992867314256728 ], [ 4392989.770714730024338, 6526285.93417829554528 ], [ 4392987.475461978465319, 6526283.82287872582674 ], [ 4392947.751525310799479, 6526241.635126824490726 ], [ 4392913.153483930043876, 6526201.0719586443156 ], [ 4392906.617255088873208, 6526191.501083942130208 ], [ 4392890.883459028787911, 6526168.462387733161449 ], [ 4392870.151056868955493, 6526129.430664673447609 ], [ 4392866.135188637301326, 6526121.64597375318408 ], [ 4392864.57290283869952, 6526117.692510164342821 ], [ 4392863.078132148832083, 6526113.712960654869676 ], [ 4392861.651338997296989, 6526109.708748093806207 ], [ 4392860.293934387154877, 6526105.680311193689704 ], [ 4392859.004981618374586, 6526101.62952340580523 ], [ 4392857.785891679115593, 6526097.557309593074024 ], [ 4392856.63616656884551, 6526093.464618324302137 ], [ 4392855.556766738183796, 6526089.353287481702864 ], [ 4392854.548142748884857, 6526085.223803223110735 ], [ 4392853.609832176938653, 6526081.077552815899253 ], [ 4392852.742771748453379, 6526076.915947292931378 ], [ 4392851.946961438283324, 6526072.74036209564656 ], [ 4392851.222389418631792, 6526068.551733924075961 ], [ 4392850.569529968313873, 6526064.350999524816871 ], [ 4392849.988857368938625, 6526060.140032325871289 ], [ 4392849.480347909033298, 6526055.919745333492756 ], [ 4392849.043562878854573, 6526051.691075284965336 ], [ 4392848.679877719841897, 6526047.455883742310107 ], [ 4392848.387905118055642, 6526043.21510745305568 ], [ 4392848.169044238515198, 6526038.969671263359487 ], [ 4392848.022370228543878, 6526034.721448624506593 ], [ 4392847.948321778327227, 6526030.471352541819215 ], [ 4392847.947396917268634, 6526026.22033160366118 ], [ 4392848.01863519847393, 6526021.970235523767769 ], [ 4392848.162997048348188, 6526017.721550451591611 ], [ 4392848.379522048868239, 6526013.476114264689386 ], [ 4392847.910141478292644, 6525991.474667638540268 ], [ 4392855.532198548316956, 6525949.375275865197182 ], [ 4392841.149560087360442, 6525988.591521235182881 ], [ 4392819.973139987327158, 6526065.542284233495593 ], [ 4392803.990011716261506, 6526139.422117793001235 ], [ 4392793.597499427385628, 6526193.388303227722645 ], [ 4392772.582444466650486, 6526339.55088354088366 ], [ 4392770.676488517783582, 6526354.073354395106435 ], [ 4392762.812796956859529, 6526549.12540197558701 ], [ 4392762.290860978886485, 6526574.904831792227924 ], [ 4392764.960268828086555, 6526668.179002052173018 ], [ 4392770.243965866975486, 6526730.199989610351622 ], [ 4392770.324921447783709, 6526731.150260795839131 ], [ 4392792.592164948582649, 6526880.22255792375654 ], [ 4392793.324854127131402, 6526885.127684981562197 ], [ 4392806.591311597265303, 6526953.621451751329005 ], [ 4392837.821988347917795, 6527113.510963293723762 ], [ 4392869.786480658687651, 6527108.453023847192526 ], [ 4392883.335885918699205, 6527106.605284664779902 ], [ 4392943.294061809778214, 6527099.601477012038231 ], [ 4392999.587671410292387, 6527091.860264776274562 ], [ 4393081.981415051035583, 6527081.961402446962893 ], [ 4393147.01392509136349, 6527074.275402534753084 ], [ 4393216.672085083089769, 6527064.479734317399561 ], [ 4393216.42224395275116, 6527066.450921175070107 ], [ 4393217.00507914274931, 6527068.947370867244899 ], [ 4393217.708729892037809, 6527073.296513115055859 ], [ 4393220.785101862624288, 6527076.662735564634204 ], [ 4393224.183165383525193, 6527078.671324423514307 ], [ 4393226.927375222556293, 6527080.270379764027894 ], [ 4393229.597824322991073, 6527081.705819060094655 ], [ 4393262.741936253383756, 6527329.41267797537148 ], [ 4393284.350256213918328, 6527489.502258704043925 ] ] ] ] } },
{ "type": "Feature", "properties": { "id": 3612, "link": "140140707", "totalpobl": 600.0, "area_radio": 239166.922 }, "geometry": { "type": "MultiPolygon", "coordinates": [ [ [ [ 4399138.599372729659081, 6528633.880073027685285 ], [ 4399397.434667304158211, 6528633.880073027685285 ], [ 4399397.520077938213944, 6528630.335595154203475 ], [ 4399399.393676528707147, 6528552.582644194364548 ], [ 4399399.180072349496186, 6528452.879524062387645 ], [ 4399400.799775089137256, 6528368.033102645538747 ], [ 4399401.146742788143456, 6528276.20263356436044 ], [ 4399403.794586578384042, 6528169.161634894087911 ], [ 4399401.779091018252075, 6528055.325780253857374 ], [ 4399401.272399958223104, 6528014.302892315201461 ], [ 4399297.864397186785936, 6527978.77519762236625 ], [ 4399277.895440607331693, 6527971.214267613366246 ], [ 4399156.32730848621577, 6527930.706440033391118 ], [ 4399076.042691773734987, 6527902.926539801061153 ], [ 4399005.656316733919084, 6527878.623489182442427 ], [ 4398961.715859303250909, 6527863.702485291287303 ], [ 4398964.034899222664535, 6527874.403032480739057 ], [ 4399067.805535834282637, 6528353.22299004253 ], [ 4399068.775969184935093, 6528356.700920003466308 ], [ 4399069.746402534656227, 6528360.178849960677326 ], [ 4399110.916342445649207, 6528519.177790613844991 ], [ 4399111.775983074679971, 6528522.873525522649288 ], [ 4399112.635623693466187, 6528526.569260427728295 ], [ 4399138.599372729659081, 6528633.880073027685285 ] ] ] ] } },
{ "type": "Feature", "properties": { "id": 3615, "link": "140140515", "totalpobl": 64.0, "area_radio": 5056.056 }, "geometry": { "type": "MultiPolygon", "coordinates": [ [ [ [ 4392210.691513183526695, 6528633.880073027685285 ], [ 4392430.000994781963527, 6528633.880073024891317 ], [ 4392373.658330352976918, 6528622.513555430807173 ], [ 4392337.670640703290701, 6528614.744533931836486 ], [ 4392332.861752471886575, 6528613.706391267478466 ], [ 4392313.801304072141647, 6528609.498108500614762 ], [ 4392265.884751580655575, 6528598.772166022099555 ], [ 4392252.476829463616014, 6528596.018691197969019 ], [ 4392210.85895602311939, 6528587.471970402635634 ], [ 4392210.691513183526695, 6528633.880073027685285 ] ] ] ] } },
{ "type": "Feature", "properties": { "id": 3632, "link": "140140708", "totalpobl": 1326.0, "area_radio": 917454.615 }, "geometry": { "type": "MultiPolygon", "coordinates": [ [ [ [ 4399156.32730848621577, 6527930.706440033391118 ], [ 4399277.895440607331693, 6527971.214267613366246 ], [ 4399297.864397186785936, 6527978.77519762236625 ], [ 4399401.272399958223104, 6528014.302892315201461 ], [ 4399404.231322398409247, 6527925.980079484172165 ], [ 4399405.412601849995553, 6527823.369218343868852 ], [ 4399406.212288378737867, 6527712.283606563694775 ], [ 4399408.241646498441696, 6527595.671829217113554 ], [ 4399407.98821181897074, 6527579.22745150141418 ], [ 4399409.354742098599672, 6527406.395653903484344 ], [ 4399409.088568268343806, 6527296.92777831479907 ], [ 4399411.889410219155252, 6527128.172090222127736 ], [ 4399411.898723239079118, 6527127.369401251897216 ], [ 4399413.283247089013457, 6527008.037314102984965 ], [ 4399413.339588530361652, 6526902.064716403372586 ], [ 4399414.099965490400791, 6526784.826600178144872 ], [ 4399415.59462502785027, 6526675.866588900797069 ], [ 4399415.702266507782042, 6526556.698057664558291 ], [ 4399416.124816308729351, 6526451.370857213623822 ], [ 4399417.25550701841712, 6526270.822526252828538 ], [ 4399418.999858748167753, 6526093.025211575441062 ], [ 4399419.440592699684203, 6525908.561277775093913 ], [ 4399419.456476879306138, 6525901.913142446428537 ], [ 4399370.054241728037596, 6525742.614439961500466 ], [ 4399340.629894818179309, 6525647.951545341871679 ], [ 4399316.189891718327999, 6525572.08119435235858 ], [ 4399261.022765605710447, 6525407.265901495702565 ], [ 4399201.709816145710647, 6525427.400590954348445 ], [ 4399149.499922156333923, 6525443.500178813003004 ], [ 4399100.000132494606078, 6525459.499836071394384 ], [ 4399038.212726004421711, 6525478.770024260506034 ], [ 4399062.657722295261919, 6525557.51435574144125 ], [ 4399089.135033974424005, 6525646.015955183655024 ], [ 4399034.39483093470335, 6525662.503272542729974 ], [ 4398980.385097304359078, 6525678.577929790131748 ], [ 4398943.743272881954908, 6525689.691978138871491 ], [ 4398925.930620991624892, 6525695.185108009725809 ], [ 4398871.876733281649649, 6525712.965884590521455 ], [ 4398807.452886641025543, 6525734.062384857796133 ], [ 4398767.354951941408217, 6525745.89531949814409 ], [ 4398706.93364922888577, 6525763.620399998500943 ], [ 4398607.473970588296652, 6525795.579856769181788 ], [ 4398625.34688285831362, 6525850.395564397796988 ], [ 4398640.458565639331937, 6525894.550618800334632 ], [ 4398643.557416329160333, 6525905.803426840342581 ], [ 4398659.96783730853349, 6525961.230786981061101 ], [ 4398758.488263390026987, 6525931.468712420202792 ], [ 4398831.355490661226213, 6525909.208658890798688 ], [ 4398888.112313262186944, 6525893.499873762950301 ], [ 4398935.999809804372489, 6525988.499900401569903 ], [ 4398967.415523753501475, 6526056.734606778249145 ], [ 4399014.055743773467839, 6526153.719522050581872 ], [ 4399042.524075085297227, 6526213.910861311480403 ], [ 4398990.342358683235943, 6526231.237036791630089 ], [ 4399017.000198592431843, 6526315.499830582179129 ], [ 4399040.514759614132345, 6526393.499959041364491 ], [ 4398939.220488373190165, 6526421.570036638528109 ], [ 4398926.535947012715042, 6526427.821686870418489 ], [ 4398975.632941983640194, 6526561.241718992590904 ], [ 4399011.518432042561471, 6526664.179318992421031 ], [ 4399048.107168223708868, 6526767.028826203197241 ], [ 4399085.425163732841611, 6526870.178092801012099 ], [ 4399121.669683465734124, 6526973.037778011523187 ], [ 4399149.556543125770986, 6527067.59820088557899 ], [ 4399166.245011964812875, 6527118.37950140889734 ], [ 4399185.974661055952311, 6527182.497872394509614 ], [ 4399226.717739775776863, 6527302.212817212566733 ], [ 4399263.69027790799737, 6527424.170437563210726 ], [ 4399163.753711257129908, 6527437.423615521751344 ], [ 4399086.671999473124743, 6527445.67615027166903 ], [ 4399055.024135635234416, 6527453.640297799371183 ], [ 4399054.972452144138515, 6527467.129290113225579 ], [ 4399078.888943354599178, 6527578.813433962874115 ], [ 4399097.073139083571732, 6527665.996614679694176 ], [ 4399120.695617725141346, 6527774.597619271837175 ], [ 4399145.499895194545388, 6527883.000015161000192 ], [ 4399156.32730848621577, 6527930.706440033391118 ] ] ] ] } },
{ "type": "Feature", "properties": { "id": 3780, "link": "140145307", "totalpobl": 596.0, "area_radio": 63240.05 }, "geometry": { "type": "MultiPolygon", "coordinates": [ [ [ [ 4389698.499897752888501, 6524719.000129327178001 ], [ 4389800.890433332882822, 6524752.678037267178297 ], [ 4389812.625089964829385, 6524756.576672996394336 ], [ 4389889.772125814110041, 6524781.836002146825194 ], [ 4389964.409375576302409, 6524806.273810911923647 ], [ 4389965.730421544983983, 6524802.722515260800719 ], [ 4389983.437818526290357, 6524755.239141781814396 ], [ 4390003.969426295720041, 6524692.310008329339325 ], [ 4390022.832131525501609, 6524637.256090020760894 ], [ 4390039.980424134992063, 6524585.354597500525415 ], [ 4389964.500060086138546, 6524559.499959980137646 ], [ 4389884.499912215396762, 6524531.999873946420848 ], [ 4389838.58431622479111, 6524516.87844663951546 ], [ 4389778.447885634377599, 6524555.315529268234968 ], [ 4389745.605604591779411, 6524576.376222749240696 ], [ 4389736.052454233169556, 6524603.56095370836556 ], [ 4389717.000151382759213, 6524663.000166917219758 ], [ 4389698.499897752888501, 6524719.000129327178001 ] ] ] ] } },
{ "type": "Feature", "properties": { "id": 3781, "link": "140145205", "totalpobl": 456.0, "area_radio": 60538.975 }, "geometry": { "type": "MultiPolygon", "coordinates": [ [ [ [ 4390312.001633511856198, 6525254.796206159517169 ], [ 4390384.326881000772119, 6525278.803165161982179 ], [ 4390458.091734961606562, 6525301.627179182134569 ], [ 4390477.401351921260357, 6525236.342626333236694 ], [ 4390537.295537123456597, 6525254.760363342240453 ], [ 4390549.81957674305886, 6525247.877905601635575 ], [ 4390568.828049732372165, 6525199.229870560579002 ], [ 4390588.36582407169044, 6525141.890448120422661 ], [ 4390639.584150322712958, 6525158.130407653748989 ], [ 4390616.208395532332361, 6525117.055567860603333 ], [ 4390601.575374183245003, 6525101.439608531072736 ], [ 4390591.909217122942209, 6525091.622059052810073 ], [ 4390551.33649037219584, 6525053.812113421037793 ], [ 4390540.083121923729777, 6525044.880300373770297 ], [ 4390479.068327969871461, 6524993.4464943818748 ], [ 4390465.36746702156961, 6524975.101993212476373 ], [ 4390410.017458620481193, 6524955.203126423060894 ], [ 4390389.151503731496632, 6525016.499954069964588 ], [ 4390371.733907209709287, 6525070.656906182877719 ], [ 4390352.545488860458136, 6525129.500107942149043 ], [ 4390332.886216979473829, 6525189.122089722193778 ], [ 4390312.001633511856198, 6525254.796206159517169 ] ] ] ] } },
{ "type": "Feature", "properties": { "id": 4484, "link": "141470206", "totalpobl": 0.0, "area_radio": 169592.727 }, "geometry": { "type": "MultiPolygon", "coordinates": [ [ [ [ 4399635.16936774738133, 6523718.659032869152725 ], [ 4399635.16936774738133, 6522694.541837732307613 ], [ 4399464.864928215742111, 6522694.541837732307613 ], [ 4399458.733464199118316, 6523331.588317515328526 ], [ 4399515.670795140787959, 6523659.535530496388674 ], [ 4399584.751338661648333, 6523819.164122275076807 ], [ 4399594.932358670048416, 6523796.255984746851027 ], [ 4399626.477009132504463, 6523725.277910784818232 ], [ 4399635.16936774738133, 6523718.659032869152725 ] ] ] ] } }
]
}
