yy-mm-dd,TP-EDAMCP_K,PP-ERA5_mm,WD-EDAMCP_ms,RD_ERA5-Jm2,CHLA_S2-ugL,TSI,CTSI
2020-01-01,298.0,0.0465661287307739,1.3888900000000002,2408588.0,,,
2020-01-02,295.25,0.0163763761520385,0.555556,2777348.0,,,
2020-01-03,297.5,0.0015784025890752,0.833334,3964360.0,75.39993710691823,73.00673118510942,5.0
2020-01-04,298.5,0.0008699289755895,1.3888900000000002,3879344.0,,,
2020-01-05,300.95,1.5379860401153564,1.666668,3796940.0,72.85510638297876,72.66991644797574,5.0
2020-01-06,295.15,0.0,1.3888900000000002,3944200.0,,,
2020-01-07,297.1,0.1036971807479858,1.3888900000000002,3372908.0,,,
2020-01-08,300.0,0.1523643732070922,1.3888900000000002,2819310.0,,,
2020-01-09,298.4,2.410516262054444,1.111112,2681984.0,,,
2020-01-10,297.15,0.1022368669509887,1.111112,2731756.0,,,
2020-01-11,299.05,2.6546120643615723,1.111112,3053348.0,,,
2020-01-12,298.85,0.5460977554321289,1.3888900000000002,2724624.0,,,
2020-01-13,300.6,1.2788474559783936,0.833334,3303412.0,,,
2020-01-14,301.65,7.056236267089844,1.111112,2229180.0,,,
2020-01-15,297.45,0.000852346420288,1.944446,3856536.0,,,
2020-01-16,295.1,0.0004351139068603,1.111112,3728768.0,,,
2020-01-17,297.05,0.0265508461743593,1.111112,3308436.0,,,
2020-01-18,297.85,0.1803338527679443,1.3888900000000002,2856430.0,73.53488272921109,72.76102450706279,5.0
2020-01-19,300.4,2.2631735801696777,1.111112,3226258.0,,,
2020-01-20,301.6,2.8208346366882324,1.111112,3375376.0,,,
2020-01-21,299.8,0.0994205474853515,1.666668,3276110.0,,,
2020-01-22,298.1,0.0008523463620804,1.3888900000000002,3897572.0,,,
2020-01-23,299.5,0.0,1.3888900000000002,3811098.0,84.15302816901402,74.08416804159029,5.0
2020-01-24,300.45,0.21381676197052,1.111112,3638858.0,,,
2020-01-25,301.55,1.271367073059082,1.111112,3103548.0,96.4136363636364,75.41843342361186,5.0
2020-01-26,298.75,0.1288987696170807,0.833334,3214478.0,,,
2020-01-27,297.7,1.3689696788787842,0.833334,3721746.0,,,
2020-01-28,297.85,5.276650428771973,1.3888900000000002,2188578.0,72.17517857142857,72.57793371896989,5.0
2020-01-29,294.45,0.11463463306427,1.111112,3419496.0,,,
2020-01-30,296.3,0.0580549277365207,1.111112,3900364.0,91.31445454545462,74.88537221505436,5.0
2020-01-31,298.2,0.0008491923799738,1.3888900000000002,3884846.0,,,
2020-02-01,299.45,0.2583712339401245,1.3888900000000002,3732094.0,,,
2020-02-02,300.5,0.0106275081634521,1.111112,3706876.0,78.07447368421055,73.34867561912166,5.0
2020-02-03,301.0,0.2371370792388916,1.3888900000000002,3663204.0,,,
2020-02-04,301.45,4.508674144744873,1.3888900000000002,2104096.0,81.40036585365851,73.75791551932298,5.0
2020-02-05,296.4,0.1865029335021972,1.3888900000000002,1400062.0,,,
2020-02-06,298.55,1.1480748653411863,1.111112,2053144.0,,,
2020-02-07,298.6,1.208957314491272,1.111112,1492280.0,,,
2020-02-08,296.85,3.132373094558716,1.111112,1205506.0,,,
2020-02-09,292.95,0.1893043518066406,1.111112,2829768.0,,,
2020-02-10,293.55,0.0455379486083984,1.111112,3152030.0,,,
2020-02-11,296.0,0.0008523463038727,1.111112,3661748.0,,,
2020-02-12,296.1,0.0151246786117553,1.3888900000000002,1989848.0,72.31860139860143,72.59740830669159,5.0
2020-02-13,298.55,0.5726069211959839,0.833334,2846408.0,,,
2020-02-14,297.45,0.004887580871582,1.111112,3348466.0,,,
2020-02-15,292.9,2.4952142238616943,0.277778,2545366.0,,,
2020-02-16,295.95,7.2523512840271,0.833334,3038934.0,,,
2020-02-17,301.65,0.1994669437408447,2.222224,3786560.0,,,
2020-02-18,297.1,0.0008672475814819,1.3888900000000002,3687706.0,,,
2020-02-19,296.85,0.0314414501190185,1.3888900000000002,2855032.0,64.00023255813957,71.39867869449594,5.0
2020-02-20,293.55,0.2308189868927002,1.3888900000000002,2404588.0,,,
2020-02-21,291.8,0.0008597968844696,0.833334,3602840.0,,,
2020-02-22,292.2,0.0008597968844696,1.111112,3237118.0,,,
2020-02-23,294.2,0.0094324350357055,1.111112,3690746.0,,,
2020-02-24,298.35,2.880632877349853,1.666668,3011360.0,56.62044776119409,70.19679154264404,5.0
2020-02-25,294.55,0.0008553265361115,1.3888900000000002,3654090.0,,,
2020-02-26,294.75,0.0175535678863525,1.111112,3478830.0,,,
2020-02-27,296.7,0.0633895397186279,1.111112,3628664.0,70.24032345013475,72.31136025713508,5.0
2020-02-28,297.6,0.0013262033462524,1.111112,3468010.0,,,
2020-02-29,298.15,0.0,1.111112,3613250.0,79.80214953271022,73.56338982221843,5.0
2020-03-01,296.45,0.0008523463038727,1.3888900000000002,3603070.0,,,
2020-03-02,296.5,0.000859797000885,1.3888900000000002,3397882.0,,,
2020-03-03,297.9,0.099077820777893,1.111112,3206208.0,140.08686915887844,79.08359732415177,5.0
2020-03-04,298.4,0.0,1.111112,3352905.0,,,
2020-03-05,298.8,0.0065714120864868,1.3888900000000002,3410061.0,83.70726027397262,74.03206526766311,5.0
2020-03-06,300.5,0.000852346420288,1.3888900000000002,3417579.0,,,
2020-03-07,300.55,0.1423092037439346,1.3888900000000002,3406399.0,,,
2020-03-08,301.2,1.697048544883728,1.3888900000000002,2631429.0,73.44708333333338,72.74930453625169,5.0
2020-03-09,301.5,0.9770169854164124,1.3888900000000002,2807559.0,,,
2020-03-10,300.85,7.511452674865723,1.111112,2449269.5,,,
2020-03-11,302.3,0.2498775720596313,1.944446,3120749.0,,,
2020-03-12,299.95,0.0541210174560546,1.111112,3268694.0,,,
2020-03-13,301.4,0.8622556924819946,1.111112,1917691.0,53.97866438356162,69.72805676056845,4.0
2020-03-14,293.8,1.7364025115966797,1.666668,942822.75,,,
2020-03-15,289.5,0.2065394073724746,0.833334,1140285.0,,,
2020-03-16,293.35,0.9006410837173462,0.833334,2124070.0,,,
2020-03-17,297.15,0.0193268060684204,1.3888900000000002,3286976.0,,,
2020-03-18,294.1,0.1011788845062255,0.833334,3279275.0,30.350344827586184,64.07964529437001,4.0
2020-03-19,295.95,0.0223517417907714,1.111112,3157255.0,,,
2020-03-20,296.25,0.0008672476396895,1.111112,3285722.0,39.20852941176468,66.59185318269516,4.0
2020-03-21,296.8,0.0,1.3888900000000002,3228216.0,,,
2020-03-22,296.15,0.000435113790445,1.3888900000000002,3164140.0,,,
2020-03-23,297.65,0.1027435064315795,1.111112,2807574.0,64.45351351351351,71.46791302615468,5.0
2020-03-24,298.65,4.010185718536377,1.111112,1110494.0,,,
2020-03-25,295.0,0.6906613707542419,1.3888900000000002,1975778.0,,,
2020-03-26,293.6,0.225067138671875,0.833334,2547404.0,,,
2020-03-27,294.4,0.0171810388565063,0.833334,2540536.0,,,
2020-03-28,295.75,0.0104531645774841,0.833334,3064534.0,,,
2020-03-29,296.5,0.1233220100402832,0.833334,2548360.0,,,
2020-03-30,296.55,0.2729296684265136,0.833334,1879924.0,48.36365384615386,68.65052355041381,4.0
2020-03-31,296.2,1.0994970798492432,0.555556,2052374.0,,,
2020-04-01,297.5,0.0806450843811035,0.833334,3158626.0,,,
2020-04-02,291.4643249511719,0.000426173210144,1.3964520692825315,3061222.0,43.885234375,67.69727936275751,4.0
2020-04-03,291.2071228027344,0.0008761882781982,0.7133815288543701,3016942.0,,,
2020-04-04,291.6007385253906,0.1100152730941772,0.938857078552246,2186486.0,32.72742647058826,64.8193740068246,4.0
2020-04-05,293.18511962890625,0.0351294875144958,0.8767511248588562,2790332.0,,,
2020-04-06,291.7921142578125,0.1539289802312851,1.171964406967163,2826492.0,,,
2020-04-07,288.14947509765625,0.0008523463038727,0.7245425581932068,2737454.0,,,
2020-04-08,288.8631286621094,0.0,0.7558406591415405,2922220.0,,,
2020-04-09,289.3399658203125,0.0008583070593886,0.6817107200622559,2912242.0,,,
2020-04-10,289.5688781738281,0.0,0.8254840970039368,2888908.0,,,
2020-04-11,289.6161193847656,0.0525712966918945,1.1099469661712646,2243890.0,,,
2020-04-12,290.90643310546875,1.6425549983978271,0.9501446485519408,2631528.0,,,
2020-04-13,290.61590576171875,0.0,0.9242557287216188,2881850.0,,,
2020-04-14,288.6942749023437,0.0008583068847656,0.6753770112991333,2809304.0,32.631511627906924,64.79058145573572,4.0
2020-04-15,290.0874938964844,0.0008583068847656,0.73517245054245,2769880.0,,,
2020-04-16,290.7084045410156,0.0008583068847656,0.984349012374878,2770854.0,,,
2020-04-17,291.2069702148437,0.0008672475814819,1.0796077251434326,2784764.0,35.484259259259254,65.61276502259341,4.0
2020-04-18,291.890380859375,0.0,1.2150553464889526,2755464.0,,,
2020-04-19,292.6631164550781,0.0008583068847656,1.1432534456253052,2718760.0,28.559444444444445,63.48299919040772,4.0
2020-04-20,293.6067810058594,0.0079751014709472,0.8993457555770874,2402054.0,,,
2020-04-21,293.6585693359375,0.0445451587438583,0.7428277730941772,1451148.0,,,
2020-04-22,293.17730712890625,0.0028610229492187,0.7579779028892517,2082682.0,,,
2020-04-23,294.3388061523437,0.0008583068847656,1.1623910665512085,2574960.0,,,
2020-04-24,296.8658142089844,0.1734886318445205,1.298168063163757,2001800.0,29.29572519083967,63.73270216913673,4.0
2020-04-25,293.9844055175781,0.8008331060409546,0.9847360253334044,620820.0,,,
2020-04-26,290.2694396972656,0.7800310850143433,0.8219802975654602,351680.0,,,
2020-04-27,291.2248229980469,0.604875385761261,0.5975343585014343,2249202.0,,,
2020-04-28,293.34930419921875,0.000852346420288,1.023427128791809,2544772.0,,,
2020-04-29,289.2964172363281,0.0008583068847656,0.6993371248245239,2442800.0,50.17260869565212,69.01075318816106,4.0
2020-04-30,289.2000427246094,0.0008583068847656,0.8687666654586792,2539340.0,,,
2020-05-01,289.78759765625,0.0008583068847656,0.8118505477905273,2441380.0,,,
2020-05-02,289.0570983886719,0.0158995389938354,0.8045617938041687,1783166.0,54.31209677419351,69.78846786219962,4.0
2020-05-03,289.59295654296875,0.0151938404887914,0.9793143272399902,2059396.0,,,
2020-05-04,291.0815734863281,0.0030323863029479,0.5965263843536377,2189882.0,,,
2020-05-05,288.4105224609375,0.0,1.3333643674850464,2542846.0,,,
2020-05-06,284.62274169921875,0.0,0.6060276031494141,2518452.0,,,
2020-05-07,284.7702941894531,0.0008285045623779,0.888607382774353,2463712.0,44.97929906542054,67.93884518259836,4.0
2020-05-08,286.8934936523437,0.0,1.2183669805526731,2441676.0,,,
2020-05-09,289.5793151855469,0.0008583068847656,1.047586441040039,2458046.0,,,
2020-05-10,291.2854309082031,7.450580596923828e-05,1.0619752407073977,2399488.0,,,
2020-05-11,292.2,0.0008597968844696,1.3888900000000002,2384488.0,,,
2020-05-12,290.35,0.0,0.833334,2366264.0,92.32344660194173,74.9931747070268,5.0
2020-05-13,287.15,0.0,1.111112,2349336.0,,,
2020-05-14,286.45,0.0008523463038727,1.3888900000000002,2308496.0,37.83374999999997,66.24170731741799,4.0
2020-05-15,291.55,0.0,1.111112,2333884.0,,,
2020-05-16,292.4,0.0008583068847656,1.111112,2326256.0,,,
2020-05-17,293.25,0.0,1.111112,2281092.0,29.85589473684208,63.91851035283145,4.0
2020-05-18,291.45,0.0,1.111112,2262016.0,,,
2020-05-19,292.4,0.0657588243484497,1.3888900000000002,1747376.0,30.56705882352935,64.14944384589958,4.0
2020-05-20,292.4,0.3499984741210937,1.111112,1008796.0,,,
2020-05-21,286.7,0.4133880138397217,1.944446,2131000.0,,,
2020-05-22,284.2,0.0,1.944446,2321584.0,,,
2020-05-23,282.6,0.0008583068847656,0.833334,2212772.0,,,
2020-05-24,289.6,0.0,0.833334,2231028.0,6.6720833333333776,49.218714440417045,3.0
2020-05-25,288.9,0.0008672475814819,0.833334,2210128.0,,,
2020-05-26,288.2,0.0008523463038727,1.666668,2219412.0,,,
2020-05-27,294.1,0.0008583068847656,1.3888900000000002,2136224.0,33.181393442622955,64.95451484016374,4.0
2020-05-28,291.45,0.0,0.833334,2142564.0,,,
2020-05-29,290.9,0.0590234845876693,0.833334,1345540.0,40.71198275862068,66.9609853894018,4.0
2020-05-30,284.1,0.0619143173098564,0.833334,2118350.0,,,
2020-05-31,284.05,0.0,1.111112,2125220.0,,,
2020-06-01,284.0,0.0008523463038727,0.833334,2160716.0,38.729512195121934,66.47126462363468,4.0
2020-06-02,285.55,0.0410258807241916,1.3888900000000002,1774034.0,,,
2020-06-03,279.5,0.1242011785507202,0.833334,1435956.0,,,
2020-06-04,284.65,0.0,0.555556,2106480.0,,,
2020-06-05,286.55,0.0008583068847656,1.111112,2181964.0,,,
2020-06-06,285.95,0.0,0.833334,2094108.0,30.043333333333308,63.97990609006104,4.0
2020-06-07,286.8,0.0,0.833334,2091780.0,,,
2020-06-08,289.0,0.0008523463038727,0.833334,1904560.0,33.06410714285715,64.91977799637098,4.0
2020-06-09,287.3,0.0011622905731201,0.555556,2070704.0,,,
2020-06-10,289.4,0.0281035900115966,0.833334,1837856.0,,,
2020-06-11,287.35,0.0004276633262634,1.666668,2045004.0,,,
2020-06-12,288.3,0.001436099410057,1.944446,2130328.0,,,
2020-06-13,282.65,0.0008523463038727,0.833334,2086272.0,31.823999999999984,64.54476528391496,4.0
2020-06-14,282.35,0.0008597968844696,1.111112,2104284.0,,,
2020-06-15,286.15,0.0155270099639892,1.944446,2044800.0,,,
2020-06-16,294.1,0.3319084644317627,1.944446,1145520.0,34.80083969465645,65.42198326848845,4.0
2020-06-17,292.3,0.0008523463038727,1.111112,2060932.0,,,
2020-06-18,287.25,0.000859797000885,0.833334,2081608.0,24.15564516129029,61.84012262842458,4.0
2020-06-19,289.45,1.366515789413825e-07,1.944446,1907880.0,,,
2020-06-20,289.85,0.000435113790445,1.111112,2016900.0,,,
2020-06-21,286.6,0.0,1.944446,1688992.0,43.11658227848101,67.52393417163947,4.0
2020-06-22,286.9,0.0002086162567138,1.3888900000000002,1959364.0,,,
2020-06-23,285.4,0.2746134996414184,1.3888900000000002,1148756.0,,,
2020-06-24,280.8,0.0799819827079773,1.3888900000000002,2127156.0,,,
2020-06-25,281.15,0.000426173210144,0.833334,1866676.0,,,
2020-06-26,281.25,0.0,1.111112,1966056.0,,,
2020-06-27,281.9,0.0008583068847656,0.833334,2092552.0,,,
2020-06-28,282.9,0.0008583068847656,0.833334,1845352.0,31.41307692307696,64.4172700763015,4.0
2020-06-29,283.25,0.0011734664440155,1.111112,2123936.0,,,
2020-06-30,283.95,0.3568530082702636,1.944446,1504528.0,,,
2020-07-01,280.1,0.0008523463038727,0.555556,2084704.0,,,
2020-07-02,282.55,0.000435113790445,0.833334,2108616.0,,,
2020-07-03,284.0,0.0161081552505493,2.7777800000000004,2116972.0,39.70345000000001,66.71490762052699,4.0
2020-07-04,283.35,0.0285618007183074,1.944446,1909008.0,,,
2020-07-05,281.55,0.0013113021850585,1.111112,2118476.0,,,
2020-07-06,276.9,0.6183981895446777,0.555556,1084132.0,,,
2020-07-07,281.8,0.0004172325134277,0.833334,2040744.0,,,
2020-07-08,280.25,0.0004381909093353,0.833334,2142504.0,,,
2020-07-09,279.75,2.980414137709886e-06,1.944446,2054504.0,,,
2020-07-10,288.1,0.0008523463038727,2.222224,2020090.0,,,
2020-07-11,284.25,0.0008597968844696,0.833334,2173076.0,,,
2020-07-12,282.7,0.0004291533550713,1.111112,2178264.0,,,
2020-07-13,280.45,0.0008672475814819,0.833334,2210232.0,,,
2020-07-14,282.95,0.0008583068847656,1.111112,2174446.0,,,
2020-07-15,283.1,0.0017225742340087,1.111112,2212378.0,,,
2020-07-16,286.5,0.0008523463038727,0.833334,2220382.0,28.20380165289252,63.360071004385844,4.0
2020-07-17,285.6,0.0,1.944446,2198704.0,,,
2020-07-18,291.7,0.0057518482208251,1.111112,2128586.0,33.93070422535213,65.17358247479862,4.0
2020-07-19,287.55,0.0918852165341377,1.111112,989026.0,,,
2020-07-20,283.85,0.1405421644449234,0.833334,657298.0,,,
2020-07-21,284.7,0.2272427082061767,0.833334,725682.0,,,
2020-07-22,285.95,0.4073530435562134,1.111112,895570.0,,,
2020-07-23,280.2,0.000426173210144,0.833334,2313808.0,,,
2020-07-24,281.35,0.0,1.111112,2354434.0,,,
2020-07-25,281.75,0.0,1.111112,2337032.0,,,
2020-07-26,289.3,0.0008583068847656,2.5000020000000003,2320406.0,43.30049450549451,67.56568938340976,4.0
2020-07-27,283.85,0.0240504741668701,1.3888900000000002,2368224.0,,,
2020-07-28,281.5,0.0004351139068603,0.833334,2408662.0,22.583783783783787,61.18004706814461,4.0
2020-07-29,281.55,0.0008592648082412,1.111112,2431262.0,,,
2020-07-30,283.5,0.000435113790445,2.222224,2435306.0,,,
2020-07-31,287.7,0.000435113790445,1.111112,2418146.0,33.69900662251657,65.10636461010102,4.0
2020-08-01,287.65,0.0,2.222224,2340550.0,,,
2020-08-02,293.75,0.0,1.666668,2360186.0,51.18875000000002,69.20744905494094,4.0
2020-08-03,293.1,0.0008583068847656,1.3888900000000002,2368384.0,,,
2020-08-04,294.6,0.0,1.3888900000000002,2428454.0,,,
2020-08-05,296.35,0.003814697265625,2.222224,1357550.0,41.49047619047618,67.14680097195055,4.0
2020-08-06,286.75,0.0,2.222224,2430046.0,,,
2020-08-07,284.4,0.0,1.111112,2449106.0,,,
2020-08-08,287.75,0.0008624316542409,0.833334,2486448.0,,,
2020-08-09,289.75,0.0,1.666668,2542186.0,,,
2020-08-10,288.3,0.000426173210144,2.222224,2363990.0,47.44530303030303,68.46245559270767,4.0
2020-08-11,282.4,0.0008523463038727,1.111112,2626822.0,,,
2020-08-12,282.7,0.0008604458998888,1.111112,2670986.0,54.792246696035264,69.87481274989614,4.0
2020-08-13,284.55,0.0008523463038727,1.111112,2660656.0,,,
2020-08-14,285.4,0.0,2.222224,2665198.0,,,
2020-08-15,283.7,0.0,0.833334,2690752.0,54.81782608695649,69.87939141357404,4.0
2020-08-16,284.1,0.0,1.666668,2721244.0,,,
2020-08-17,286.85,0.1288354396820068,0.833334,2674388.0,38.94666666666666,66.52611518263254,4.0
2020-08-18,285.85,0.2588927149772644,2.222224,1306964.0,,,
2020-08-19,278.65,0.0034918775781989,1.944446,2822866.0,,,
2020-08-20,278.6,0.0008523463038727,1.111112,2826822.0,24.37757575757569,61.929840734219496,4.0
2020-08-21,282.6,0.0008583068847656,1.3888900000000002,2872682.0,,,
2020-08-22,286.0,0.0008523463038727,1.666668,2814648.0,,,
2020-08-23,284.45,0.0088512897491455,1.3888900000000002,2765344.0,,,
2020-08-24,289.15,0.0120103359222412,1.3888900000000002,2455648.0,,,
2020-08-25,293.15,1.076240062713623,1.111112,2391616.0,45.18384754990927,67.98335614191396,4.0
2020-08-26,290.5,0.0,1.3888900000000002,2750720.0,,,
2020-08-27,286.55,0.0008523463038727,1.111112,2854656.0,78.60016806722686,73.41450734776596,5.0
2020-08-28,288.05,0.7247626781463623,0.833334,1464734.0,,,
2020-08-29,284.7,0.0019967555999755,1.944446,2575976.0,,,
2020-08-30,286.05,0.0129640102386474,1.3888900000000002,1230844.0,,,
2020-08-31,284.85,0.7373839616775513,0.833334,764250.0,,,
2020-09-01,280.3,0.626102089881897,1.3888900000000002,2590822.0,,,
2020-09-02,283.25,0.0,0.833334,2957518.0,,,
2020-09-03,284.6,0.0008597968844696,1.3888900000000002,2854672.0,,,
2020-09-04,287.15,0.2322048246860504,1.3888900000000002,2459072.0,,,
2020-09-05,289.6,0.045031301677227,1.111112,2253110.0,,,
2020-09-06,285.05,0.0662505626678466,1.666668,2456130.0,,,
2020-09-07,289.35,0.000435113790445,0.833334,2878584.0,,,
2020-09-08,288.05,0.035502016544342,1.111112,2996936.0,,,
2020-09-09,291.5,0.000435113790445,1.3888900000000002,3014046.0,44.70023584905663,67.87779181091307,4.0
2020-09-10,292.15,0.1301765441894531,1.666668,1836662.0,,,
2020-09-11,289.35,0.0,2.222224,3020804.0,,,
2020-09-12,290.95,0.0,1.111112,3103696.0,,,
2020-09-13,288.4,0.0008597968844696,1.944446,3185446.0,,,
2020-09-14,286.95,0.0008523463038727,1.111112,3175976.0,42.508,67.38448139933752,4.0
2020-09-15,288.6,0.0,1.666668,3193782.0,,,
2020-09-16,289.45,0.000435113790445,1.3888900000000002,3204826.0,41.88563106796119,67.23978920324623,4.0
2020-09-17,292.55,0.0008597043924964,1.111112,3241870.0,,,
2020-09-18,291.15,0.0,1.666668,3295956.0,,,
2020-09-19,287.05,0.0017225742340087,1.944446,3307170.0,55.20656779661017,69.94871371395391,4.0
2020-09-20,286.0,0.000435113790445,1.111112,3338154.0,,,
2020-09-21,287.75,0.000426173210144,1.3888900000000002,3327766.0,45.42181818181821,68.03488707539651,4.0
2020-09-22,289.9,0.0,1.3888900000000002,3250908.0,,,
2020-09-23,292.6,0.0,1.111112,3185597.0,,,
2020-09-24,294.2,0.1420378684997558,0.833334,2056886.0,,,
2020-09-25,298.95,0.6219595670700073,1.3888900000000002,2739661.5,,,
2020-09-26,292.4,0.0019893050193786,2.5000020000000003,3136262.0,,,
2020-09-27,290.8,0.0,1.944446,3434132.0,,,
2020-09-28,289.9,0.0008583068847656,1.111112,3425568.0,,,
2020-09-29,294.5,0.001460313796997,1.3888900000000002,3295998.0,60.08992233009708,70.78021145015535,5.0
2020-09-30,297.4,0.0,1.666668,3019128.0,,,
2020-10-01,291.0,0.0,1.944446,3453434.0,41.83675392670157,67.22833504292196,4.0
2020-10-02,287.2,0.0990331172943115,1.944446,2316847.0,,,
2020-10-03,285.85,0.1345910131931305,1.666668,3194435.0,,,
2020-10-04,286.65,0.0024698674678802,1.3888900000000002,3481740.0,,,
2020-10-05,287.3,0.0008597968844696,0.833334,3374336.0,,,
2020-10-06,291.05,0.0,1.111112,3466487.0,50.909295154185024,69.15374657945263,4.0
2020-10-07,291.6,0.0031888484954833,1.666668,3492234.0,,,
2020-10-08,293.3,0.0004276632098481,1.111112,3530598.0,,,
2020-10-09,293.8,0.0,1.111112,3562024.0,46.60767441860465,68.28771675588024,4.0
2020-10-10,294.6,0.000426173210144,1.666668,3593436.0,,,
2020-10-11,293.9,0.000870227755513,1.3888900000000002,3609920.0,66.12526315789478,71.7191140334645,5.0
2020-10-12,292.1,0.0004276632098481,1.111112,3567762.0,,,
2020-10-13,293.25,0.6929934024810791,1.111112,2775304.0,,,
2020-10-14,293.75,0.292062759399414,0.833334,3111972.0,,,
2020-10-15,293.7,0.000435113790445,1.111112,3540114.0,,,
2020-10-16,293.8,0.009283423423767,0.833334,3472742.0,40.55133720930233,66.92219950439672,4.0
2020-10-17,299.2,0.0005960464477539,0.833334,3552790.0,,,
2020-10-18,302.4,0.1279115676879882,1.3888900000000002,2525858.0,,,
2020-10-19,296.5,2.4920477867126465,2.222224,899984.0,62.4135972850679,71.1524127686682,5.0
2020-10-20,288.05,0.2689287066459656,1.3888900000000002,855368.0,,,
2020-10-21,285.9,0.3015100955963135,0.833334,1481260.0,,,
2020-10-22,290.45,0.0810325145721435,0.833334,2099928.0,,,
2020-10-23,292.9,0.3665238618850708,0.833334,3126564.0,,,
2020-10-24,297.4,2.23425030708313,0.833334,2464236.0,,,
2020-10-25,292.05,0.0004276632098481,1.944446,3849994.0,,,
2020-10-26,292.2,0.0,0.833334,3795424.0,20.85585106382981,60.399194792657795,4.0
2020-10-27,294.4,0.5237013101577759,1.666668,2771398.0,,,
2020-10-28,289.95,0.0008583068847656,1.666668,3711904.0,,,
2020-10-29,287.2,0.16823410987854,1.3888900000000002,3330734.0,63.652251308900496,71.34519435314199,5.0
2020-10-30,290.2,0.0008523463038727,1.111112,3873702.0,,,
2020-10-31,291.15,0.0,1.111112,3861254.0,63.63318181818182,71.34225494836087,5.0
2020-11-01,292.25,0.2018213272094726,1.111112,3811296.0,,,
2020-11-02,293.45,0.000435113790445,1.111112,3809934.0,,,
2020-11-03,294.8,0.0008597968844696,1.3888900000000002,3706972.0,70.42630952380952,72.33730136921484,5.0
2020-11-04,294.7,1.78813479578821e-05,1.3888900000000002,3797622.0,,,
2020-11-05,295.15,0.0008583069429732,1.3888900000000002,3791982.0,67.85456066945605,71.97236635544758,5.0
2020-11-06,296.35,0.0008612872334197,1.3888900000000002,3770496.0,,,
2020-11-07,297.15,0.9943842887878418,1.111112,2317590.0,,,
2020-11-08,292.55,0.5028098821640015,0.833334,2176116.0,,,
2020-11-09,293.6,3.923625230789185,0.555556,3312740.0,,,
2020-11-10,295.85,1.9150525331497192,0.555556,2812394.0,,,
2020-11-11,295.29999999999995,0.0578612089157104,0.277778,3491138.0,,,
2020-11-12,296.975,0.0413060188293457,0.555556,3146992.0,,,
2020-11-13,298.475,7.4098219871521,0.555556,1866632.0,73.92404761904763,72.81280457116394,5.0
2020-11-14,292.8,0.4290863871574402,0.6944450000000001,3241904.0,,,
2020-11-15,294.125,1.1686980724334717,0.555556,3663078.0,60.78765624999995,70.89346397979405,5.0
2020-11-16,296.15,0.443928062915802,0.555556,2283264.0,,,
2020-11-17,291.575,0.5873441696166992,0.555556,3127172.0,,,
2020-11-18,294.925,0.1366287469863891,0.416667,3706052.0,,,
2020-11-19,293.575,0.9979456663131714,0.416667,3694964.0,,,
2020-11-20,294.675,0.0630468130111694,0.555556,3306816.0,55.66141509433965,70.02920723261903,5.0
2020-11-21,296.2,0.0,0.6944450000000001,3848434.0,,,
2020-11-22,297.17499999999995,0.0,0.6944450000000001,3874096.0,,,
2020-11-23,294.3,0.8012800812721252,0.833334,3596656.0,67.48970588235292,71.9194755426649,5.0
2020-11-24,297.2,0.3773495554924011,0.6944450000000001,3125480.0,,,
2020-11-25,299.675,0.2257823944091797,0.6944450000000001,3511108.0,74.63078621908127,72.90614596967389,5.0
2020-11-26,295.525,0.0042617321014404,0.555556,3553878.0,,,
2020-11-27,295.1,0.5223453044891357,0.555556,3375260.0,,,
2020-11-28,301.2,1.6126930713653564,0.416667,3733204.0,,,
2020-11-29,298.35,1.500457525253296,0.555556,2907370.0,,,
2020-11-30,295.875,0.0682771205902099,0.555556,2765338.0,,,
2020-12-01,298.15,4.671483993530273,0.416667,3046004.0,,,
2020-12-02,296.225,0.4302561283111572,0.833334,3958254.0,,,
2020-12-03,295.375,2.4266419410705566,0.555556,1267072.0,74.21160869565216,72.85089098162132,5.0
2020-12-04,290.925,0.0,0.555556,3714868.0,,,
2020-12-05,291.05,0.0064373016357421,0.555556,3926436.0,,,
2020-12-06,293.375,0.0,0.555556,3964408.0,,,
2020-12-07,295.0,0.1364946365356445,0.555556,3864684.0,,,
2020-12-08,297.625,1.0469555854797363,0.555556,3889244.0,70.88226703755217,72.40060904440415,5.0
2020-12-09,299.65,0.0,0.416667,3946736.0,,,
2020-12-10,293.675,0.0044405455701053,0.555556,3880560.0,65.6566666666667,71.64934800469514,5.0
2020-12-11,296.9776306152344,0.0,1.6348626613616943,3881092.0,,,
2020-12-12,297.3004455566406,1.0640472173690796,0.9620661735534668,3374756.0,,,
2020-12-13,294.24835205078125,0.0008523463038727,1.4842395782470703,4030532.0,,,
2020-12-14,295.6902770996094,0.0,1.3493106365203855,3987944.0,,,
2020-12-15,295.68963623046875,0.0133539270609617,1.5400110483169556,3872668.0,68.89710247349822,72.12194454711715,5.0
2020-12-16,296.34234619140625,0.1262873411178589,0.9165537357330322,3361340.0,,,
2020-12-17,305.05,0.9776949882507324,1.3888900000000002,3689920.0,,,
2020-12-18,299.05,3.5736019611358643,1.666668,4063244.0,,,
2020-12-19,295.05,0.2183914184570312,1.111112,3548824.0,,,
2020-12-20,293.6,0.0008583068847656,0.833334,3964632.0,,,
2020-12-21,296.4,0.0,1.111112,3980728.0,,,
2020-12-22,297.95,0.0008523463038727,1.111112,3969616.0,,,
2020-12-23,299.4,0.3098547458648681,1.111112,3817216.0,73.64527397260272,72.77574032643699,5.0
2020-12-24,300.5,1.8466291427612305,1.3888900000000002,3174548.0,,,
2020-12-25,298.85,0.0086307525634765,1.111112,3761804.0,101.9462025316455,75.96580788274099,5.0
2020-12-26,299.75,0.1705586910247802,0.833334,3519248.0,,,
2020-12-27,300.1,4.007071495056152,0.833334,3012016.0,,,
2020-12-28,296.9,0.027678906917572,0.833334,3745328.0,,,
2020-12-29,298.4,0.9919852018356324,0.833334,3225108.0,,,
2020-12-30,293.55,0.000435113790445,1.666668,4000652.0,,,
2020-12-31,295.4,0.0,0.833334,3818540.0,,,
2021-01-01,297.55,0.0,1.111112,3499544.0,,,
2021-01-02,299.25,2.244546890258789,1.111112,1093928.0,,,
2021-01-03,296.4,0.4498512148857116,0.555556,3096052.0,,,
2021-01-04,297.7,1.6977860927581787,1.111112,3033052.0,53.78555555555553,69.69289853028533,4.0
2021-01-05,293.9,3.705799579620361,1.666668,2870288.0,,,
2021-01-06,295.9,0.0034868717193603,0.833334,3978704.0,,,
2021-01-07,295.8,0.217527151107788,1.111112,2936616.0,95.46347826086952,75.32127616547885,5.0
2021-01-08,296.5,3.5767927169799805,1.3888900000000002,3151300.0,,,
2021-01-09,297.35,0.4531964659690857,1.111112,2963594.0,66.36488636363637,71.75459902944237,5.0
2021-01-10,299.25,2.6445837020874023,1.111112,2714208.0,,,
2021-01-11,295.45,0.5335919857025146,1.3888900000000002,3549772.0,,,
2021-01-12,295.35,0.3897473216056824,1.3888900000000002,1481224.0,,,
2021-01-13,296.6,0.5885735154151917,0.833334,2052742.0,,,
2021-01-14,298.0,2.946704626083374,0.833334,2454764.0,,,
2021-01-15,297.65,2.464964866638184,1.111112,1674316.0,,,
2021-01-16,292.45,0.0,1.3888900000000002,4051192.0,,,
2021-01-17,293.6,0.000435113790445,1.111112,4004358.0,59.19260273972605,70.63261445334876,5.0
2021-01-18,295.7,0.0,1.111112,3700890.0,,,
2021-01-19,296.4,0.0,1.111112,3950796.0,66.8953913043479,71.83270604005709,5.0
2021-01-20,296.45,0.0,1.111112,3997136.0,,,
2021-01-21,298.1,0.0004619359970092,1.111112,3877216.0,,,
2021-01-22,299.0,0.1917481273412704,1.111112,3502678.0,71.25945080091535,72.4526723156207,5.0
2021-01-23,301.25,1.3789087533950806,1.111112,3113850.0,,,
2021-01-24,300.5,9.506672859191896,1.111112,3496826.0,82.89034653465347,73.93585754694851,5.0
2021-01-25,301.1,0.3428757190704345,0.833334,3170076.0,,,
2021-01-26,297.7,1.777857542037964,0.833334,3519626.0,,,
2021-01-27,299.4,3.500434875488281,0.833334,3089416.0,,,
2021-01-28,299.45,0.3388330340385437,1.111112,2480664.0,,,
2021-01-29,296.65,12.369040489196776,1.111112,1675388.0,,,
2021-01-30,292.8,1.422800064086914,1.666668,1671982.0,,,
2021-01-31,290.25,0.5607492923736572,1.111112,2083628.0,,,
2021-02-01,291.85,1.0928287506103516,1.111112,1227712.0,,,
2021-02-02,292.7,0.314950942993164,1.3888900000000002,2651906.0,,,
2021-02-03,293.65,0.000435113965068,0.833334,3795824.0,94.46960122699386,75.21860818662287,5.0
2021-02-04,294.0,0.0031888484954833,1.111112,3856770.0,,,
2021-02-05,295.7,0.0004351138195488,0.833334,3874900.0,,,
2021-02-06,297.15,0.1671761274337768,1.3888900000000002,3701880.0,63.68521428571429,71.35027324815937,5.0
2021-02-07,297.6,0.6857812404632568,1.111112,1775860.0,,,
2021-02-08,294.85,1.0214922428131104,1.3888900000000002,1545096.0,,,
2021-02-09,292.8,2.254054069519043,1.3888900000000002,2573408.0,,,
2021-02-10,294.35,0.2927333116531372,0.833334,2779184.0,,,
2021-02-11,295.8,3.965303421020508,0.833334,2868054.0,,,
2021-02-12,296.8,0.2169907093048095,0.833334,3506182.0,,,
2021-02-13,296.9,0.200306698679924,1.111112,3644388.0,70.48559322033896,72.3455557903949,5.0
2021-02-14,297.9,0.8921325206756592,1.111112,2552480.0,,,
2021-02-15,296.4,4.351228713989258,1.3888900000000002,2806854.0,,,
2021-02-16,295.2,0.2141594588756561,0.833334,3158728.0,,,
2021-02-17,297.85,0.132143497467041,0.833334,3406914.0,,,
2021-02-18,299.55,4.069015502929688,1.111112,2782622.0,70.00715909090908,72.27874156865738,5.0
2021-02-19,294.1,0.2650134265422821,1.3888900000000002,3228614.0,,,
2021-02-20,295.55,0.1211166381835937,0.833334,2506096.0,,,
2021-02-21,298.25,0.0698208808898925,0.833334,2815276.0,,,
2021-02-22,299.15,1.9451379776000977,1.3888900000000002,1647644.0,,,
2021-02-23,293.45,0.0235140323638916,0.555556,3192804.0,,,
2021-02-24,296.75,0.0045150518417358,0.833334,3537472.0,,,
2021-02-25,297.8,0.0296533107757568,1.111112,2609904.0,,,
2021-02-26,297.7,0.0979112908244133,1.111112,3417240.0,,,
2021-02-27,297.85,4.005238056182861,1.111112,3056232.0,,,
2021-02-28,299.65,4.055171966552734,0.833334,2912412.0,,,
2021-03-01,297.7,2.9386134147644043,0.833334,2456870.0,,,
2021-03-02,298.8,1.541048288345337,0.555556,1967032.0,,,
2021-03-03,296.4,0.1872777938842773,0.277778,3161501.0,,,
2021-03-04,297.9,0.0787079259753227,0.833334,3432665.0,,,
2021-03-05,298.95,0.009283423423767,0.833334,3475876.0,64.41696202531651,71.46234821222305,5.0
2021-03-06,299.85,0.0029057264328002,0.833334,3488461.0,,,
2021-03-07,299.7,0.3827810287475586,0.833334,2580196.5,,,
2021-03-08,298.5,0.0163912773132324,1.3888900000000002,3268273.5,,,
2021-03-09,297.65,0.0008597968844696,1.111112,3415022.0,,,
2021-03-10,298.9,0.3251284658908844,1.3888900000000002,2330730.5,62.71469565217395,71.19962480382247,5.0
2021-03-11,297.4,2.79073429107666,1.3888900000000002,1878925.0,,,
2021-03-12,295.65,0.4391670227050781,0.833334,2940995.0,,,
2021-03-13,298.1,0.7077884078025818,0.555556,2657401.5,,,
2021-03-14,297.9,1.517951488494873,0.833334,2126743.0,,,
2021-03-15,296.3,2.5243310928344727,0.833334,2926269.0,,,
2021-03-16,295.35,0.2603828907012939,1.111112,1974933.0,,,
2021-03-17,290.5,0.3262935280799866,1.666668,1664691.5,,,
2021-03-18,289.2,0.056874006986618,0.833334,936246.5,,,
2021-03-19,289.9,0.7389560341835022,0.555556,2534801.5,,,
2021-03-20,293.15,0.0013113021850585,1.3888900000000002,3128432.0,,,
2021-03-21,291.5,0.0007152557373046,0.833334,2881744.0,,,
2021-03-22,294.45,0.0004276632098481,0.833334,3142670.0,,,
2021-03-23,293.4,0.2255737781524658,0.833334,2039998.0,48.63558823529411,68.70552776053069,4.0
2021-03-24,293.5,1.0824426412582395,0.833334,2278062.0,,,
2021-03-25,294.3,0.5184710025787354,1.111112,1177646.0,,,
2021-03-26,291.2,0.0008672475232742,1.3888900000000002,2979444.0,,,
2021-03-27,290.3,0.000852346420288,1.111112,3231272.0,,,
2021-03-28,290.35,0.000859797000885,1.111112,3192606.0,35.727769230769226,65.67985599534403,4.0
2021-03-29,292.7,0.0008523463038727,0.833334,3168882.0,,,
2021-03-30,291.95,0.0008583069429732,0.833334,2917552.0,55.779531249999984,70.050002460207,5.0
2021-03-31,292.05,0.1594962626695633,1.111112,2146672.0,,,
2021-04-01,290.7,0.0818818807601928,0.833334,2210270.0,,,
2021-04-02,294.2,0.0008523463620804,1.111112,2768840.0,,,
2021-04-03,295.6,0.0094622373580932,0.833334,2548480.0,,,
2021-04-04,295.15,0.1253038644790649,1.111112,1656874.0,80.04835616438356,73.59360916942813,5.0
2021-04-05,296.3,0.1525282859802246,0.833334,2400012.0,,,
2021-04-06,295.35,0.303611159324646,0.833334,1445428.0,,,
2021-04-07,293.1,0.8167028427124023,0.833334,2142566.0,,,
2021-04-08,299.15,2.995863437652588,1.3888900000000002,830540.0,,,
2021-04-09,293.25,2.824462890625,0.833334,1079928.0,,,
2021-04-10,291.2,0.4642456769943237,1.111112,2987816.0,,,
2021-04-11,290.35,0.0008678783779032,0.833334,2966890.0,,,
2021-04-12,290.5,0.0008523706928826,0.833334,2965406.0,27.73077922077917,63.19414643282659,4.0
2021-04-13,291.45,0.0004276632098481,0.833334,2557524.0,,,
2021-04-14,293.1,0.0008521893760189,1.111112,2734158.0,27.948431372549045,63.27084214965667,4.0
2021-04-15,295.25,0.0046314597129821,0.833334,2381330.0,,,
2021-04-16,295.45,0.0788569450378418,0.555556,2258176.0,,,
2021-04-17,296.1,0.1893490552902221,0.833334,1396768.0,89.75706896551725,74.71661758158587,5.0
2021-04-18,296.0,0.0958293676376342,0.833334,1541664.0,,,
2021-04-19,295.5,0.2941489219665527,0.833334,1802960.0,,,
2021-04-20,297.1,1.5924125909805298,1.111112,759544.0,,,
2021-04-21,295.55,0.5506165027618408,1.111112,757370.0,,,
2021-04-22,292.5,0.7530600428581238,0.833334,1874304.0,,,
2021-04-23,295.15,0.3246814012527466,1.111112,2605096.0,,,
2021-04-24,292.7,0.0,1.111112,2551296.0,,,
2021-04-25,289.3,0.0,0.555556,2585776.0,,,
2021-04-26,289.9,0.0004284940368961,0.833334,2639732.0,,,
2021-04-27,290.65,0.000435113790445,0.833334,2641584.0,27.817500000000017,63.22477677987774,4.0
2021-04-28,291.25,0.0008583068847656,0.833334,2632004.0,,,
2021-04-29,290.8,0.0004276632098481,0.833334,2592796.0,21.13999999999996,60.53194807813691,4.0
2021-04-30,289.25,0.0,1.111112,2544232.0,,,
2021-05-01,291.05,0.0,1.111112,2410016.0,,,
2021-05-02,292.6,0.692516565322876,0.833334,1786956.0,,,
2021-05-03,296.25,0.2848803997039795,1.111112,1458702.0,,,
2021-05-04,284.15,1.2239962816238403,1.666668,1558948.0,,,
2021-05-05,281.5,0.0028610229492187,0.277778,2367408.0,,,
2021-05-06,287.7,0.000426173210144,0.555556,1931614.0,,,
2021-05-07,285.7,0.0,0.833334,2388114.0,,,
2021-05-08,285.6,0.0008559343405067,0.833334,2293766.0,,,
2021-05-09,285.9,0.0057816505432128,0.555556,1887368.0,,,
2021-05-10,287.6,0.1129284501075744,0.833334,2157372.0,,,
2021-05-11,287.5,0.0008672475814819,0.555556,2432304.0,,,
2021-05-12,286.5,0.0008627606439404,1.3888900000000002,2357038.0,30.04333333333333,63.97990609006105,4.0
2021-05-13,289.75,0.0008790116989985,1.3888900000000002,2343868.0,,,
2021-05-14,287.7,0.0008597968844696,1.111112,2290628.0,16.325988372092993,57.99695810677326,4.0
2021-05-15,288.2,0.0008597968844696,0.833334,2253844.0,,,
2021-05-16,289.75,0.0008523463038727,0.555556,1898276.0,,,
2021-05-17,289.3,0.0562220811843872,0.555556,1355860.0,,,
2021-05-18,290.9,0.0751465559005737,0.555556,1255436.0,,,
2021-05-19,292.85,0.1627057641744613,0.833334,400208.0,,,
2021-05-20,288.1,2.181634426116944,0.555556,1258844.0,,,
2021-05-21,287.1,0.0,1.111112,2264408.0,,,
2021-05-22,284.4,0.0,2.222224,2293416.0,42.450144404332136,67.37112038527073,4.0
2021-05-23,284.85,0.0008583068847656,0.833334,2266164.0,,,
2021-05-24,284.8,0.0,1.666668,2252568.0,15.051691176470602,57.19972038658581,4.0
2021-05-25,286.45,0.0008716578013263,0.833334,2235340.0,,,
2021-05-26,287.65,0.0,1.111112,2215552.0,,,
2021-05-27,287.95,0.0,1.944446,2012920.0,22.64478873239438,61.206510822161235,4.0
2021-05-28,289.75,0.0,1.3888900000000002,2072644.0,,,
2021-05-29,287.4,0.0008597968844696,0.833334,2153828.0,30.67928571428569,64.1853952823101,4.0
2021-05-30,285.25,0.0,1.666668,2145768.0,,,
2021-05-31,288.5,0.0008527869358658,1.111112,2126376.0,,,
2021-06-01,289.65,0.0,1.666668,2080304.0,,,
2021-06-02,288.9,0.0004351138486526,0.555556,2095656.0,,,
2021-06-03,289.5,0.0,1.944446,2046496.0,31.85914473684206,64.55559294969203,4.0
2021-06-04,293.65,0.1897346228361129,1.3888900000000002,2067496.0,,,
2021-06-05,287.95,0.0,1.666668,2032328.0,,,
2021-06-06,286.55,0.0088512897491455,0.833334,1599256.0,86.66453183520599,74.37265859895236,5.0
2021-06-07,284.7,0.000435113790445,1.111112,2096244.0,,,
2021-06-08,287.35,0.0081360340118408,0.833334,1383840.0,13.692019230769231,56.27093675814233,4.0
2021-06-09,289.65,0.0011771917343139,1.666668,1943212.0,,,
2021-06-10,286.9,0.0,1.111112,2083300.0,,,
2021-06-11,286.4,0.0,0.833334,2109644.0,25.59166666666668,62.4066370888326,4.0
2021-06-12,288.85,0.0008597968844696,1.666668,2065160.0,,,
2021-06-13,291.6,0.0004321336746215,2.222224,1886768.0,17.324285714285732,58.57919238616734,4.0
2021-06-14,286.1,0.0166893005371093,1.666668,1262744.0,,,
2021-06-15,280.7,0.3880709409713745,1.3888900000000002,575300.0,,,
2021-06-16,276.0,0.0316143035888671,0.555556,1716206.0,,,
2021-06-17,276.6,0.0244826078414917,0.833334,958714.0,,,
2021-06-18,278.55,0.0110417604446411,0.555556,1925936.0,,,
2021-06-19,280.7,0.0008648807997815,0.555556,2035528.0,,,
2021-06-20,281.8,0.0,0.833334,2066416.0,,,
2021-06-21,284.45,0.0033825635910034,0.833334,1616506.0,31.633214285714292,64.48577708162729,4.0
2021-06-22,282.8,0.0096410512924194,1.111112,1673170.0,,,
2021-06-23,288.65,0.0008523463038727,1.111112,2087694.0,21.358934426229453,60.63302194032879,4.0
2021-06-24,286.75,0.0008523463038727,0.555556,2062908.0,,,
2021-06-25,284.0,0.7018297910690308,1.3888900000000002,1613120.0,,,
2021-06-26,281.85,0.0001639127731323,1.944446,2068360.0,,,
2021-06-27,278.9,0.0008597968844696,1.3888900000000002,2143804.0,,,
2021-06-28,279.05,0.0008583068847656,0.833334,2171148.0,11.44876106194689,54.51561771069944,4.0
2021-06-29,280.35,0.0008642673492431,0.833334,2004418.0,,,
2021-06-30,280.55,0.0,1.3888900000000002,2123830.0,,,
2021-07-01,286.25,0.0,2.7777800000000004,2087228.0,33.748447204968954,65.12074653775593,4.0
2021-07-02,283.75,0.0008614336256869,0.833334,1739722.0,,,
2021-07-03,283.85,0.000864969799295,0.833334,1932778.0,,,
2021-07-04,285.7,5.102265276946127e-07,1.666668,2115544.0,,,
2021-07-05,286.9,0.0,0.833334,2060378.0,,,
2021-07-06,288.35,0.1432821154594421,1.111112,2106130.0,36.07949152542374,65.77595834678795,4.0
2021-07-07,290.8,0.004202127456665,0.833334,2112328.0,,,
2021-07-08,288.15,0.0008626177441328,1.111112,2117740.0,60.1421453287197,70.78873343033388,5.0
2021-07-09,294.25,0.0151693820953369,1.944446,2145668.0,,,
2021-07-10,287.2,0.0008597968844696,1.3888900000000002,2091608.0,,,
2021-07-11,287.4,0.0008583068847656,0.833334,1962206.0,,,
2021-07-12,289.45,0.0672265738248825,1.111112,1955860.0,,,
2021-07-13,288.25,0.9002983570098877,1.3888900000000002,2124878.0,,,
2021-07-14,285.6,0.0008523463038727,1.111112,2252154.0,,,
2021-07-15,284.25,0.0,0.833334,2233366.0,,,
2021-07-16,284.3,0.0008523463038727,1.944446,2279186.0,35.91862944162437,65.73212221199128,4.0
2021-07-17,283.15,0.0008583069429732,1.111112,2297416.0,,,
2021-07-18,279.7,0.0,0.833334,2301442.0,13.243130434782572,55.94392859989829,4.0
2021-07-19,281.85,0.0,1.3888900000000002,2287720.0,,,
2021-07-20,288.1,0.0,1.666668,2303814.0,,,
2021-07-21,288.1,0.0,1.3888900000000002,2290268.0,,,
2021-07-22,289.35,0.0008583068847656,1.666668,2243520.0,,,
2021-07-23,292.7,0.0008583068847656,1.111112,2251448.0,27.45655405405404,63.09665409656241,4.0
2021-07-24,289.95,0.0008583068847656,0.833334,2289018.0,,,
2021-07-25,285.65,0.0197887420654296,1.111112,2220554.0,,,
2021-07-26,284.5,0.0,1.3888900000000002,2393658.0,42.50800000000007,67.38448139933752,4.0
2021-07-27,281.8,0.0008523463038727,0.833334,2386472.0,,,
2021-07-28,280.6,0.0008672475814819,1.111112,2427822.0,21.421157894736808,60.661559169838824,4.0
2021-07-29,281.4,0.0008583068847656,1.111112,2428800.0,,,
2021-07-30,285.6,0.0008672475814819,2.7777800000000004,2452572.0,,,
2021-07-31,283.95,0.000435113790445,1.944446,2446144.0,32.87074324324323,64.86223922037645,4.0
2021-08-01,284.2,0.0008583068847656,0.833334,2476840.0,,,
2021-08-02,286.15,0.0008523463038727,1.111112,2458952.0,26.25468085106379,62.65755249742352,4.0
2021-08-03,288.3,0.0,1.111112,2464496.0,,,
2021-08-04,287.05,0.0,1.111112,2449742.0,,,
2021-08-05,287.6,0.0008523463038727,0.833334,2356874.0,24.410612244897973,61.94312624464464,4.0
2021-08-06,289.8,0.000435113790445,1.3888900000000002,2451030.0,,,
2021-08-07,290.5,0.0092463651672005,1.3888900000000002,1419366.0,37.73006211180123,66.21478493769098,4.0
2021-08-08,287.2,0.087452121078968,2.5000020000000003,1698912.0,,,
2021-08-09,282.1,0.0,2.5000020000000003,2550160.0,,,
2021-08-10,281.9,0.000854680663906,0.833334,2592894.0,21.14000000000003,60.531948078136935,4.0
2021-08-11,282.6,0.00058114528656,1.111112,2202104.0,,,
2021-08-12,282.3,0.0008583068847656,1.111112,2620670.0,,,
2021-08-13,281.95,0.0008583068847656,1.111112,2679092.0,,,
2021-08-14,284.45,0.0,0.833334,2646402.0,,,
2021-08-15,286.0,0.0008672475814819,1.111112,2591676.0,,,
2021-08-16,293.75,0.000435113790445,1.944446,2620678.0,,,
2021-08-17,292.0,0.0017166137695312,1.111112,2700908.0,32.38631578947372,64.71658997759036,4.0
2021-08-18,296.4,0.0004351138195488,1.944446,2592348.0,,,
2021-08-19,288.45,0.0895410776138305,1.666668,2279748.0,,,
2021-08-20,284.9,0.0023171305656433,1.3888900000000002,2697220.0,,,
2021-08-21,287.9,0.000426173210144,1.3888900000000002,2749838.0,,,
2021-08-22,288.65,0.000435113790445,1.666668,2800502.0,57.61344647519582,70.3673462246961,5.0
2021-08-23,282.35,0.0004380249301902,1.3888900000000002,2787064.0,,,
2021-08-24,284.4,0.0487938523292541,1.111112,2801514.0,,,
2021-08-25,284.45,0.0004291535005904,1.111112,2868930.0,70.64387218045107,72.36755994445716,5.0
2021-08-26,284.9,0.0008583068847656,1.666668,2862306.0,,,
2021-08-27,286.8,0.000426173210144,1.111112,2829606.0,,,
2021-08-28,290.3,0.0008672475232742,1.111112,2839738.0,,,
2021-08-29,289.7,0.000426173210144,1.111112,2792282.0,,,
2021-08-30,292.75,0.0036239624023437,1.3888900000000002,2727928.0,48.0463970588235,68.5859597359856,4.0
2021-08-31,296.15,1.908823847770691,1.111112,2657884.0,,,
2021-09-01,297.35,2.9812753200531006,2.222224,1068414.0,,,
2021-09-02,288.8,0.1287907361984253,1.666668,1987874.0,,,
2021-09-03,288.15,0.2105534076690673,0.833334,1849170.0,,,
2021-09-04,291.9,0.0932291150093078,1.666668,2868398.0,,,
2021-09-05,288.7,0.1130551099777221,1.111112,1288952.0,,,
2021-09-06,292.15,1.0171383619308472,1.111112,918822.0,,,
2021-09-07,287.15,0.2305209636688232,1.3888900000000002,2789506.0,,,
2021-09-08,287.4,0.0008523463038727,3.0555580000000004,3103624.0,,,
2021-09-09,286.85,6.492086868092883e-06,1.111112,3110446.0,19.15095744680849,59.56258010078827,4.0
2021-09-10,287.3,0.0,1.111112,3080462.0,,,
2021-09-11,290.45,0.3746747970581054,1.666668,3111498.0,41.77954545454551,67.21491145915726,4.0
2021-09-12,296.25,0.4255924522876739,2.222224,3056496.0,,,
2021-09-13,293.1,0.0045299530029296,1.944446,3257758.0,,,
2021-09-14,286.95,0.0008672475814819,1.111112,3213626.0,28.0980672268908,63.323224769646856,4.0
2021-09-15,286.85,0.0008602836751379,1.111112,3248080.0,,,
2021-09-16,288.75,0.0008597968844696,1.111112,3231564.0,38.604230769230746,66.43948000243219,4.0
2021-09-17,291.65,0.0,1.3888900000000002,3216262.0,,,
2021-09-18,291.3,0.0061392784118652,1.111112,2861760.0,,,
2021-09-19,294.0,0.3961324691772461,1.111112,1538730.0,60.65064150943397,70.87132738532429,5.0
2021-09-20,289.85,0.0183135271072387,2.222224,3148286.0,,,
2021-09-21,288.05,0.0420063734054565,1.111112,2426996.0,,,
2021-09-22,289.95,0.0008521033450961,1.111112,3310944.0,,,
2021-09-23,289.25,5.90443960390985e-06,1.3888900000000002,3332195.0,,,
2021-09-24,290.6,0.000435113790445,1.111112,3339082.0,41.68615384615386,67.19295820007375,4.0
2021-09-25,292.05,0.000435113790445,1.3888900000000002,3332146.0,,,
2021-09-26,292.2,0.0,1.666668,3290690.0,50.85957746478868,69.14416151558726,4.0
2021-09-27,291.9,0.0658035278320312,1.666668,2407503.5,,,
2021-09-28,287.75,0.0303387641906738,1.111112,2684356.5,,,
2021-09-29,294.6,0.9712130427360536,1.111112,3287568.5,59.55075528700909,70.69179228361727,5.0
2021-09-30,293.95,0.0119134783744812,2.5000020000000003,3220893.0,,,
2021-10-01,292.7,0.1645177602767944,1.111112,3424171.0,46.514499999999984,68.26808574195168,4.0
2021-10-02,291.45,0.0016316771507263,2.5000020000000003,3463222.0,,,
2021-10-03,289.85,0.0,1.3888900000000002,3566463.0,,,
2021-10-04,288.25,0.0008523463038727,1.111112,3509327.0,40.95709677419356,67.01987121807915,4.0
2021-10-05,290.9,0.0008672475814819,1.3888900000000002,3475166.0,,,
2021-10-06,287.7,0.0,2.222224,3468887.0,46.1993820224719,68.20140059845897,4.0
2021-10-07,286.75,0.1084059476852417,1.111112,2278630.0,,,
2021-10-08,292.7,0.1530647277832031,1.111112,2513663.0,,,
2021-10-09,290.9,0.7161572575569153,1.111112,2227682.0,,,
2021-10-10,292.6,0.0017166137695312,0.833334,3216896.0,,,
2021-10-11,292.0,0.0091493129730224,0.833334,3141370.0,34.495,65.33538912664109,4.0
2021-10-12,293.75,3.9586572647094727,1.111112,3060716.0,,,
2021-10-13,293.7,3.964707374572754,1.3888900000000002,3575864.0,,,
2021-10-14,293.6,0.1842379570007324,1.944446,3687744.0,65.33197696737042,71.60071459060163,5.0
2021-10-15,287.85,0.0,1.3888900000000002,3688348.0,,,
2021-10-16,288.25,0.0761777088046073,1.111112,3690166.0,48.50146341463416,68.67843685537107,4.0
2021-10-17,289.9,0.1308321952819824,1.111112,3196098.0,,,
2021-10-18,293.0,0.0004291534423828,1.111112,3705810.0,,,
2021-10-19,292.15,0.0,1.111112,3688936.0,58.202100591716,70.4670693923942,5.0
2021-10-20,293.05,0.2198517322540283,1.111112,3664062.0,,,
2021-10-21,294.8,0.3060996532440185,1.3888900000000002,3620374.0,49.94864285714286,68.96686423339014,4.0
2021-10-22,297.45,1.356579303741455,1.666668,3005528.0,,,
2021-10-23,293.0,0.0,1.944446,3747546.0,,,
2021-10-24,292.25,0.0008745423401705,1.111112,3815220.0,49.67752631578946,68.91347143793683,4.0
2021-10-25,302.05,0.0008523463038727,1.3888900000000002,3812898.0,,,
2021-10-26,300.45,0.0008597968844696,1.3888900000000002,3583054.0,54.36463414634143,69.7979527198422,4.0
2021-10-27,299.15,0.5074143409729004,1.111112,3523564.0,,,
2021-10-28,299.75,0.0029057264328002,1.3888900000000002,3577880.0,,,
2021-10-29,299.75,1.184642314910889,1.111112,3552170.0,,,
2021-10-30,300.55,0.725865364074707,0.833334,2780674.0,,,
2021-10-31,291.65,7.504954814910889,1.3888900000000002,1020948.0,,,
2021-11-01,290.45,0.1078248023986816,1.111112,2203902.0,,,
2021-11-02,292.125,0.0008672475232742,0.694445,3781444.0,,,
2021-11-03,295.425,5.146697044372559,0.694445,3042770.0,44.36175373134331,67.80322519551031,4.0
2021-11-04,291.025,2.55061674118042,0.972223,564658.0,,,
2021-11-05,284.5,0.0535845756530761,1.111112,2358788.0,,,
2021-11-06,288.0,0.0169426202774047,0.555556,3452506.0,,,
2021-11-07,290.6,0.9018033742904664,0.555556,2749670.0,,,
2021-11-08,293.0,5.83098840713501,0.694445,1780974.0,,,
2021-11-09,291.70000000000005,2.2660207748413086,0.6944450000000001,2825224.0,,,
2021-11-10,291.45,0.1361370086669922,0.555556,3752954.0,22.399905660377325,61.09984669063853,4.0
2021-11-11,293.225,0.000435113790445,0.972223,3791778.0,,,
2021-11-12,294.75,3.952041149139404,0.972223,3009598.0,,,
2021-11-13,298.05,2.329017877578736,1.5277790000000002,3996538.0,,,
2021-11-14,292.525,0.0048726797103881,0.694445,3683590.0,,,
2021-11-15,294.4,1.4764890670776367,1.111112,1519674.0,47.978413461538445,68.57206917588596,4.0
2021-11-16,289.15,0.0016391277313232,1.8055570000000003,3931814.0,,,
2021-11-17,288.1,0.0008583068847656,0.6944450000000001,3945052.0,,,
2021-11-18,292.05,0.0008597968844696,0.833334,3780180.0,38.02404145077718,66.29092475473324,4.0
2021-11-19,294.775,0.0008523463038727,0.694445,3863778.0,,,
2021-11-20,295.8,1.3030444279138464e-05,0.694445,3917030.0,44.6263793103448,67.86156970715211,4.0
2021-11-21,297.775,0.2489984035491943,0.972223,3868038.0,,,
2021-11-22,299.35,0.0610873103141784,0.833334,3508128.0,,,
2021-11-23,296.875,0.1294983029365539,0.972223,2810952.0,65.41273972602738,71.61283412832725,5.0
2021-11-24,296.55,1.7805099487304688,0.972223,3982278.0,,,
2021-11-25,297.8,0.0,0.972223,3971712.0,65.06592417061614,71.56068355428785,5.0
2021-11-26,295.025,1.3922454118728638,0.833334,3607138.0,,,
2021-11-27,297.4,3.031782865524292,1.38889,3762254.0,,,
2021-11-28,293.0,0.000435113790445,1.111112,3959264.0,67.8825,71.9764048226894,5.0
2021-11-29,293.775,0.1072883605957031,0.833334,3832442.0,,,
2021-11-30,295.05,1.472577452659607,0.972223,3308352.0,46.62897142857139,68.2921983343306,4.0
2021-12-01,295.57500000000005,0.0895559787750244,0.833334,3583462.0,,,
2021-12-02,296.325,0.0259876251220703,0.972223,2972348.0,,,
2021-12-03,297.225,0.2072632163763046,0.833334,2512276.0,,,
2021-12-04,295.65,0.2514123916625976,0.694445,1976500.0,,,
2021-12-05,292.375,0.522140383720398,0.8333340000000001,2310604.0,,,
2021-12-06,295.775,0.0083036720752716,0.555556,3152962.0,,,
2021-12-07,297.04999999999995,0.0885576009750366,0.972223,3343452.0,,,
2021-12-08,296.57500000000005,2.070769786834717,0.972223,1385404.0,,,
2021-12-09,291.3,1.1948347091674805,0.277778,2740762.0,,,
2021-12-10,293.0,0.0178396701812744,0.416667,2597328.0,,,
2021-12-11,296.75,2.39524245262146,0.972223,2870420.0,,,
2021-12-12,293.54999999999995,3.681518077850342,0.972223,1429500.0,,,
2021-12-13,293.07500000000005,1.53946852684021,0.6944450000000001,2766020.0,,,
2021-12-14,295.925,1.781076192855835,0.694445,3569776.0,,,
2021-12-15,294.67499999999995,0.0077635049819946,0.972223,3764932.0,32.52459016393441,64.75838491621748,4.0
2021-12-16,296.67499999999995,0.000435113790445,0.833334,3751340.0,,,
2021-12-17,297.525,0.0,0.833334,3910168.0,,,
2021-12-18,297.85,0.0019967555999755,0.833334,3818800.0,71.18183811129848,72.44198186812048,5.0
2021-12-19,300.075,0.0244084876030683,0.694445,3526472.0,,,
2021-12-20,300.175,3.717005252838135,0.833334,3505004.0,,,
2021-12-21,299.20000000000005,6.214858055114746,1.250001,2165588.0,,,
2021-12-22,296.65,0.0110417604446411,0.833334,3699080.0,,,
2021-12-23,298.925,0.0020444390829652,0.694445,3784452.0,70.38333976833977,72.3313140904117,5.0
2021-12-24,299.475,0.7316172122955322,0.694445,3032242.0,,,
2021-12-25,299.82500000000005,0.0569522380828857,0.6944450000000001,3552792.0,73.96201492537321,72.81784168252966,5.0
2021-12-26,299.9,0.4087835550308227,0.6944450000000001,3475040.0,,,
2021-12-27,300.125,0.3231540322303772,0.694445,3003080.0,,,
2021-12-28,300.92499999999995,0.000859797000885,0.833334,3869472.0,,,
2021-12-29,300.07500000000005,1.0235905647277832,0.833334,3814564.0,,,
2021-12-30,299.75,0.0483542680740356,1.250001,3938836.0,103.11655306718598,76.07778592947214,5.0
2021-12-31,301.05,0.1277476549148559,0.972223,3800552.0,,,
2022-01-01,300.42499999999995,0.997692346572876,1.250001,3435280.0,,,
2022-01-02,302.6,0.8956942558288574,1.250001,3555400.0,,,
2022-01-03,300.07500000000005,1.3269782066345217,0.972223,3339752.0,,,
2022-01-04,297.4,0.0005960464477539,1.666668,3619580.0,,,
2022-01-05,298.025,0.0117644667625427,0.833334,3907824.0,,,
2022-01-06,298.0,0.101327896118164,1.111112,4012960.0,,,
2022-01-07,297.075,0.0676885247230529,0.833334,3713532.0,,,
2022-01-08,298.225,0.000435113790445,0.833334,3919702.0,,,
2022-01-09,299.5,0.0008583068847656,0.833334,3919072.0,,,
2022-01-10,301.0,0.0004351138486526,0.694445,3814740.0,,,
2022-01-11,296.85,0.0,0.694445,3839564.0,,,
2022-01-12,302.45000000000005,0.0004278960986994,0.833334,3996748.0,,,
2022-01-13,302.1,0.0008553267689421,0.972223,3967730.0,,,
2022-01-14,297.225,0.0756978988647461,0.972223,3385754.0,,,
2022-01-15,298.975,0.5162656307220459,0.972223,3594096.0,,,
2022-01-16,301.575,0.8961905241012573,1.111112,3403158.0,,,
2022-01-17,295.9,1.147594332695007,0.972223,2143144.0,,,
2022-01-18,290.25,0.2277940511703491,0.972223,2141980.0,,,
2022-01-19,293.525,0.5310475826263428,0.833334,2444164.0,,,
2022-01-20,298.75,0.4658997058868408,0.416667,3414522.0,,,
2022-01-21,303.45,4.761860370635986,1.250001,3630982.0,,,
2022-01-22,297.42499999999995,5.2811055183410645,0.972223,1977056.0,,,
2022-01-23,296.6,2.434685707092285,0.694445,2903248.0,,,
2022-01-24,298.0,5.270332336425781,0.555556,2992470.0,,,
2022-01-25,299.075,0.3115534782409668,0.555556,3165516.0,,,
2022-01-26,297.225,1.0441653728485107,1.250001,2955454.0,,,
2022-01-27,292.475,0.000426173210144,0.972223,3822168.0,,,
2022-01-28,293.3,0.0094473361968994,0.694445,3947690.0,,,
2022-01-29,295.55,0.1090168952941894,0.833334,3868022.0,,,
2022-01-30,297.70000000000005,1.8590986728668213,0.833334,3428694.0,,,
2022-01-31,296.35,0.0368058681488037,0.6944450000000001,3815710.0,,,
2022-02-01,298.9,4.385173320770264,0.972223,2583014.0,,,
2022-02-02,296.725,0.9025558829307556,0.555556,3423528.0,,,
2022-02-03,297.175,4.474252700805664,0.555556,3062902.0,,,
2022-02-04,294.82500000000005,0.9023845791816713,0.833334,3000850.0,,,
2022-02-05,291.0,0.0012814998626708,0.8333340000000001,3874766.0,,,
2022-02-06,291.32500000000005,0.0014483928680419,0.833334,3852682.0,,,
2022-02-07,292.65,0.0747144222259521,0.833334,3692778.0,,,
2022-02-08,295.775,0.000852346594911,0.833334,3696192.0,,,
2022-02-09,296.54999999999995,0.0007301568984985,0.972223,3817294.0,,,
2022-02-10,296.75,2.161495447158813,0.833334,1600978.0,,,
2022-02-11,292.375,0.5834158658981323,1.250001,3559860.0,,,
2022-02-12,290.6,0.0008583068847656,1.111112,3791454.0,,,
2022-02-13,292.025,0.1050005033612251,0.833334,3794158.0,,,
2022-02-14,295.79999999999995,0.000435113790445,0.833334,3764530.0,,,
2022-02-15,297.0,2.0886807441711426,0.833334,3533116.0,,,
2022-02-16,298.9,0.0329464673995971,0.833334,3393584.0,,,
2022-02-17,295.55,0.0119358301162719,0.6944450000000001,3536884.0,,,
2022-02-18,296.85,4.138752937316895,0.833334,2508248.0,,,
2022-02-19,294.525,0.0034719705581665,0.6944450000000001,3753646.0,,,
2022-02-20,294.475,0.4422515630722046,0.6944450000000001,2933882.0,,,
2022-02-21,293.975,0.1754611730575561,0.6944450000000001,2347082.0,,,
2022-02-22,293.0,1.4966577291488647,0.555556,1593474.0,,,
2022-02-23,294.15,3.321781635284424,0.277778,3573004.0,,,
2022-02-24,293.17499999999995,0.0359565056860446,0.972223,1719888.0,,,
2022-02-25,294.45000000000005,0.3440529108047485,0.555556,2844950.0,,,
2022-02-26,301.025,2.294331789016724,0.833334,3127526.0,,,
2022-02-27,300.2,2.2520647048950195,0.972223,2793362.0,,,
2022-02-28,295.0,0.0,0.972223,3624062.0,,,
2022-03-01,293.725,0.0004276632098481,1.111112,3553656.0,,,
2022-03-02,295.45,0.0849455669522285,0.6944450000000001,2935398.0,,,
2022-03-03,296.225,2.389207363128662,0.833334,2656885.0,,,
2022-03-04,297.475,4.786864280700684,0.6944450000000001,1858432.5,,,
2022-03-05,294.55,0.3235817551612854,0.555556,1872922.0,,,
2022-03-06,293.9,0.0045150518417358,0.555556,3373564.0,,,
2022-03-07,295.725,0.0114738941192626,0.972223,3002783.0,,,
2022-03-08,292.95,0.6909430027008057,0.694445,2796849.0,,,
2022-03-09,295.95000000000005,0.7476583123207092,0.833334,2864339.0,,,
2022-03-10,290.625,0.0008583068847656,0.6944450000000001,3247903.0,,,
2022-03-11,291.7,0.0004374168056529,0.555556,3315100.0,,,
2022-03-12,292.35,1.5592575073242188,0.833334,2709149.0,,,
2022-03-13,291.975,0.0008523463038727,0.416667,3277831.0,,,
2022-03-14,294.425,0.0,0.555556,3338769.0,,,
2022-03-15,295.525,0.000435113790445,0.555556,3302484.0,,,
2022-03-16,296.625,0.5075185894966125,0.833334,2783243.0,,,
2022-03-17,296.75,2.7989892959594727,0.833334,2990803.0,,,
2022-03-18,289.65,0.006742775440216,0.972223,3267817.0,,,
2022-03-19,286.875,0.0041425228118896,1.250001,2331250.5,,,
2022-03-20,287.225,0.008895993232727,0.833334,3040836.0,,,
2022-03-21,288.95,0.1041591167449951,1.111112,2457230.0,,,
2022-03-22,289.95,0.1277178525924682,0.555556,2499656.0,,,
2022-03-23,289.725,0.4162136316299438,1.5277790000000002,3354814.0,,,
2022-03-24,286.7,0.000870227755513,1.38889,3335452.0,,,
2022-03-25,286.45,0.0,0.8333340000000001,3292354.0,,,
2022-03-26,286.775,0.0008520312258042,0.694445,3244460.0,,,
2022-03-27,287.95,0.0,0.833334,3140708.0,,,
2022-03-28,289.1,0.0556111335754394,1.111112,3109200.0,,,
2022-03-29,290.325,0.0292509794235229,1.250001,3073344.0,,,
2022-03-30,284.875,0.0,1.38889,3170194.0,,,
2022-03-31,284.575,0.000863944820594,0.833334,3173194.0,,,
2022-04-01,285.025,0.0008650366798974,1.111112,3095034.0,,,
2022-04-02,287.475,0.0008597968844696,1.38889,3086990.0,,,
2022-04-03,287.825,0.0004351809329818,1.250001,3058310.0,,,
2022-04-04,286.0,0.0008597969426773,0.833334,3046882.0,,,
2022-04-05,287.45,0.0008618885767646,0.833334,3020976.0,,,
2022-04-06,288.6,0.20676851272583,0.833334,2852776.0,,,
2022-04-07,288.65,0.0,0.694445,2872236.0,,,
2022-04-08,288.95,0.0005960464477539,0.694445,2733914.0,,,
2022-04-09,288.6,0.5266368389129639,0.694445,1486952.0,,,
2022-04-10,290.42499999999995,0.5517080426216125,0.694445,1837734.0,,,
2022-04-11,288.075,0.4385411739349365,0.972223,1502870.0,,,
2022-04-12,286.375,0.1036822795867919,0.555556,2942704.0,,,
2022-04-13,286.85,0.0,0.555556,2886918.0,,,
2022-04-14,286.075,0.0560283660888671,0.694445,2759714.0,,,
2022-04-15,285.375,0.1455843448638916,0.555556,2780178.0,,,
2022-04-16,286.0,0.1952722668647766,0.555556,2499666.0,,,
2022-04-17,286.65,0.0008523463038727,0.555556,2789770.0,,,
2022-04-18,286.775,0.000435113790445,0.833334,2597466.0,,,
2022-04-19,286.9,0.1312345117330551,0.833334,2369570.0,,,
2022-04-20,288.85,0.0558160245418548,1.250001,2591350.0,,,
2022-04-21,287.625,0.0183135271072387,0.833334,2189626.0,,,
2022-04-22,284.975,0.0008523463038727,1.5277790000000002,2673266.0,,,
2022-04-23,287.3,0.0012442469596862,1.666668,2325342.0,,,
2022-04-24,295.8,0.0004276632098481,2.5000020000000003,2630950.0,,,
2022-04-25,290.45,0.0008891856996342,0.833334,2526188.0,,,
2022-04-26,291.9,0.2334862947463989,1.111112,2604404.0,,,
2022-04-27,287.225,0.0008642673492431,0.833334,2649262.0,,,
2022-04-28,284.4,0.0008523463038727,0.972223,2594800.0,,,
2022-04-29,283.65,0.0008523463038727,0.555556,2308666.0,,,
2022-04-30,286.225,0.0008672475814819,0.555556,2566472.0,,,
2022-05-01,285.275,0.2943836152553558,0.6944450000000001,2267774.0,,,
2022-05-02,286.6,0.0106245279312133,0.555556,2549422.0,,,
2022-05-03,284.925,0.0008583068847656,0.555556,2560246.0,,,
2022-05-04,287.025,0.000435113790445,0.555556,2527928.0,,,
2022-05-05,287.15,0.0,0.972223,2421156.0,,,
2022-05-06,288.525,0.0,0.555556,2211496.0,,,
2022-05-07,288.175,0.0008583068847656,0.833334,2254888.0,,,
2022-05-08,290.975,0.0498965382575988,0.972223,1847280.0,,,
2022-05-09,292.825,0.0369548797607421,0.277778,1945964.0,,,
2022-05-10,289.5,0.3782827258110046,0.555556,1088368.0,,,
2022-05-11,288.75,0.0209957361221313,0.416667,1273148.0,,,
2022-05-12,288.925,0.0171363353729248,0.416667,1573310.0,,,
2022-05-13,290.275,0.6457001566886902,0.555556,533208.0,,,
2022-05-14,286.5,0.9524747729301452,0.6944450000000001,1018176.0,,,
2022-05-15,282.1,0.0008554197847843,0.277778,2415902.0,,,
2022-05-16,282.20000000000005,0.0,0.694445,2419292.0,,,
2022-05-17,281.0,0.0008523463038727,0.555556,2413968.0,,,
2022-05-18,280.8,0.0,0.555556,2320380.0,,,
2022-05-19,282.8,0.0,0.833334,2274424.0,,,
2022-05-20,286.225,0.0008732333662919,1.111112,2233776.0,,,
2022-05-21,286.45,0.0008523463038727,0.555556,2242396.0,,,
2022-05-22,285.175,0.0008583068847656,1.111112,2215636.0,,,
2022-05-23,289.475,0.0008553261286579,0.694445,2159848.0,,,
2022-05-24,287.775,0.1185983419418335,0.6944450000000001,1864780.0,,,
2022-05-25,283.725,0.1289695501327514,0.972223,2064684.0,,,
2022-05-26,285.0,0.0077113509178161,0.416667,2199824.0,,,
2022-05-27,286.0,0.0121891498565673,0.6944450000000001,1451712.0,,,
2022-05-28,286.475,0.474974513053894,0.416667,1306866.0,,,
2022-05-29,281.5,0.0810027122497558,0.833334,1463222.0,,,
2022-05-30,278.925,0.0277310609817504,0.555556,1943308.0,,,
2022-05-31,282.92499999999995,0.0223591923713684,0.555556,1752440.0,,,
2022-06-01,282.025,0.1038163900375366,0.555556,2109752.0,,,
2022-06-02,282.725,0.0008583068847656,0.555556,2127232.0,,,
2022-06-03,280.275,0.0008583068847656,0.833334,2111488.0,,,
2022-06-04,282.85,0.0008597968844696,0.972223,2109976.0,,,
2022-06-05,284.025,0.000435113790445,0.6944450000000001,2102288.0,,,
2022-06-06,285.75,0.000435113790445,0.416667,2148420.0,,,
2022-06-07,285.625,0.0008523463038727,0.833334,2011208.0,,,
2022-06-08,286.07500000000005,0.0008594315149821,0.416667,2115710.0,,,
2022-06-09,285.775,0.0004350989765953,0.972223,2027568.0,,,
2022-06-10,281.825,0.0008672475232742,0.555556,2103052.0,,,
2022-06-11,283.775,0.000435113790445,1.111112,2124666.0,,,
2022-06-12,284.0,0.000426173210144,1.111112,2165512.0,,,
2022-06-13,288.225,0.0008672475814819,1.111112,1978052.0,,,
2022-06-14,286.70000000000005,0.000435113790445,1.111112,2053968.0,,,
2022-06-15,283.85,0.0,0.555556,2064710.0,,,
2022-06-16,283.575,0.0004410743713378,0.555556,2141928.0,,,
2022-06-17,282.57500000000005,0.0004351138486526,0.416667,2119472.0,,,
2022-06-18,282.04999999999995,0.000435113790445,1.3888900000000002,2099006.0,,,
2022-06-19,286.975,0.0,1.38889,2033776.0,,,
2022-06-20,282.54999999999995,0.0,0.972223,1542372.0,,,
2022-06-21,281.675,0.1974255144596099,0.833334,909084.0,,,
2022-06-22,278.375,0.0066906213760375,0.972223,1972960.0,,,
2022-06-23,280.525,0.0008530740160495,0.555556,2000140.0,,,
2022-06-24,278.6,0.054478645324707,0.833334,1211028.0,,,
2022-06-25,279.525,0.1041218638420105,0.555556,589796.0,,,
2022-06-26,281.725,0.7745175361633301,0.416667,1009780.0,,,
2022-06-27,281.975,0.909458875656128,0.416667,2096004.0,,,
2022-06-28,285.1,0.000435113790445,0.694445,2094776.0,,,
2022-06-29,288.95000000000005,0.0,1.666668,2083220.0,,,
2022-06-30,283.975,0.0048726797103881,0.833334,1951392.0,,,
2022-07-01,283.475,0.001460313796997,2.083335,1858696.0,,,
2022-07-02,281.95,0.000435113790445,0.555556,1907856.0,,,
2022-07-03,281.0,0.0008583068847656,0.555556,2091232.0,,,
2022-07-04,282.65,0.0008625459158793,0.555556,2142720.0,,,
2022-07-05,283.2,0.000435113790445,0.555556,2150164.0,,,
2022-07-06,287.075,0.007428228855133,1.8055570000000003,2173952.0,,,
2022-07-07,281.425,0.0302642583847045,0.694445,1624390.0,,,
2022-07-08,283.32500000000005,0.0008713254937902,0.555556,2129940.0,,,
2022-07-09,288.825,0.1180320903658866,1.805557,2120830.0,,,
2022-07-10,286.55,0.3350153565406799,1.250001,2050928.0,,,
2022-07-11,281.85,0.0004351138486526,1.250001,2177580.0,,,
2022-07-12,279.525,0.0008658145088702,1.5277790000000002,2184132.0,,,
2022-07-13,285.85,0.0008583068847656,2.222224,2104966.0,,,
2022-07-14,287.5,0.0111311674118042,1.5277790000000002,1879354.0,,,
2022-07-15,282.225,0.0430569052696228,1.111112,1542674.0,,,
2022-07-16,280.04999999999995,0.0008672475814819,0.555556,2237120.0,,,
2022-07-17,284.65,0.0,2.083335,2233808.0,,,
2022-07-18,282.325,0.000435113790445,1.38889,2252042.0,,,
2022-07-19,282.04999999999995,0.0008525782031938,0.694445,2246796.0,,,
2022-07-20,284.5,0.0008589731296524,1.5277790000000002,1524800.0,,,
2022-07-21,286.15,0.0008583068847656,0.555556,2203408.0,,,
2022-07-22,286.275,0.0014454126358032,0.6944450000000001,2162852.0,,,
2022-07-23,289.8,0.0258173048496246,0.694445,1866738.0,,,
2022-07-24,291.5,0.5159452557563782,0.555556,1265186.0,,,
2022-07-25,292.675,0.0462979078292846,0.555556,1813000.0,,,
2022-07-26,289.67499999999995,0.3281600773334503,0.833334,1260832.0,,,
2022-07-27,286.4,0.2831621170043945,0.6944450000000001,2280128.0,,,
2022-07-28,285.55,0.0008553265943191,0.833334,2376620.0,,,
2022-07-29,284.925,0.0008610408985987,0.555556,2343564.0,,,
2022-07-30,285.775,0.0008583068847656,1.111112,2365224.0,,,
2022-07-31,286.725,0.000435113790445,0.555556,2327454.0,,,
2022-08-01,287.375,0.000852346420288,0.694445,2352488.0,,,
2022-08-02,287.35,0.1436412334442138,0.555556,1680618.0,,,
2022-08-03,287.70000000000005,0.9864717721939088,0.8333340000000001,2258288.0,,,
2022-08-04,287.07500000000005,0.0008583068847656,0.555556,2426400.0,,,
2022-08-05,284.70000000000005,0.0008553265361115,0.833334,2393342.0,,,
2022-08-06,285.275,0.1675188541412353,0.833334,2261108.0,,,
2022-08-07,282.32500000000005,0.4032850265502929,0.6944450000000001,1381844.0,,,
2022-08-08,281.175,0.4350095987319946,1.111112,2249150.0,,,
2022-08-09,282.675,0.000426173210144,0.833334,2541286.0,,,
2022-08-10,282.975,0.0008583068847656,1.5277790000000002,2436846.0,,,
2022-08-11,286.45,0.000426173210144,1.250001,2562808.0,,,
2022-08-12,287.925,0.000435113790445,1.5277790000000002,2583126.0,,,
2022-08-13,287.275,0.000430643587606,0.694445,2573764.0,,,
2022-08-14,291.75,0.000426173210144,1.250001,2112900.0,,,
2022-08-15,283.25,0.000859797000885,1.250001,2657182.0,,,
2022-08-16,285.925,0.0012516975402832,1.944446,1957036.0,,,
2022-08-17,286.275,0.0008821486844681,1.944446,2719434.0,,,
2022-08-18,281.04999999999995,0.000852346420288,0.972223,2750582.0,,,
2022-08-19,282.225,0.0008583069429732,0.833334,2759834.0,,,
2022-08-20,286.82500000000005,0.000435113790445,1.805557,2716604.0,,,
2022-08-21,283.875,0.0,0.6944450000000001,2780408.0,,,
2022-08-22,283.875,0.0008523463038727,0.833334,2790246.0,,,
2022-08-23,286.5,0.0008523463038727,0.833334,2761162.0,,,
2022-08-24,288.5,0.2032816410064697,0.694445,2610152.0,,,
2022-08-25,292.5,0.0311043113470077,0.555556,2695134.0,,,
2022-08-26,292.95000000000005,0.0347793102264404,0.416667,2511642.0,,,
2022-08-27,287.525,0.000426173210144,1.944446,2873426.0,,,
2022-08-28,282.275,0.0,0.972223,2895176.0,,,
2022-08-29,281.65,0.000435113790445,0.972223,2927926.0,,,
2022-08-30,283.325,0.0004410743713378,1.111112,2914636.0,,,
2022-08-31,287.375,0.0008523463038727,1.111112,2821888.0,,,
2022-09-01,289.225,0.000435113790445,1.38889,2942362.0,,,
2022-09-02,285.225,0.000435113790445,1.111112,3011028.0,,,
2022-09-03,284.0,0.0008523463038727,0.694445,2990086.0,,,
2022-09-04,286.3,0.0008342349319718,1.111112,3071864.0,,,
2022-09-05,286.42499999999995,0.0008667956572026,0.972223,3103872.0,,,
2022-09-06,287.04999999999995,0.0004410743713378,1.250001,3097808.0,,,
2022-09-07,290.9,0.0008583068847656,1.944446,3037604.0,,,
2022-09-08,287.05,0.0004276633262634,1.5277790000000002,3108820.0,,,
2022-09-09,283.675,0.0008583068847656,0.972223,3133132.0,,,
2022-09-10,283.85,0.0198930501937866,0.972223,3107684.0,,,
2022-09-11,286.4,0.0,1.111112,3164468.0,,,
2022-09-12,286.375,0.0008587974589318,0.833334,3009152.0,,,
2022-09-13,286.475,0.0008597968844696,0.694445,3193482.0,,,
2022-09-14,287.275,0.0004276632098481,0.694445,3250290.0,,,
2022-09-15,287.575,0.0008523463038727,1.250001,3085980.0,,,
2022-09-16,289.425,0.000861311214976,1.111112,2708926.0,,,
2022-09-17,292.0,1.8517076969146729,1.250001,2962790.0,,,
2022-09-18,289.7,0.0159218907356262,1.38889,2894376.0,,,
2022-09-19,287.65,0.2096444368362426,0.972223,1494922.0,,,
2022-09-20,284.9,1.2939274311065674,0.972223,1731674.0,,,
2022-09-21,279.775,0.001460313796997,1.111112,3338780.0,,,
2022-09-22,284.125,0.0008609413634985,0.555556,3353028.0,,,
2022-09-23,286.575,0.000858636049088,0.833334,3234439.0,,,
2022-09-24,288.075,1.6331106424331665,0.972223,2924741.0,,,
2022-09-25,289.25,0.0004410742840263,0.833334,3363126.0,,,
2022-09-26,287.57500000000005,1.3808012008666992,0.833334,1420367.5,,,
2022-09-27,285.25,0.4873154759407043,0.972223,1436293.0,,,
2022-09-28,285.29999999999995,0.0713318586349487,0.555556,2680980.5,,,
2022-09-29,287.75,0.0,0.416667,3413218.0,,,
2022-09-30,288.2,0.0008430684683844,0.694445,3416088.0,,,
2022-10-01,289.725,0.0,0.833334,3369239.0,,,
2022-10-02,291.225,0.0004351138486526,0.833334,3427697.0,,,
2022-10-03,290.625,0.0008745644590817,1.111112,3433586.0,,,
2022-10-04,291.95000000000005,2.696588516235352,1.38889,2181751.0,,,
2022-10-05,287.325,0.0116080045700073,0.972223,3504956.0,,,
2022-10-06,289.2,0.0,0.833334,3519543.0,,,
2022-10-07,291.125,0.0,1.3888900000000002,3591058.0,,,
2022-10-08,289.4,0.0004276632098481,2.0833350000000004,3644314.0,,,
2022-10-09,284.15,0.0463157892227172,0.972223,2989018.0,,,
2022-10-10,285.5,0.0,1.111112,3628096.0,,,
2022-10-11,287.25,0.0008583068847656,0.833334,3658404.0,,,
2022-10-12,289.95,0.0410974025726318,1.250001,3587990.0,,,
2022-10-13,287.475,0.1911669969558715,1.666668,2787376.0,,,
2022-10-14,282.8,0.0657439231872558,0.833334,2724942.0,,,
2022-10-15,288.6,0.0025928020477294,0.833334,2867284.0,,,
2022-10-16,291.75,0.0670701190829277,0.972223,1290734.0,,,
2022-10-17,288.825,0.1292228698730468,0.694445,1039372.0,,,
2022-10-18,289.225,1.0676532983779907,0.555556,1798922.0,,,
2022-10-19,289.85,1.3520522117614746,0.416667,3374908.0,,,
2022-10-20,291.975,0.0641494989395141,0.833334,3708858.0,,,
2022-10-21,291.9,0.0055804848670959,0.833334,3035012.0,,,
2022-10-22,288.375,0.0004261731810402,0.972223,3277470.0,,,
2022-10-23,290.04999999999995,0.0834017992019653,0.833334,3028016.0,,,
2022-10-24,294.125,2.9706954956054688,0.972223,3229318.0,,,
2022-10-25,297.25,3.6330370903015137,1.250001,3560166.0,,,
2022-10-26,293.25,0.0689625740051269,1.250001,3732490.0,,,
2022-10-27,294.225,0.0010430812835693,0.972223,3765136.0,,,
2022-10-28,296.57500000000005,0.0004437155730556,1.111112,3627348.0,,,
2022-10-29,298.275,0.0021710991859436,0.972223,3097428.0,,,
2022-10-30,289.975,0.0008583068847656,2.0833350000000004,3963342.0,,,
2022-10-31,285.375,0.0008427368593402,1.666668,3946376.0,,,
2022-11-01,285.79999999999995,0.0004351139068603,0.833334,3945232.0,,,
2022-11-02,288.5,0.0008583068847656,1.111112,3887226.0,,,
2022-11-03,289.07500000000005,0.000881117535755,0.972223,3808262.0,,,
2022-11-04,291.7,0.0008523463038727,1.111112,3797278.0,,,
2022-11-05,294.0,0.0004351138777565,1.111112,3226084.0,,,
2022-11-06,293.125,0.3152787685394287,0.972223,3460950.0,,,
2022-11-07,293.75,0.0021785497665405,1.111112,3776530.0,,,
2022-11-08,294.225,0.0102818012237548,1.250001,3326856.0,,,
2022-11-09,294.6,1.1390149593353271,1.111112,3613782.0,,,
2022-11-10,295.57500000000005,1.2178272008895874,1.111112,3404044.0,,,
2022-11-11,296.6,3.3993945121765137,1.250001,2453924.0,,,
2022-11-12,293.275,1.8915534019470213,0.972223,3177412.0,,,
2022-11-13,292.225,0.0008523463038727,1.250001,3906168.0,,,
2022-11-14,292.5,0.0,0.694445,3851368.0,,,
2022-11-15,296.57500000000005,0.0008583068847656,0.833334,3845512.0,,,
2022-11-16,298.25,0.0,1.250001,3876916.0,,,
2022-11-17,299.075,0.0008583068847656,1.111112,3846120.0,,,
2022-11-18,300.175,0.4006028175354004,1.111112,3504718.0,,,
2022-11-19,298.775,0.5515217781066895,1.250001,2124510.0,,,
2022-11-20,292.45000000000005,1.1547645330429075,0.972223,3969840.0,,,
2022-11-21,290.875,0.0,1.250001,3982440.0,,,
2022-11-22,291.875,0.0008523463038727,0.833334,3926754.0,,,
2022-11-23,296.75,0.0,0.833334,3916408.0,,,
2022-11-24,299.45000000000005,0.0008597968844696,0.833334,3930792.0,,,
2022-11-25,300.20000000000005,9.153495739155916e-06,0.972223,3934534.0,,,
2022-11-26,300.575,0.0004276632098481,1.111112,3938408.0,,,
2022-11-27,300.95000000000005,0.3181695938110351,1.111112,3846222.0,,,
2022-11-28,300.15,1.3564108610153198,0.972223,3615300.0,,,
2022-11-29,300.125,4.822082996368408,0.972223,2364318.0,,,
2022-11-30,293.525,0.0387439504265785,0.972223,3030320.0,,,
2022-12-01,295.225,0.0573992654681205,0.972223,3693668.0,,,
2022-12-02,296.20000000000005,0.0,0.833334,3922848.0,,,
2022-12-03,297.04999999999995,0.0760555267333984,0.833334,3865248.0,,,
2022-12-04,298.475,0.0004410744586493,0.833334,3977808.0,,,
2022-12-05,300.025,0.1056235209107399,1.111112,3356504.0,,,
2022-12-06,301.95,0.4096925258636474,0.833334,3601584.0,,,
2022-12-07,302.875,0.1699550151824951,0.833334,3846056.0,,,
2022-12-08,301.175,0.9477883577346802,1.111112,3619344.0,67.0830809859155,71.86019160470315,5.0
2022-12-09,298.15,3.969136714935303,1.111112,2838036.0,,,
2022-12-10,300.525,0.0013858079910278,0.833334,3927960.0,,,
2022-12-11,302.275,0.3615617752075195,0.972223,3743608.0,,,
2022-12-12,300.15,0.0,1.111112,3944768.0,,,
2022-12-13,296.975,0.0689476728439331,0.833334,3972224.0,64.52933812949641,71.47944695580507,5.0
2022-12-14,299.65,1.1183247566223145,1.111112,3970268.0,,,
2022-12-15,298.875,0.1013279035687446,1.38889,3846400.0,41.03948207171313,67.03958423664656,4.0
2022-12-16,296.32500000000005,1.89813232421875,1.250001,3835368.0,,,
2022-12-17,295.1,0.0008597968844696,0.833334,3780672.0,,,
2022-12-18,294.275,0.000426173210144,0.833334,3907836.0,62.930513274336256,71.23332561857978,5.0
2022-12-19,296.1,0.0004619359970092,0.972223,3869132.0,,,
2022-12-20,298.45,0.0914633274078369,1.111112,3621020.0,48.56544642857144,68.69136965520258,4.0
2022-12-21,299.7,0.1721531152725219,1.250001,3668980.0,,,
2022-12-22,298.0,3.647789239883423,1.111112,2778748.0,,,
2022-12-23,292.775,0.4768967628479004,0.833334,3103000.0,,,
2022-12-24,293.42499999999995,0.7481045126914978,1.250001,3395784.0,,,
2022-12-25,291.04999999999995,0.0461339950561523,0.6944450000000001,3751152.0,,,
2022-12-26,293.04999999999995,2.6984663009643555,0.694445,3697952.0,,,
2022-12-27,294.525,3.067880868911743,0.694445,3300244.0,,,
2022-12-28,294.15,0.0,0.555556,3995112.0,,,
2022-12-29,295.2,0.081673264503479,0.694445,3902444.0,,,
2022-12-30,297.75,0.2624541521072387,0.694445,3018820.0,36.31613636363635,65.84009189183398,4.0
2022-12-31,296.85,1.8496215343475344,0.555556,3203772.0,,,
2023-01-01,296.20000000000005,0.293731689453125,0.972223,4020688.0,,,
2023-01-02,294.5,1.131156086921692,0.694445,3622236.0,88.13040322580645,74.53720038576878,5.0
2023-01-03,294.925,0.0018805265426635,0.555556,3707736.0,,,
2023-01-04,296.75,0.0008553267689421,0.694445,3976584.0,75.0313529411765,72.95865850155388,5.0
2023-01-05,297.20000000000005,0.000435113790445,0.833334,3959032.0,,,
2023-01-06,298.1,0.2943158149719238,0.833334,3809516.0,,,
2023-01-07,299.725,0.1999437808990478,0.833334,3568664.0,67.21183406113536,71.879001967768,5.0
2023-01-08,300.225,0.1135021448135376,0.694445,3345056.0,,,
2023-01-09,299.54999999999995,0.4288405179977417,0.694445,3652880.0,54.28614457831321,69.78377918504866,4.0
2023-01-10,300.67499999999995,0.5672872066497803,0.694445,3602748.0,,,
2023-01-11,297.04999999999995,6.675213813781738,0.694445,1316152.0,,,
2023-01-12,290.65,0.039885651320219,0.833334,3841936.0,,,
2023-01-13,294.35,0.0,0.694445,3994088.0,,,
2023-01-14,296.25,0.1272559165954589,0.833334,3149778.0,56.44365217391309,70.1661122001157,5.0
2023-01-15,297.175,0.0753348171710968,0.694445,3852378.0,,,
2023-01-16,299.875,0.0995397567749023,0.833334,3593656.0,,,
2023-01-17,299.1,0.9657368063926696,0.833334,3310852.0,,,
2023-01-18,298.95000000000005,0.0776082202792167,0.833334,3310422.0,,,
2023-01-19,300.875,1.0124473571777344,0.833334,3780818.0,72.29216981132075,72.59382221318083,5.0
2023-01-20,303.85,5.200192451477051,1.5277790000000002,3732448.0,,,
2023-01-21,298.29999999999995,0.1460909843444824,0.833334,3758224.0,,,
2023-01-22,298.65,0.0270530581474304,0.694445,3349116.0,65.2297945205479,71.5853592534831,5.0
2023-01-23,297.525,0.2717971801757812,0.833334,3666232.0,,,
2023-01-24,298.475,3.2990612983703613,0.972223,3187318.0,,,
2023-01-25,298.07500000000005,0.1500248908996582,0.972223,3784404.0,,,
2023-01-26,298.4,8.655444145202637,0.833334,2052000.0,,,
2023-01-27,295.375,0.5335062742233276,0.6944450000000001,3273444.0,,,
2023-01-28,296.125,0.4465281963348388,0.555556,2499500.0,,,
2023-01-29,295.57500000000005,1.1128634214401243,0.277778,3444030.0,,,
2023-01-30,298.45000000000005,1.2964814901351929,0.694445,3034006.0,,,
2023-01-31,299.42499999999995,2.312600612640381,0.555556,3259022.0,,,
2023-02-01,297.875,7.035300254821777,0.972223,2716682.0,,,
2023-02-02,294.9,0.1996606588363647,0.833334,3234896.0,,,
2023-02-03,294.975,0.0957846641540527,0.972223,3270962.0,,,
2023-02-04,296.0,0.0038444995880126,0.694445,3871554.0,,,
2023-02-05,296.65,0.000435113790445,0.972223,3871694.0,,,
2023-02-06,297.725,0.3198832273483276,0.694445,3825994.0,69.6071523178808,72.22252846068821,5.0
2023-02-07,299.67499999999995,1.418337106704712,0.833334,3422480.0,,,
2023-02-08,297.825,0.6546556949615479,0.833334,3715446.0,71.68353846153843,72.51088170635305,5.0
2023-02-09,299.65,0.0008597968844696,0.972223,3820176.0,,,
2023-02-10,298.225,0.0004276633262634,0.833334,3575200.0,,,
2023-02-11,299.1,0.90104341506958,0.694445,3249426.0,113.1592073170732,76.98948622346973,5.0
2023-02-12,302.25,0.1498758792877197,1.111112,3267374.0,,,
2023-02-13,298.425,0.7727295160293579,1.111112,3484628.0,92.10197297297296,74.9696133416835,5.0
2023-02-14,297.95000000000005,0.0700831562280654,0.972223,3319550.0,,,
2023-02-15,299.70000000000005,8.315913200378418,0.972223,3127034.0,,,
2023-02-16,293.45000000000005,0.00038743019104,1.666668,2867650.0,67.60035211267603,71.93554541158498,5.0
2023-02-17,284.0,0.000852346420288,1.111112,3864674.0,,,
2023-02-18,287.0,0.0008680065511725,0.972223,3772502.0,68.48954545454544,72.06374171381009,5.0
2023-02-19,290.42499999999995,0.0,0.972223,3708072.0,,,
2023-02-20,293.775,0.0008702276973053,1.111112,3664796.0,,,
2023-02-21,295.8,2.0727663040161133,0.972223,2972238.0,95.84453125,75.36035591730393,5.0
2023-02-22,294.975,0.4274442195892334,1.111112,3500568.0,,,
2023-02-23,295.70000000000005,2.2550673484802246,0.833334,3157972.0,65.25919642857147,71.58978005129133,5.0
2023-02-24,295.85,1.5631914138793943,0.694445,3439192.0,,,
2023-02-25,295.9,1.7413792610168457,0.694445,3343802.0,,,
2023-02-26,295.425,0.0786185264587402,0.833334,3513418.0,,,
2023-02-27,296.975,0.0077491458505392,0.833334,3450106.0,,,
2023-02-28,298.275,3.305286169052124,0.694445,3220516.0,95.25582781456951,75.29991438805789,5.0
2023-03-01,297.95000000000005,0.0,0.694445,3629540.0,,,
2023-03-02,298.45000000000005,0.0008523463038727,0.694445,3559066.0,,,
2023-03-03,298.125,0.000435113790445,0.694445,3401550.0,100.82483333333334,75.8573037866204,5.0
2023-03-04,299.3,0.0104159116744995,0.694445,3348697.0,,,
2023-03-05,299.55,0.5617619156837463,0.833334,2641488.0,66.17430232558141,71.72638653289079,5.0
2023-03-06,298.4,0.0104904174804687,1.111112,3466676.0,,,
2023-03-07,296.3,0.0422298908233642,0.833334,3483730.0,,,
2023-03-08,297.92499999999995,6.111804395914078e-07,0.833334,3475934.0,115.24138461538467,77.16835375624166,5.0
2023-03-09,299.42499999999995,0.000435113790445,0.694445,3472650.0,,,
2023-03-10,300.1,0.0008583068847656,0.972223,3433306.0,68.83642857142854,72.11330161154018,5.0
2023-03-11,300.8,0.0004368268128018,0.694445,3242910.0,,,
2023-03-12,300.875,0.0942349433898925,0.833334,3131350.0,,,
2023-03-13,300.8,4.066124439239502,0.833334,2633806.0,72.9574,72.6836807069203,5.0
2023-03-14,298.275,0.4591942131519317,0.694445,3236507.0,,,
2023-03-15,299.125,0.0852700322866439,0.833334,3335740.0,53.32072289156626,69.60774876821202,4.0
2023-03-16,299.475,0.0008525970042683,0.555556,3373995.0,,,
2023-03-17,298.975,0.0,0.694445,3256907.0,,,
2023-03-18,298.925,0.1985877752304077,0.694445,2940435.0,69.91478260869559,72.26578844048936,5.0
2023-03-19,299.525,0.4081757366657257,0.972223,2662564.5,,,
2023-03-20,294.9,0.7634460926055908,0.555556,2299924.0,,,
2023-03-21,293.725,2.102196216583252,0.6944450000000001,2237686.0,,,
2023-03-22,292.92499999999995,4.238086700439453,0.416667,1774508.0,,,
2023-03-23,294.225,1.6036033630371094,0.416667,766040.0,,,
2023-03-24,294.6,0.2291947603225708,0.277778,2213802.0,,,
2023-03-25,296.1,0.0180006027221679,0.833334,2436612.0,107.09141025641028,76.44882798562787,5.0
2023-03-26,293.925,0.0770986080169677,0.694445,2647540.0,,,
2023-03-27,295.225,0.0004321336746215,0.972223,3055408.0,,,
2023-03-28,298.425,0.0096112489700317,1.5277790000000002,2232048.0,,,
2023-03-29,294.375,0.0053271651268005,1.5277790000000002,2885402.0,,,
2023-03-30,293.375,0.6858706474304199,0.555556,1406928.0,,,
2023-03-31,290.675,0.0008583068847656,0.972223,3034326.0,,,
2023-04-01,291.925,0.1724637150764465,0.833334,719008.0,,,
2023-04-02,290.25,0.6388574838638306,0.416667,1181994.0,,,
2023-04-03,295.15,1.1061429977416992,0.555556,1860918.0,,,
2023-04-04,293.42499999999995,0.1279413700103759,0.555556,1640464.0,,,
2023-04-05,293.95,0.2324879169464111,0.694445,2215244.0,,,
2023-04-06,293.9,0.3534201979637146,0.555556,2492020.0,,,
2023-04-07,295.975,0.0120997428894042,0.555556,2188988.0,,,
2023-04-08,295.20000000000005,0.0008523463620804,0.833334,2808066.0,,,
2023-04-09,294.4,0.0057518482208251,0.972223,2387962.0,48.86946564885498,68.75258874323278,4.0
2023-04-10,293.775,0.000876186939422,0.555556,2407858.0,,,
2023-04-11,295.35,0.4047602415084839,0.833334,1400274.0,,,
2023-04-12,290.6,1.1629276275634766,0.972223,1162174.0,,,
2023-04-13,285.32500000000005,0.1332461833953857,0.416667,1518118.0,,,
2023-04-14,287.75,0.0359335504472255,0.555556,2155320.0,,,
2023-04-15,288.5,0.0983700156211853,0.416667,1440986.0,,,
2023-04-16,289.725,0.0979062169790268,0.555556,2092372.0,,,
2023-04-17,289.75,0.1082196831703186,0.694445,2607468.0,36.16437499999997,65.79901102402778,4.0
2023-04-18,288.725,0.0008702276973053,0.694445,2738548.0,,,
2023-04-19,289.79999999999995,0.0,0.694445,2748236.0,68.39615384615377,72.05035577466298,5.0
2023-04-20,289.775,0.0,0.555556,2243970.0,,,
2023-04-21,291.4,0.03892183303833,0.972223,2337184.0,,,
2023-04-22,291.85,0.4803836345672607,0.416667,2090376.0,,,
2023-04-23,290.8,1.7339885234832764,0.416667,1673634.0,,,
2023-04-24,289.675,0.0171319115906953,0.416667,2486536.0,,,
2023-04-25,291.32500000000005,0.0,0.416667,2634204.0,,,
2023-04-26,291.25,0.0,0.416667,2644362.0,,,
2023-04-27,291.725,0.0008523463038727,0.833334,2614586.0,34.495,65.33538912664109,4.0
2023-04-28,294.475,0.0008523463038727,1.3888900000000002,2565560.0,,,
2023-04-29,298.975,0.5649775266647339,2.222224,1864802.0,33.72451923076923,65.1137886863633,4.0
2023-04-30,292.75,0.353790819644928,1.8055570000000003,1183070.0,,,
2023-05-01,288.475,0.0004276632098481,0.555556,1917518.0,,,
2023-05-02,288.45000000000005,0.0,0.555556,2255912.0,,,
2023-05-03,287.05,0.0805497169494628,0.416667,2259932.0,,,
2023-05-04,286.225,1.7324090003967283,0.416667,510936.0,,,
2023-05-05,286.475,0.0541955232620239,0.416667,2047384.0,,,
2023-05-06,288.25,0.0008583068847656,0.416667,2444112.0,,,
2023-05-07,289.075,0.0008583068847656,0.416667,2428776.0,37.44715789473681,66.14095130910133,4.0
2023-05-08,288.225,0.0008583068847656,0.416667,2450180.0,,,
2023-05-09,288.75,0.003710389137268,0.972223,2290836.0,33.88795454545457,65.16121495167323,4.0
2023-05-10,288.7,0.0095143904909491,0.555556,2025464.0,,,
2023-05-11,290.75,0.0008681182516738,0.416667,2310284.0,,,
2023-05-12,290.175,0.0008583068847656,0.694445,2364272.0,,,
2023-05-13,289.45000000000005,0.0,0.694445,2375016.0,,,
2023-05-14,292.35,0.0008598481072112,0.416667,2358416.0,,,
2023-05-15,291.7,0.0008821489172987,0.972223,2256236.0,,,
2023-05-16,293.475,0.1826882362365722,1.8055570000000003,1696436.0,,,
2023-05-17,293.5,1.197606325149536,1.250001,2271124.0,,,
2023-05-18,288.85,0.2758949995040893,0.555556,1359856.0,,,
2023-05-19,293.20000000000005,0.0704675912857055,0.833334,1570476.0,51.4208556149733,69.2518300844323,4.0
2023-05-20,287.25,0.0703409314155578,0.6944450000000001,1500992.0,,,
2023-05-21,290.325,0.002436339855194,0.694445,2010756.0,,,
2023-05-22,290.79999999999995,0.0133663415908813,0.694445,1436132.0,,,
2023-05-23,291.975,0.0367537140846252,1.666668,975976.0,,,
2023-05-24,293.2,0.2638325095176697,0.555556,987024.0,,,
2023-05-25,293.875,1.2587831020355225,0.416667,1214152.0,,,
2023-05-26,291.075,0.1115649938583374,0.6944450000000001,1206552.0,,,
2023-05-27,285.35,0.0062659382820129,0.972223,2150996.0,,,
2023-05-28,284.35,0.036776065826416,0.555556,1233636.0,,,
2023-05-29,284.92499999999995,0.0008523463038727,0.972223,1941496.0,,,
2023-05-30,285.95000000000005,0.0,0.416667,2152488.0,,,
2023-05-31,286.475,0.0008583068847656,1.111112,2093696.0,,,
2023-06-01,288.3487854003906,0.0028721988201141,1.0268608331680298,1998544.0,,,
2023-06-02,290.8904724121094,0.0242739915847778,1.349459886550903,1820700.0,,,
2023-06-03,290.00885009765625,0.7335842251777649,0.7365682721138,647680.0,,,
2023-06-04,288.1224975585937,0.0013411045074462,1.0881294012069702,1844816.0,,,
2023-06-05,288.3077087402344,0.009387731552124,0.7277421355247498,1870412.0,,,
2023-06-06,290.2431030273437,0.0953972339630127,1.104786396026611,1040874.0,,,
2023-06-07,288.7471923828125,0.0053495168685913,0.6888011693954468,1982860.0,,,
2023-06-08,292.03497314453125,0.0030398368835449,1.2059977054595947,2001028.0,,,
2023-06-09,289.96783447265625,0.0021755693014711,1.5556823015213013,2120416.0,,,
2023-06-10,284.3638610839844,0.0267848372459411,0.9335266947746276,1895980.0,,,
2023-06-11,283.4140014648437,0.0008583068847656,0.7011097073554993,2127772.0,41.3145744680851,67.1051223912703,4.0
2023-06-12,281.3210144042969,0.0008762739016674,0.6746348142623901,2153292.0,,,
2023-06-13,281.156005859375,0.0008583068847656,0.5825353860855103,2177528.0,33.65447552447558,65.0933927452023,4.0
2023-06-14,281.096435546875,0.0008733910508453,0.9138633012771606,1773840.0,,,
2023-06-15,281.595458984375,0.0008845485863275,0.8496307730674744,2115532.0,,,
2023-06-16,282.2306213378906,0.0008631195523776,0.883883535861969,2064272.0,27.13612244897961,62.981493223491555,4.0
2023-06-17,282.1040344238281,0.0001788139343261,0.6533195972442627,1702000.0,,,
2023-06-18,282.0506286621094,0.1620054244995117,1.1426080465316772,1339668.0,,,
2023-06-19,283.9644470214844,0.1075752079486846,0.7623588442802429,796192.0,,,
2023-06-20,284.8412170410156,0.3248974680900574,0.574468731880188,1994968.0,,,
2023-06-21,284.62725830078125,0.000859797000885,0.5863375663757324,1938688.0,,,
2023-06-22,284.7513732910156,0.0008821489172987,0.9980095028877258,2023328.0,,,
2023-06-23,287.83221435546875,0.0008597968844696,0.9468184113502502,2039296.0,,,
2023-06-24,289.9110717773437,0.0008523463620804,1.033109188079834,2055376.0,,,
2023-06-25,287.8495178222656,0.000426173210144,0.863408088684082,2093530.0,,,
2023-06-26,288.6988220214844,0.1951754093170166,1.2107852697372437,1207326.0,22.02443708609269,60.934017138856575,4.0
2023-06-27,286.7909851074219,0.0151582062244415,0.6657136678695679,2131498.0,,,
2023-06-28,285.19647216796875,0.0008583068847656,0.9725928902626038,2028668.0,18.46900000000003,59.20687871526795,4.0
2023-06-29,283.4576416015625,0.0008583068847656,0.9492331147193908,1944076.0,,,
2023-06-30,284.4328918457031,0.0008583068847656,0.9182645082473756,1870956.0,,,
2023-07-01,285.18023681640625,0.013589859008789,1.0660476684570312,1815372.0,,,
2023-07-02,291.060302734375,0.0008612872334197,1.5213918685913086,2002144.0,,,
2023-07-03,290.91845703125,0.0020265583880245,1.1638593673706057,1697534.0,,,
2023-07-04,292.28790283203125,0.2833753824234009,1.0465134382247925,1282412.0,,,
2023-07-05,289.1332092285156,0.1897662878036499,0.7905600070953369,962362.0,,,
2023-07-06,286.8824768066406,0.1520067453384399,0.7153822183609009,1330274.0,,,
2023-07-07,285.132080078125,0.0019967555999755,0.7631574273109436,2036280.0,,,
2023-07-08,285.8907470703125,0.0734776258468627,0.6446785926818848,1004640.0,35.52230769230765,65.62327828016814,4.0
2023-07-09,286.8769226074219,1.0379105806350708,0.6103564500808716,543138.0,,,
2023-07-10,287.2267761230469,0.8016228675842285,0.5946516394615173,359480.0,,,
2023-07-11,284.4909973144531,0.6755292415618896,0.6690604090690613,641604.0,,,
2023-07-12,282.728271484375,0.0069011002779006,1.019629716873169,1939400.0,,,
2023-07-13,280.6450500488281,0.0008583068847656,0.7570425868034363,2061636.0,,,
2023-07-14,280.12091064453125,0.0,1.0138615369796753,2163580.0,,,
2023-07-15,281.69805908203125,0.0175628811120986,0.8864695429801941,2104960.0,,,
2023-07-16,282.3085327148437,0.0163018703460693,0.6306436061859131,1917300.0,,,
2023-07-17,280.9617919921875,0.0008583068847656,0.6636435389518738,2080406.0,,,
2023-07-18,280.3638000488281,0.0008672475814819,0.9294755458831788,2050248.0,27.303846153846138,63.041940530604045,4.0
2023-07-19,281.31787109375,0.0008383042295463,1.244794845581055,2208522.0,,,
2023-07-20,284.7958374023437,0.0008583068847656,1.2299094200134275,1987248.0,,,
2023-07-21,288.9785461425781,0.0077550294809043,1.4132096767425537,2180766.0,,,
2023-07-22,290.4891967773437,0.0047624106518924,1.1180899143218994,2238084.0,,,
2023-07-23,284.9656677246094,0.0016704202862456,1.1574159860610962,1986752.0,,,
2023-07-24,283.4864807128906,0.0121176056563854,0.7533304691314697,2140408.0,,,
2023-07-25,282.9714050292969,0.0004410743713378,0.6324572563171387,2320696.0,,,
2023-07-26,283.4939880371094,0.000426173210144,0.8316209316253662,2338712.0,36.79758620689649,65.96929038054148,4.0
2023-07-27,284.7356872558594,0.0,0.9315686225891112,2311460.0,,,
2023-07-28,284.66900634765625,0.0008597968844696,0.8040263652801514,2352268.0,30.994174757281503,64.28557089532544,4.0
2023-07-29,287.0869445800781,0.0,1.329699158668518,2249414.0,,,
2023-07-30,289.66082763671875,0.0008523463038727,1.007039189338684,2194954.0,,,
2023-07-31,289.5685729980469,0.0008523463038727,1.1166796684265137,2343694.0,,,
2023-08-01,294.03179931640625,0.0036209819372743,1.238653302192688,2358404.0,,,
2023-08-02,293.5511474609375,0.255778431892395,1.0553815364837646,2047818.0,61.20499999999996,70.96058536702454,5.0
2023-08-03,288.4858093261719,0.0008583068847656,1.1004860401153564,2414024.0,,,
2023-08-04,287.8187255859375,0.0008583068847656,0.7217256426811218,2385694.0,,,
2023-08-05,288.6618347167969,0.0,0.8246086239814758,2394224.0,,,
2023-08-06,290.1957397460937,0.0008523463038727,1.1920390129089355,2484000.0,,,
2023-08-07,286.4671936035156,0.2386868000030517,1.2359018325805664,1813120.0,36.18788732394363,65.80538693816226,4.0
2023-08-08,283.60272216796875,0.0008583068847656,0.5555974245071411,2399412.0,,,
2023-08-09,284.9026184082031,0.0,0.8722551465034485,2525868.0,,,
2023-08-10,289.1924743652344,0.000426173210144,1.310765027999878,2507554.0,53.0705909090909,69.56162095605274,4.0
2023-08-11,286.4250183105469,0.0008583068847656,0.9397837519645692,2544848.0,,,
2023-08-12,284.9767150878906,0.0004351138486526,0.6432920694351196,2575468.0,,,
2023-08-13,286.4183349609375,0.0,1.218259572982788,2642632.0,,,
2023-08-14,290.7439880371094,0.0,1.153977870941162,2365694.0,,,
2023-08-15,292.5509948730469,0.0,1.4295201301574707,2549062.0,49.25578947368422,68.82983402118461,4.0
2023-08-16,293.82672119140625,0.098884105682373,0.973496437072754,2503682.0,,,
2023-08-17,290.8113098144531,0.0486001372337341,0.8274867534637451,2669612.0,60.56349344978165,70.85722139656679,5.0
2023-08-18,286.63818359375,0.0,1.087418794631958,2647726.0,,,
2023-08-19,286.3188781738281,0.000435113790445,1.1238481998443604,2653396.0,,,
2023-08-20,286.6478271484375,0.0004276633262634,0.984886109828949,2727400.0,59.02819383259911,70.60532902700339,5.0
2023-08-21,291.7926025390625,0.0027567148208618,1.586474895477295,2677486.0,,,
2023-08-22,288.5530090332031,0.0008579699206165,1.1235781908035278,2719732.0,45.06770833333333,67.95810834795958,4.0
2023-08-23,285.0780639648437,0.0534877181053161,0.8506404757499695,2686930.0,,,
2023-08-24,286.72637939453125,0.0442713499069213,0.9575761556625366,2613472.0,,,
2023-08-25,285.967529296875,0.0863000750541687,0.6267065405845642,2220320.0,,,
2023-08-26,284.3534545898437,0.0021010637283325,0.8281765580177307,2687400.0,,,
2023-08-27,285.2785949707031,0.0,0.9400632381439208,2846746.0,50.87377358490567,69.14689933829368,4.0
2023-08-28,285.9165344238281,0.0017166138859465,1.4264243841171265,2889746.0,,,
2023-08-29,287.7728576660156,0.0004336237325333,0.8887678384780884,2898504.0,,,
2023-08-30,291.4447021484375,0.000435113790445,1.3452492952346802,2867130.0,54.04362318840579,69.73985517674083,4.0
2023-08-31,288.3587341308594,0.0008583068847656,1.2124600410461426,2816062.0,,,
2023-09-01,291.6136169433594,1.2192726135253906,0.8966342210769653,581596.0,,,
2023-09-02,287.95965576171875,1.6315877437591553,1.1762486696243286,2120004.0,,,
2023-09-03,284.3837280273437,0.1020729541778564,1.0178921222686768,2433536.0,,,
2023-09-04,284.7302551269531,0.0,1.0645982027053833,2868644.0,,,
2023-09-05,284.53350830078125,0.0594407320022583,0.8685317635536194,1209790.0,,,
2023-09-06,284.2353515625,0.1209974288940429,0.909393072128296,1742010.0,,,
2023-09-07,287.12042236328125,0.0970587134361267,0.6888472437858582,1642848.0,,,
2023-09-08,285.1141052246094,0.0017166137695312,0.5397815704345703,2995026.0,,,
2023-09-09,287.6428527832031,0.0008553267689421,1.0388120412826538,3034668.0,,,
2023-09-10,292.2377319335937,0.2043098211288452,1.1788586378097534,3077776.0,,,
2023-09-11,294.4757385253906,0.0859200954437255,1.5118036270141602,2382996.0,44.30683673469382,67.79107352369087,4.0
2023-09-12,286.6475830078125,0.0281512737274169,1.2753113508224487,3160646.0,,,
2023-09-13,286.3540344238281,0.0008628144860267,0.7151598930358887,3135768.0,,,
2023-09-14,288.699462890625,0.000426173210144,1.300429105758667,3216366.0,,,
2023-09-15,293.3855895996094,0.0,1.6366620063781738,3212146.0,,,
2023-09-16,295.4825744628906,0.0008597968844696,1.2212936878204346,2909166.0,42.71346153846156,67.43178360610838,4.0
2023-09-17,290.2790832519531,0.0,1.4117897748947144,3181420.0,,,
2023-09-18,286.500244140625,0.0008583068847656,1.4052762985229492,3207070.0,,,
2023-09-19,287.7525329589844,0.0430643558502197,0.6898332834243774,3007064.0,53.75701923076922,69.68769238093881,4.0
2023-09-20,288.9609069824219,0.0026188790798187,0.7156934142112732,3216894.0,,,
2023-09-21,292.6672668457031,0.1538420915603637,0.9677673578262328,2161398.0,,,
2023-09-22,292.2731018066406,0.0965893268585205,0.8319666385650635,2614334.5,,,
2023-09-23,292.612060546875,0.1785717904567718,0.7195011377334595,1803293.5,,,
2023-09-24,290.1439208984375,0.0611022114753723,0.8193239569664001,2562556.5,,,
2023-09-25,291.4828796386719,0.0562146306037902,0.8424590229988098,2009010.0,,,
2023-09-26,288.4683532714844,0.0,1.321545124053955,3466430.0,,,
2023-09-27,288.6376647949219,0.0,0.8951210975646973,3370667.0,,,
2023-09-28,290.13189697265625,0.0008523463038727,1.167718529701233,2903135.0,,,
2023-09-29,287.775,0.0008583068847656,0.972223,3296535.0,,,
2023-09-30,289.4,0.0004410743713378,0.694445,3420857.0,,,
2023-10-01,289.65,0.0,0.972223,3405572.0,60.44905660377359,70.83866752271672,5.0
2023-10-02,292.25,0.1128315776586532,0.972223,2912049.0,,,
2023-10-03,289.025,0.1571178436279297,1.250001,3509689.0,,,
2023-10-04,286.65,0.000870227755513,0.833334,3499149.0,60.19406374501987,70.79719837533135,5.0
2023-10-05,288.375,0.169605016708374,1.250001,3227425.0,,,
2023-10-06,290.475,0.0280141830444335,0.833334,3406510.0,,,
2023-10-07,290.35,0.0008583068847656,0.694445,3499434.0,,,
2023-10-08,291.975,0.0008523463038727,0.833334,3519695.0,,,
2023-10-09,293.9,0.0976920127868652,1.250001,3524886.0,67.0048857142857,71.84874992622113,5.0
2023-10-10,296.775,0.528290867805481,1.5277790000000002,3157594.0,,,
2023-10-11,288.175,0.0008523463038727,1.8055570000000003,3621926.0,,,
2023-10-12,285.32500000000005,0.0008672475814819,0.833334,3625638.0,,,
2023-10-13,287.3,0.0008707203087396,0.972223,3611450.0,,,
2023-10-14,289.075,0.0008523463038727,1.111112,3587760.0,62.8168103448276,71.21558486656421,5.0
2023-10-15,292.67499999999995,0.0008583068847656,0.972223,3544308.0,,,
2023-10-16,295.07500000000005,0.0045001506805419,1.38889,3500220.0,67.6123121387283,71.9372808681937,5.0
2023-10-17,292.875,0.3279298543930053,1.111112,843904.0,,,
2023-10-18,288.29999999999995,0.2528056502342224,0.416667,3285600.0,,,
2023-10-19,292.0,0.0008702278719283,0.694445,3627914.0,53.41458333333333,69.62500212520598,4.0
2023-10-20,292.95000000000005,0.0772491618990898,0.972223,2132960.0,,,
2023-10-21,300.025,1.4085099697113037,0.833334,1488364.0,,,
2023-10-22,295.2,1.2328028678894043,1.250001,1866980.0,,,
2023-10-23,292.5,0.6955749988555908,0.833334,2619560.0,,,
2023-10-24,290.1,0.1072138547897338,0.833334,1486926.0,,,
2023-10-25,290.95,0.1939088106155395,0.555556,1964704.0,,,
2023-10-26,294.375,0.8337945342063904,1.111112,3021432.0,,,
2023-10-27,295.975,0.6189206838607788,1.5277790000000002,3488140.0,,,
2023-10-28,296.25,0.0350922346115112,1.111112,3724652.0,,,
2023-10-29,301.725,0.4889518022537231,1.38889,2396038.0,69.39032258064518,72.19192212846181,5.0
2023-10-30,289.7,0.1560151576995849,1.8055570000000003,3518522.0,,,
2023-10-31,288.975,0.4132725298404693,1.250001,926890.0,,,
2023-11-01,282.65,2.2457540035247803,0.972223,2462236.0,,,
2023-11-02,285.225,0.0001704320311546,1.250001,3879798.0,,,
2023-11-03,287.25,0.0008706265361979,0.972223,3855402.0,60.63577049180328,70.86892176244733,5.0
2023-11-04,290.4,0.0008612653473392,0.972223,3831528.0,,,
2023-11-05,293.65,0.0008726499509066,1.111112,3844840.0,47.94339160839159,68.5649057495016,4.0
2023-11-06,295.57500000000005,0.1539885997772216,1.250001,3784140.0,,,
2023-11-07,294.29999999999995,0.0008636198472231,1.944446,3775672.0,,,
2023-11-08,296.4,0.0008523463038727,0.972223,3827298.0,67.28562849162012,71.8897668316094,5.0
2023-11-09,293.85,0.1705884933471679,0.833334,2714108.0,,,
2023-11-10,298.4,0.0708803534507751,0.694445,3815396.0,,,
2023-11-11,298.125,0.8866041898727417,1.111112,3111564.0,,,
2023-11-12,291.55,0.0251382589340209,1.5277790000000002,3848086.0,,,
2023-11-13,291.525,0.0561922788619995,1.111112,3327038.0,,,
2023-11-14,292.7,0.7124483585357666,0.694445,3457966.0,,,
2023-11-15,295.825,2.748720407485962,0.972223,3436612.0,,,
2023-11-16,293.725,0.1337975263595581,1.111112,3766574.0,,,
2023-11-17,297.125,0.000435113790445,1.5277790000000002,3913864.0,,,
2023-11-18,294.025,0.0008648072252981,1.5277790000000002,3652562.0,69.85671739130433,72.25763771140114,5.0
2023-11-19,294.9,0.0004351139068603,0.972223,3883810.0,,,
2023-11-20,299.125,5.837857723236084,1.3888900000000002,2703648.0,59.89791489361698,70.74881502526367,5.0
2023-11-21,297.17499999999995,2.628028392791748,0.972223,3278070.0,,,
2023-11-22,295.9,0.0008583068847656,1.111112,3658950.0,,,
2023-11-23,296.275,0.1572072356939315,0.972223,2928970.0,,,
2023-11-24,296.20000000000005,0.0010430812835693,0.694445,3383348.0,,,
2023-11-25,297.125,0.3082633316516876,0.972223,3830346.0,89.82285714285715,74.72380526745434,5.0
2023-11-26,297.75,0.6722509860992432,0.833334,3511212.0,,,
2023-11-27,299.2,0.136449933052063,0.833334,3642180.0,,,
2023-11-28,300.57500000000005,3.957256317138672,1.250001,1429568.0,70.50982160555003,72.34892725409183,5.0
2023-11-29,294.425,1.084953546524048,1.250001,2064980.0,,,
2023-11-30,295.65,1.868515968322754,0.416667,2971764.0,,,
2023-12-01,300.85,0.0021755695343017,1.111112,3824962.0,,,
2023-12-02,298.6,0.2644658088684082,0.972223,1096764.0,,,
2023-12-03,290.7784423828125,0.2541318535804748,1.6147230863571167,2294832.0,,,
2023-12-04,287.9775085449219,0.4135072231292724,0.9633029103279114,1446200.0,,,
2023-12-05,289.1021423339844,0.2805888652801513,0.6471667289733887,1855580.0,,,
2023-12-06,293.2796936035156,0.0041574239730834,0.7669014930725098,3937292.0,,,
2023-12-07,295.5326843261719,0.0062435865402221,0.8871981501579285,3871028.0,,,
2023-12-08,295.159423828125,0.4071146249771118,1.182193398475647,1771296.0,69.60081433224755,72.22163518366388,5.0
2023-12-09,294.0492858886719,0.000859796826262,1.0353689193725586,4038700.0,,,
2023-12-10,295.60809326171875,0.0008597968844696,0.8666338324546814,3905380.0,80.86235955056176,73.69286224031433,5.0
2023-12-11,296.21319580078125,0.1526773124933242,1.5385887622833252,3136000.0,,,
2023-12-12,298.923095703125,0.9061992168426514,1.2342320680618286,2103448.0,,,
2023-12-13,298.8700561523437,0.7131248712539673,0.8821325302124023,2514564.0,,,
2023-12-14,298.1064147949219,0.5021244287490845,1.1498836278915403,2631668.0,,,
2023-12-15,299.1771850585937,0.5981773138046265,0.9873807430267334,3079424.0,,,
2023-12-16,301.3570861816406,1.649707555770874,1.5756603479385376,3682464.0,,,
2023-12-17,301.1568298339844,1.3361871242523191,1.0940539836883545,2109976.0,,,
2023-12-18,292.8548583984375,0.5152523517608643,1.6952104568481443,594272.0,,,
2023-12-19,287.6532287597656,0.4170387983322143,1.2939445972442627,1845592.0,,,
2023-12-20,290.2354736328125,0.1021325588226318,0.6776676177978516,2561780.0,,,
2023-12-21,294.4434814453125,0.0905245542526245,0.781687319278717,2454472.0,,,
2023-12-22,296.0359191894531,0.0732353702187538,0.735649585723877,3151856.0,,,
2023-12-23,297.8019714355469,0.6590336561203003,0.7460654377937317,3006204.0,75.42627027027027,73.01015669503371,5.0
2023-12-24,298.06591796875,1.0319576263427734,0.7056655287742615,3702108.0,,,
2023-12-25,298.4084777832031,0.0008672475814819,1.200993537902832,3910932.0,54.52750000000003,69.82729763494157,4.0
2023-12-26,297.8300170898437,0.0052303075790405,0.9404258728027344,3192724.0,,,
2023-12-27,298.5173034667969,0.3351569175720215,1.413060426712036,3425636.0,,,
2023-12-28,300.77984619140625,0.028163194656372,1.0271611213684082,3811576.0,68.0848484848485,72.00560359907153,5.0
2023-12-29,300.3878173828125,0.0061988830566406,1.0409626960754397,3863908.0,,,
2023-12-30,296.6317443847656,0.648990273475647,1.152953028678894,1928304.0,,,
2023-12-31,296.0412902832031,0.8140355348587036,1.31342875957489,2930948.0,,,
2024-01-01,296.6717529296875,1.1666417121887207,0.6296426057815552,3375880.0,,,
2024-01-02,297.525,1.0562241077423096,0.6944450000000001,3679220.0,133.5924810126582,78.61792894059609,5.0
2024-01-03,299.475,0.6143152713775635,0.833334,3542008.0,,,
2024-01-04,298.15,0.0105947256088256,0.972223,3564892.0,55.19082781456953,69.94591637939706,4.0
2024-01-05,299.625,0.4189014434814453,0.833334,3416350.0,,,
2024-01-06,295.6,8.695099830627441,0.6944450000000001,1364776.0,,,
2024-01-07,296.25,0.6184576749801636,0.694445,2403972.0,,,
2024-01-08,298.0,0.2669692039489746,0.694445,1588700.0,,,
2024-01-09,296.875,0.3584921360015869,0.416667,2600904.0,,,
2024-01-10,297.375,1.031853199005127,0.555556,2505400.0,,,
2024-01-11,295.0,0.5122125148773193,0.555556,2451180.0,,,
2024-01-12,296.7,0.468321144580841,0.416667,2594898.0,,,
2024-01-13,300.125,1.694798469543457,0.833334,3168636.0,,,
2024-01-14,297.525,0.0306516885757446,0.972223,3038044.0,,,
2024-01-15,298.1,5.5289716720581055,0.833334,2281788.0,,,
2024-01-16,296.0,0.0005885958671569,1.250001,4042440.0,,,
2024-01-17,295.25,0.0004544854164123,0.694445,3934136.0,60.02314159292036,70.76930307636471,5.0
2024-01-18,297.15,0.1119971275329589,0.694445,3480142.0,,,
2024-01-19,299.55,0.0441372394561767,0.833334,3377898.0,42.64675324675324,67.41645073759284,4.0
2024-01-20,296.475,0.0877827405929565,0.694445,3695742.0,,,
2024-01-21,297.32500000000005,0.0008761882781982,0.555556,3782982.0,,,
2024-01-22,295.275,0.0008583068847656,0.694445,4027710.0,59.00077669902915,70.60077146653416,5.0
2024-01-23,295.275,0.0001490116119384,0.694445,3925404.0,,,
2024-01-24,296.45000000000005,0.0008523463038727,0.833334,3931296.0,47.58941463414633,68.49220758128776,4.0
2024-01-25,297.15,0.0,0.972223,3942388.0,,,
2024-01-26,296.95000000000005,0.0,0.972223,3935692.0,,,
2024-01-27,297.0,0.000435113790445,0.972223,3825252.0,62.13342245989305,71.1082765111026,5.0
2024-01-28,297.8,0.0880956649780273,1.111112,3613178.0,,,
2024-01-29,299.8,0.0984072685241699,0.833334,3619518.0,46.49759493670885,68.2645197826466,4.0
2024-01-30,300.85,0.1877650469541549,0.972223,3667380.0,,,
2024-01-31,302.9,0.0008672475814819,0.972223,3708298.0,,,
2024-02-01,300.70000000000005,0.0008597968844696,0.694445,3895574.0,54.01005535055351,69.73376004875674,4.0
2024-02-02,301.45867919921875,0.4829615354537964,1.0543839931488037,3554374.0,,,
2024-02-03,302.6728820800781,0.7132440805435181,0.8814133405685425,2931430.0,50.52099999999997,69.07863698690204,4.0
2024-02-04,299.6214294433594,3.001302480697632,1.0379139184951782,3148856.0,,,
2024-02-05,299.839111328125,5.374163627624512,1.0590205192565918,3439490.0,,,
2024-02-06,301.0201721191406,0.9755343198776244,1.0447486639022827,3292710.0,,,
2024-02-07,302.2947082519531,4.5076904296875,1.015324354171753,3194456.0,,,
2024-02-08,301.3375244140625,7.794484615325928,0.9602647423744202,2373680.0,,,
2024-02-09,296.6327514648437,0.1482665538787841,0.6692395806312561,2983506.0,,,
2024-02-10,297.2074890136719,0.4815161228179931,0.6110770106315613,3365114.0,,,
2024-02-11,298.4964904785156,3.76678991317749,0.8651933670043945,1327492.0,,,
2024-02-12,297.1393737792969,0.2480689436197281,1.151935577392578,3530794.0,,,
2024-02-13,292.5347900390625,0.0008616452687419,1.2174140214920044,3830386.0,,,
2024-02-14,292.6339416503906,0.0008597968844696,0.8069882988929749,3814764.0,,,
2024-02-15,294.4382629394531,0.0,0.9316558241844176,3776012.0,,,
2024-02-16,296.3309326171875,0.0077039003372192,0.9195518493652344,3702250.0,128.33852348993295,78.22432729316554,5.0
2024-02-17,296.7048645019531,0.1928508281707763,0.8673377633094788,1943120.0,,,
2024-02-18,296.5313415527344,0.0008665269706398,0.7054488062858582,3724864.0,,,
2024-02-19,296.1769104003906,0.0054291235283017,0.784601628780365,3482802.0,,,
2024-02-20,297.1164855957031,0.0036358833312988,0.7326298952102661,2833466.0,,,
2024-02-21,298.1180114746094,3.228622436523437,0.7365958094596863,3371118.0,,,
2024-02-22,298.6971740722656,5.55427360534668,0.9440169930458068,2524840.0,,,
2024-02-23,292.7706298828125,0.2935081720352173,1.3977056741714478,2380030.0,,,
2024-02-24,293.1059265136719,1.3778507709503174,0.8372224569320679,672902.0,,,
2024-02-25,292.6593017578125,0.5348106026649475,0.8201081156730652,2056898.0,,,
2024-02-26,294.95977783203125,0.3828927874565124,0.6281650066375732,2482068.0,,,
2024-02-27,297.0674133300781,1.1726170778274536,0.6441888213157654,2824498.0,,,
2024-02-28,297.2034912109375,0.703960657119751,0.6518243551254272,2486314.0,,,
2024-02-29,296.9850769042969,1.1259801387786863,0.6515742540359497,2529930.0,,,
2024-03-01,297.6889038085937,1.957863569259644,0.8660712242126465,2232358.0,,,
2024-03-02,298.2279968261719,0.3774911165237427,0.7848135232925415,2831238.0,,,
2024-03-03,293.8647766113281,0.0054985284805297,1.3172019720077517,2250878.0,,,
2024-03-04,292.8971252441406,0.1385450363159179,0.6229230165481567,2985783.0,,,
2024-03-05,294.1594543457031,0.0270605105906724,0.7178044319152832,2955408.0,,,
2024-03-06,293.6280517578125,0.1430809497833252,1.2004163265228271,1848842.0,,,
2024-03-07,295.3324584960937,0.0878721475601196,1.1286938190460205,2882298.0,,,
2024-03-08,298.7903747558594,0.2768337726593017,1.1048862934112549,2003161.5,,,
2024-03-09,297.5157775878906,0.6524175405502319,0.7813812494277954,1874309.0,,,
2024-03-10,296.58056640625,0.2608299255371094,0.8918433785438538,2605568.5,,,
2024-03-11,299.6826171875,2.36368179321289,1.1179956197738647,3304669.0,,,
2024-03-12,302.475,0.8455142378807068,1.250001,2287119.0,57.40936842105265,70.33253560362624,5.0
2024-03-13,299.75,1.6217827796936035,1.111112,2296725.25,,,
2024-03-14,296.5,1.0688302516937256,0.833334,1124243.5,,,
2024-03-15,296.4,0.8075237274169922,0.555556,2379561.0,,,
2024-03-16,297.7,0.7108784914016724,1.111112,1797068.0,,,
2024-03-17,297.85,0.2250075340270996,0.833334,2264119.0,,,
2024-03-18,301.55,0.5043410062789917,0.833334,2371017.5,,,
2024-03-19,302.4,1.2003183364868164,0.833334,2757776.0,,,
2024-03-20,303.05,1.962620735168457,1.944446,3000518.0,,,
2024-03-21,293.95,0.0008616343839094,1.3888900000000002,3258078.0,,,
2024-03-22,292.9,0.0008523463038727,1.111112,3234708.0,67.75650943396226,71.9581804517883,5.0
2024-03-23,295.1,0.0008523463038727,1.111112,3158474.0,,,
2024-03-24,296.55,0.2150386571884155,0.833334,2642904.0,63.63318181818175,71.34225494836087,5.0
2024-03-25,299.9,0.3254413604736328,0.833334,2240602.0,,,
2024-03-26,300.6,1.6219019889831543,0.833334,2811024.0,,,
2024-03-27,299.5,2.341881275177002,0.555556,2877202.0,,,
2024-03-28,299.4,0.0,0.833334,3034702.0,,,
2024-03-29,298.95,0.0151991825550794,0.833334,2740614.0,45.24414634146339,67.9964390647427,4.0
2024-03-30,299.85,0.1223757863044738,1.111112,2506324.0,,,
2024-03-31,297.0,0.3682076930999756,1.111112,1076000.0,,,
2024-04-01,293.25,0.0034831464290618,1.3888900000000002,2998426.0,,,
2024-04-02,294.0,0.6307363510131836,0.833334,1775980.0,,,
2024-04-03,295.65,0.0650882720947265,1.3888900000000002,2992622.0,,,
2024-04-04,294.75,0.0008642674074508,0.555556,2561750.0,,,
2024-04-05,292.75,3.800436973571777,0.416667,475114.0,,,
2024-04-06,290.17499999999995,0.0505466014146804,0.416667,2949254.0,,,
2024-04-07,292.25,0.0008702263585291,0.416667,2981496.0,,,
2024-04-08,293.375,0.2745985984802246,0.694445,2591716.0,47.52819277108437,68.47957928720092,4.0
2024-04-09,293.225,0.5702972412109375,0.972223,853822.0,,,
2024-04-10,286.70000000000005,0.3464296460151672,1.111112,1045262.0,,,
2024-04-11,283.225,0.2681333422660827,0.555556,291242.0,,,
2024-04-12,285.6,0.3414929509162903,0.555556,559672.0,,,
2024-04-13,286.65,0.5922316312789917,0.138889,897514.0,,,
2024-04-14,289.15,1.81428337097168,0.416667,2310056.0,,,
2024-04-15,290.875,0.0090450048446655,0.555556,2806226.0,,,
2024-04-16,291.70000000000005,0.000426173210144,0.555556,2828884.0,27.303846153846088,63.04194053060403,4.0
2024-04-17,290.375,0.0,0.972223,2782464.0,,,
2024-04-18,289.1,0.0008523463038727,0.694445,2777630.0,23.429428571428563,61.540669990596655,4.0
2024-04-19,292.8163146972656,0.0,1.399703860282898,2705494.0,,,
2024-04-20,292.4794921875,0.1025795936584472,0.8399189114570618,1941940.0,,,
2024-04-21,293.1692810058594,0.1156330108642578,0.6627918481826782,2189198.0,,,
2024-04-22,293.9188537597656,0.6723791360855103,0.6041212677955627,1352470.0,,,
2024-04-23,290.5094299316406,0.3310889005661011,0.8571426272392273,696818.0,,,
2024-04-24,286.6482849121094,0.0271499156951904,0.5197258591651917,1762252.0,,,
2024-04-25,290.0560913085937,0.1139789819717407,0.8009901642799377,2309708.0,,,
2024-04-26,291.375,0.5841590166091919,0.8333340000000001,1578930.0,,,
2024-04-27,290.15,0.0020787119865417,0.555556,2506214.0,,,
2024-04-28,288.375,0.0008583068847656,0.694445,2506144.0,18.711818181818185,59.33501361633661,4.0
2024-04-29,292.6,0.0076889991760253,0.972223,2511936.0,,,
2024-04-30,293.4,0.5716681480407715,0.833334,912182.0,,,
2024-05-01,288.57500000000005,0.3111585974693298,0.833334,1782460.0,,,
2024-05-02,285.7,0.0032782554626464,0.6944450000000001,1679406.0,,,
2024-05-03,284.17499999999995,0.0008523463038727,0.277778,2518904.0,,,
2024-05-04,286.8349914550781,0.0008702276973053,1.0561552047729492,2501868.0,,,
2024-05-05,290.1664733886719,0.0741034746170044,0.9718106389045716,1837862.0,,,
2024-05-06,288.6373291015625,0.0514835119247436,0.6747993230819702,2249008.0,,,
2024-05-07,289.5450744628906,0.5625933408737183,0.531366229057312,2506976.0,,,
2024-05-08,288.13385009765625,0.0008702045306563,1.1812046766281128,2365008.0,18.468999999999976,59.20687871526792,4.0
2024-05-09,284.62896728515625,0.0008583068847656,1.0382932424545288,2442420.0,,,
2024-05-10,284.8568420410156,0.0001490116119384,0.8089383840560913,2365152.0,,,
2024-05-11,284.6054077148437,0.309675931930542,0.7380935549736023,1191964.0,45.74921348314605,68.10534282549509,4.0
2024-05-12,282.92205810546875,0.119844451546669,0.8982222676277161,1605688.0,,,
2024-05-13,280.9798278808594,0.0229459255933761,1.022308588027954,2164796.0,,,
2024-05-14,281.800048828125,0.0008583068847656,0.649678647518158,2313536.0,,,
2024-05-15,281.4691162109375,0.0008742006029933,1.101299285888672,2084432.0,,,
2024-05-16,282.48052978515625,0.371485948562622,0.7275042533874512,1746560.0,,,
2024-05-17,283.6543273925781,0.1921579241752624,0.6588402986526489,1894368.0,,,
2024-05-18,282.6242370605469,0.0015973928384482,0.5966976881027222,2323092.0,28.85622222222222,63.584414573983686,4.0
2024-05-19,282.71728515625,0.0,0.7474633455276489,2182500.0,,,
2024-05-20,287.6,0.0008523463038727,2.083335,1828316.0,,,
2024-05-21,284.025,0.0501275062561035,0.555556,1486560.0,,,
2024-05-22,283.6,0.5751550197601318,0.416667,549708.0,,,
2024-05-23,281.5,0.145393431186676,0.833334,1280068.0,,,
2024-05-24,280.675,0.2189353108406067,0.555556,1529992.0,,,
2024-05-25,279.4,0.0258982181549072,0.555556,1275688.0,,,
2024-05-26,277.875,0.0380873680114746,0.555556,2048512.0,,,
2024-05-27,278.95,0.0,0.416667,2210744.0,,,
2024-05-28,280.75,0.0008583068847656,0.694445,2142000.0,18.130422535211235,59.0253709507678,4.0
2024-05-29,285.375,0.0008597968844696,1.38889,2186312.0,,,
2024-05-30,284.7,0.0,0.416667,2171352.0,,,
2024-05-31,283.275,0.0008583068847656,0.8333340000000001,2176652.0,26.482000000000028,62.74212417036133,4.0
2024-06-01,290.15,0.0373125076293945,0.833334,1642152.0,,,
2024-06-02,283.85,0.0008672475814819,1.111112,2059404.0,,,
2024-06-03,283.225,0.0,0.972223,2014980.0,,,
2024-06-04,283.9,0.0,0.555556,2096930.0,,,
2024-06-05,286.625,0.0008523463038727,0.833334,2023506.0,,,
2024-06-06,289.775,0.0010430812835693,0.416667,1982880.0,,,
2024-06-07,289.45000000000005,0.0,0.277778,1759762.0,,,
2024-06-08,291.65,0.0,0.277778,2054412.0,,,
2024-06-09,292.675,0.0008523463038727,0.833334,2083804.0,,,
2024-06-10,285.75,0.0008702276973053,0.416667,2033352.0,39.14021739130431,66.57474656343511,4.0
2024-06-11,287.925,0.0008523463038727,0.555556,1946004.0,,,
2024-06-12,291.9,0.0211894512176513,1.666668,2033400.0,,,
2024-06-13,296.79999999999995,0.2628713846206665,1.944446,1131952.0,,,
2024-06-14,289.57500000000005,0.0349525362253189,1.111112,1898964.0,,,
2024-06-15,285.6,0.0008583068847656,0.416667,1927172.0,,,
2024-06-16,287.875,0.000435113790445,0.416667,1991128.0,,,
2024-06-17,285.55,0.0008523463038727,0.833334,2085708.0,22.33241071428571,61.070242772160725,4.0
2024-06-18,288.15,0.3229379653930664,0.833334,1233964.0,,,
2024-06-19,283.925,0.0032931566238403,0.555556,1733998.0,,,
2024-06-20,286.225,0.0034850090742111,0.416667,1815174.0,,,
2024-06-21,289.225,0.1486539840698242,0.416667,1316800.0,,,
2024-06-22,290.75,0.8782073855400085,0.555556,1087840.0,,,
2024-06-23,283.35,0.0263452529907226,1.111112,895572.0,,,
2024-06-24,281.55,0.134393572807312,0.6944450000000001,754952.0,,,
2024-06-25,279.5,0.0008522765710949,0.694445,2106400.0,,,
2024-06-26,281.875,0.0,0.555556,2113654.0,,,
2024-06-27,286.70000000000005,0.000861287175212,1.5277790000000002,2075372.0,,,
2024-06-28,281.925,0.0008583068847656,0.972223,2114780.0,,,
2024-06-29,279.65,0.0008583068847656,0.694445,2125002.0,,,
2024-06-30,283.45,0.0008523463038727,1.666668,2127972.0,32.64584615384614,64.79488989304087,4.0
2024-07-01,283.65,0.0,0.416667,2150304.0,,,
2024-07-02,286.5,0.0,0.416667,2101736.0,16.65092436974789,58.19028883668807,4.0
2024-07-03,283.5,0.0008583068847656,0.416667,2105156.0,,,
2024-07-04,276.45000000000005,0.0008513141074217,0.555556,1997292.0,,,
2024-07-05,282.1,0.0008622420136816,0.694445,2121376.0,,,
2024-07-06,281.475,0.0,0.555556,2146204.0,,,
2024-07-07,277.625,0.0,0.555556,2147028.0,35.766904761904755,65.69059580510452,4.0
2024-07-08,280.0,0.0008583068847656,0.555556,1969108.0,,,
2024-07-09,277.4,0.0003110617399215,0.416667,2176816.0,,,
2024-07-10,274.6,0.0008523463038727,0.416667,2180148.0,,,
2024-07-11,278.25,0.0008583068847656,0.416667,2181944.0,,,
2024-07-12,282.675,0.0,0.694445,2220314.0,30.75060747663551,64.20817464156626,4.0
2024-07-13,283.875,0.0008583068847656,0.555556,2267372.0,,,
2024-07-14,284.375,0.000426173210144,0.555556,2280020.0,,,
2024-07-15,286.75,0.0030025839805603,0.694445,2141900.0,21.91645348837209,60.885801401202194,4.0
2024-07-16,282.475,0.0,1.111112,2262262.0,,,
2024-07-17,284.8,0.0008523463038727,0.555556,2223574.0,24.936345177664947,62.152161835993965,4.0
2024-07-18,292.05,0.2398193180561065,1.944446,1271660.0,,,
2024-07-19,282.92499999999995,0.2363324165344238,0.8333340000000001,1199260.0,,,
2024-07-20,279.45000000000005,0.1414477527141571,0.555556,645924.0,,,
2024-07-21,280.975,0.0296588987112045,0.555556,2228882.0,,,
2024-07-22,285.625,0.0105947256088256,0.555556,1869346.0,27.450604395604373,63.09452810238359,4.0
2024-07-23,286.7,0.0085122883319854,0.972223,2267828.0,,,
2024-07-24,288.025,0.0008583070593886,0.833334,2340470.0,,,
2024-07-25,286.4,0.0,0.694445,2298276.0,22.746616541353344,61.25052499072822,4.0
2024-07-26,286.525,0.0,0.694445,2319300.0,,,
2024-07-27,286.1,0.0008583068847656,0.833334,2167382.0,35.673382352941154,65.6649112679035,4.0
2024-07-28,284.6,0.0008612899109721,1.111112,2330890.0,,,
2024-07-29,281.1,0.0008583068847656,0.416667,2362048.0,,,
2024-07-30,283.075,0.0008523463038727,1.38889,2347826.0,,,
2024-07-31,288.45,0.0008601675508543,1.666668,2073142.0,,,
2024-08-01,291.3,0.1764893531799316,0.972223,2358730.0,,,
2024-08-02,293.1,0.5776882171630859,1.666668,2401394.0,,,
2024-08-03,290.4185485839844,0.2285689115524292,1.3811168670654297,2417742.0,,,
2024-08-04,286.1088562011719,0.0,0.7396764755249023,2449764.0,83.66118518518516,74.0266640508306,5.0
2024-08-05,286.32733154296875,0.0,0.8470869064331055,2407524.0,,,
2024-08-06,284.75,0.0032782554626464,1.6666680000000005,2450826.0,,,
2024-08-07,281.5,0.0,0.416667,2540850.0,,,
2024-08-08,280.25,0.0,0.833334,2645022.0,,,
2024-08-09,286.0,0.0,0.416667,2651374.0,20.43245033112583,60.19798977078125,4.0
2024-08-10,283.75,0.0008583068847656,0.972223,2584234.0,,,
2024-08-11,283.25,0.0008583068847656,0.416667,2593436.0,,,
2024-08-12,283.0,0.0,0.555556,2623490.0,,,
2024-08-13,288.5,0.0,2.083335,2643660.0,,,
2024-08-14,287.0,0.0,1.111112,2632214.0,30.540085836909853,64.14078348327284,4.0
2024-08-15,286.75,0.0008583068847656,0.416667,2486896.0,,,
2024-08-16,285.5,0.0518560409545898,0.6944450000000001,2569548.0,,,
2024-08-17,286.0,0.011146068572998,0.555556,2540488.0,,,
2024-08-18,286.25,0.0448971986770629,0.972223,1733488.0,,,
2024-08-19,283.75,0.3246963024139404,0.8333340000000001,692788.0,,,
2024-08-20,282.25,0.1623628139495849,0.555556,1750320.0,,,
2024-08-21,281.75,0.0779628753662109,0.972223,2579998.0,,,
2024-08-22,281.25,0.2776384353637695,0.972223,2139946.0,,,
2024-08-23,280.25,0.340580940246582,0.555556,2455896.0,,,
2024-08-24,280.5,0.0011622905731201,0.555556,2837524.0,20.663035714285744,60.308078082929825,4.0
2024-08-25,280.25,0.0,0.694445,2810218.0,,,
2024-08-26,283.75,0.0,0.972223,2858906.0,25.349728260869544,62.313454182881514,4.0
2024-08-27,284.0,0.0008583068847656,0.694445,2674042.0,,,
2024-08-28,281.5,0.0008523463038727,0.555556,2837834.0,,,
2024-08-29,286.2257080078125,0.6968080997467041,0.9409290552139282,1351278.0,,,
2024-08-30,285.5018310546875,0.2621859014034271,1.0621527433395386,1925522.0,,,
2024-08-31,284.7181701660156,0.0008523463038727,0.8662368059158325,2931422.0,,,
2024-09-01,285.3831481933594,0.0008583068847656,0.8463670611381531,2986874.0,,,
2024-09-02,291.14483642578125,0.0007227063179016,1.536372184753418,2979596.0,,,
2024-09-03,288.5350646972656,0.000435113790445,1.4828599691390991,3026030.0,39.55736462093863,66.67874601410907,4.0
2024-09-04,288.27850341796875,0.0,0.7309048771858215,3031616.0,,,
2024-09-05,288.8931579589844,0.0,1.32487952709198,3035142.0,40.05958333333336,66.80250938465261,4.0
2024-09-06,291.27020263671875,0.0,1.1512088775634766,3003754.0,,,
2024-09-07,290.2232666015625,0.0008523463038727,0.8464567065238953,2985162.0,,,
2024-09-08,291.46728515625,0.0008523463038727,0.8196267485618591,3010284.0,38.13727272727274,66.32009441003223,4.0
2024-09-09,293.1764831542969,0.1066923141479492,0.6326943039894104,3004424.0,,,
2024-09-10,294.6957092285156,0.5655661225318909,1.1726254224777222,1782930.0,,,
2024-09-11,288.6853332519531,0.0004351139068603,1.4434510469436646,3118230.0,,,
2024-09-12,288.1586608886719,0.118151307106018,0.8390120267868042,2917094.0,,,
2024-09-13,289.01446533203125,0.000435113790445,0.8644867539405823,3182144.0,,,
2024-09-14,288.64996337890625,0.0358551740646362,0.992444396018982,3167572.0,,,
2024-09-15,289.53936767578125,0.000426173210144,1.0375137329101562,3216940.0,41.28020161290322,67.09695728096186,4.0
2024-09-16,291.0136108398437,0.5103200674057007,1.2219901084899902,3077854.0,,,
2024-09-17,292.1134948730469,0.0008583068847656,1.371261477470398,3177260.0,,,
2024-09-18,294.3560791015625,0.0705420970916748,1.224230408668518,3173610.0,61.79592920353985,71.05484579456984,5.0
2024-09-19,297.9450988769531,0.0,1.6074508428573608,3293414.0,,,
2024-09-20,292.71124267578125,0.0053644180297851,0.9880053400993348,2949648.0,51.24945454545453,69.21907580422379,4.0
2024-09-21,294.8160705566406,0.0134289264678955,1.3586980104446411,3221224.0,,,
2024-09-22,297.24566650390625,0.0028982758522033,1.312522292137146,3205840.0,,,
2024-09-23,291.8741149902344,0.0008523463038727,0.9957565665245056,3294867.0,,,
2024-09-24,291.39959716796875,0.1849085092544555,0.9300618767738342,3012100.5,,,
2024-09-25,291.2989501953125,0.014081597328186,1.0412453413009644,3363014.0,,,
2024-09-26,288.8048400878906,0.0008662028121761,1.2821502685546875,3402830.0,,,
2024-09-27,290.1679382324219,0.0,1.243803858757019,3379450.0,,,
2024-09-28,294.38006591796875,0.000435113790445,1.137779951095581,3357733.0,44.16586206896553,67.7598104863936,4.0
2024-09-29,297.2315673828125,0.0008583068847656,1.3258129358291626,3297829.0,,,
2024-09-30,301.3312683105469,0.0,1.3608474731445312,3437401.0,47.48905405405408,68.47149757890878,4.0
2024-10-01,293.8740234375,0.0008523463038727,1.4333877563476562,3412290.0,,,
2024-10-02,290.470458984375,0.0008557988330721,1.0031371116638184,3457176.0,,,
2024-10-03,290.8708190917969,0.000435113790445,0.9476904273033142,3480195.0,59.03932432432433,70.60717864874275,5.0
2024-10-04,292.75,0.000435113790445,1.111112,3456738.0,,,
2024-10-05,293.25,0.0008583068847656,0.694445,3195197.0,57.09576923076923,70.27880149506993,5.0
2024-10-06,295.5,2.519667148590088,0.694445,513865.0,,,
2024-10-07,291.5,0.4328358769416809,0.277778,1914570.0,,,
2024-10-08,289.25,0.960901379585266,0.8333340000000001,464470.0,,,
2024-10-09,287.0,0.4086196422576904,0.277778,2930506.0,,,
2024-10-10,291.5,7.450580596923828e-05,0.416667,3568012.0,,,
2024-10-11,292.25,0.0469684600830078,0.416667,2448718.0,,,
2024-10-12,291.75,2.0502805709838867,0.6944450000000001,2359596.0,,,
2024-10-13,288.5,5.948990821838379,0.6944450000000001,1662884.0,,,
2024-10-14,291.75,0.6459951400756836,0.416667,2038518.0,,,
2024-10-15,293.0,0.0299811363220214,0.555556,2823460.0,,,
2024-10-16,293.75,4.00225830078125,0.694445,1663496.0,,,
2024-10-17,293.25,0.029832124710083,0.555556,3343070.0,,,
2024-10-18,293.25,0.0008583068847656,0.555556,3648422.0,63.94036144578315,71.38949731372057,5.0
2024-10-19,295.5,0.0008772329892963,0.972223,3622226.0,,,
2024-10-20,298.0,0.0717043876647949,1.111112,2772262.0,55.39014354066984,69.98128031889819,4.0
2024-10-21,296.25,2.327874183654785,0.833334,1472722.0,,,
2024-10-22,292.5,4.396617412567139,0.277778,2079468.0,,,
2024-10-23,292.5,0.0808387994766235,0.6944450000000001,2676636.0,,,
2024-10-24,295.0,0.0740468502044677,1.666668,2993006.0,,,
2024-10-25,289.0,3.5652192309498787e-06,1.111112,3825862.0,50.93192307692308,69.15810591312064,4.0
2024-10-26,289.25,0.0,0.555556,3717740.0,,,
2024-10-27,292.0,0.0,0.833334,3756774.0,,,
2024-10-28,295.0,0.0,0.694445,3767202.0,63.11285714285713,71.26170941365245,5.0
2024-10-29,295.75,0.0,0.694445,3741800.0,,,
2024-10-30,296.75,3.892868757247925,0.833334,2398216.0,46.30606936416186,68.22402852514494,4.0
2024-10-31,295.5,0.2413913607597351,0.555556,3257960.0,,,
2024-11-01,297.5,0.6321370601654053,0.833334,2285162.0,,,
2024-11-02,294.25,0.0500828027725219,1.5277790000000002,2405044.0,,,
2024-11-03,294.25,1.3781487941741943,0.833334,2971652.0,,,
2024-11-04,294.25,0.0834129750728607,0.972223,3332022.0,,,
2024-11-05,291.75,2.0217747688293457,0.555556,2160108.0,,,
2024-11-06,292.75,0.1507550477981567,0.416667,2582046.0,,,
2024-11-07,295.0,0.1261532306671142,1.111112,3311480.0,78.62608923884514,73.41774200717,5.0
2024-11-08,297.0,0.0180304050445556,0.833334,3308642.0,,,
2024-11-09,297.5,1.102536916732788,1.111112,3078554.0,39.98107883817429,66.78326593204821,4.0
2024-11-10,300.0,2.6903674602508545,1.666668,3608724.0,,,
2024-11-11,293.5,0.0,1.111112,3839576.0,,,
2024-11-12,293.5,0.0008642674074508,0.833334,3874264.0,63.65965732087226,71.3463356914238,5.0
2024-11-13,297.5,0.0005960464477539,0.416667,3784510.0,,,
2024-11-14,297.5,0.000435113790445,0.555556,3885684.0,39.187297297297285,66.58653945473893,4.0
2024-11-15,299.5,0.4559338092803955,0.833334,3658328.0,,,
2024-11-16,298.5,0.4150271415710449,1.3888900000000002,2212314.0,,,
2024-11-17,290.5,0.2072434872388839,1.3888900000000002,3270060.0,,,
2024-11-18,290.25,1.3494789600372314,0.694445,2250072.0,,,
2024-11-19,291.25,0.3326460719108581,0.555556,2949664.0,,,
2024-11-20,293.25,0.91591477394104,0.694445,2381132.0,,,
2024-11-21,294.25,0.1124124974012374,0.694445,3896570.0,,,
2024-11-22,296.75,0.0023841857910156,0.694445,3599144.0,61.13121546961322,70.94875197283162,5.0
2024-11-23,296.25,0.163242220878601,0.833334,3018462.0,,,
2024-11-24,301.75,3.622509479522705,0.833334,2366144.0,,,
2024-11-25,294.5,3.640517711639404,0.833334,3199172.0,,,
2024-11-26,296.75,1.5683472156524658,0.277778,2670104.0,,,
2024-11-27,296.367919921875,1.3440773487091064,0.5893083810806274,2597680.0,,,
2024-11-28,295.5765991210937,3.356635570526123,0.7438235282897949,816376.0,,,
2024-11-29,292.58074951171875,0.7588714361190796,0.9578591585159302,1083302.0,,,
2024-11-30,290.89569091796875,0.7757245302200317,0.6677466630935669,3163226.0,,,
2024-12-01,294.5600891113281,0.0005960464477539,1.270750880241394,3974612.0,,,
2024-12-02,292.40155029296875,0.0005960465059615,0.9048240184783936,3842100.0,67.2404326923077,71.88317523435258,5.0
2024-12-03,292.1065368652344,0.0008583070593886,0.977203607559204,3989920.0,,,
2024-12-04,293.7877502441406,0.0760555267333984,1.3191059827804563,3951988.0,52.53954198473283,69.46296311492485,4.0
2024-12-05,296.4985046386719,1.132659673690796,1.331540822982788,3035452.0,,,
2024-12-06,295.2650756835937,0.0136600248515605,1.3866935968399048,2571962.0,,,
2024-12-07,291.2310485839844,0.2099275588989257,1.28139328956604,2674536.0,,,
2024-12-08,289.6425170898437,0.0119209289550781,0.8521419167518616,3385774.0,,,
2024-12-09,292.9290771484375,0.0008523463038727,0.7608295679092407,4014584.0,,,
2024-12-10,295.35577392578125,0.0,1.1023637056350708,3509890.0,,,
2024-12-11,296.66845703125,2.664417028427124,1.2459020614624023,3233476.0,,,
2024-12-12,298.4967346191406,4.148870468139648,1.130647897720337,4044072.0,78.1885283018868,73.36299604025619,5.0
2024-12-13,295.8046264648437,0.0040531163103878,1.3097020387649536,4000924.0,,,
2024-12-14,296.3646545410156,0.173419713973999,0.7984351515769958,3887584.0,74.99080645161285,72.95335580395354,5.0
2024-12-15,297.2836608886719,0.1519769430160522,0.8265329003334045,3865156.0,,,
2024-12-16,296.7590637207031,0.1022666692733764,0.8293784260749817,3547104.0,,,
2024-12-17,296.7265930175781,4.443201065063477,1.1409995555877686,1687028.0,,,
2024-12-18,293.9701843261719,0.0008583068847656,0.6717356443405151,4028508.0,,,
2024-12-19,296.2409362792969,0.1318305730819702,0.8665434122085571,3849624.0,103.69818181818177,76.13296374930289,5.0
2024-12-20,297.8960266113281,2.351179599761963,1.0628734827041626,2113596.0,,,
2024-12-21,292.5233459472656,0.0038431466091424,1.0082274675369265,3832064.0,,,
2024-12-22,294.7535095214844,2.555638551712036,0.7760912179946899,3461696.0,67.2278431372549,71.88133831728547,5.0
2024-12-23,296.8332214355469,0.3502964973449707,1.215040683746338,3233864.0,,,
2024-12-24,295.505126953125,0.0,1.3746556043624878,4011800.0,,,
2024-12-25,294.6936340332031,0.0193715095520019,0.8721306324005127,3912408.0,,,
2024-12-26,295.80615234375,0.1464784145355224,0.6839732527732849,3577800.0,,,
2024-12-27,297.02032470703125,4.607915878295898,0.6996480822563171,3550388.0,66.0756470588235,71.71175048424318,5.0
2024-12-28,296.28106689453125,0.0831782817840576,0.6301618218421936,3826752.0,,,
2024-12-29,297.3166809082031,1.8578022718429563,0.8949980735778809,3718888.0,51.66571428571428,69.29843301398392,4.0
2024-12-30,297.53106689453125,1.8251538276672363,0.780248761177063,3928440.0,,,
2024-12-31,299.1891784667969,1.7807632684707642,0.9188451170921326,2923872.0,,,
2025-01-01,297.7203674316406,0.7249712944030762,0.5888615846633911,3526560.0,,,
2025-01-02,298.3000793457031,0.8973032832145691,0.6334078311920166,3447716.0,,,
2025-01-03,298.4622802734375,0.0393539667129516,0.5833350419998169,3759320.0,,,
2025-01-04,299.4340515136719,0.0959038734436035,0.957345962524414,3823836.0,,,
2025-01-05,299.71826171875,0.3004542589187622,0.9267228245735168,3045256.0,,,
2025-01-06,299.30035400390625,1.3181418180465698,0.8886517286300659,3599624.0,64.44119453924912,71.46603786557242,5.0
2025-01-07,298.3208923339844,1.6077158451080322,0.7471224069595337,3475224.0,,,
2025-01-08,299.89453125,1.6076117753982544,0.737065315246582,2765842.0,,,
2025-01-09,297.1785888671875,2.5427439212799072,0.6586906909942627,3418070.0,,,
2025-01-10,297.21502685546875,0.0085234642028808,0.6883036494255066,3947496.0,,,
2025-01-11,298.0835266113281,0.0155568122863769,0.816397488117218,3584088.0,62.87437500000005,71.22457052940405,5.0
2025-01-12,299.0725402832031,0.0211745500564575,0.8076896667480469,3722132.0,,,
2025-01-13,302.0,0.0008523463038727,0.833334,3833596.0,43.610317460317454,67.63563179892692,4.0
2025-01-14,300.5,0.000852346420288,0.833334,3926184.0,,,
2025-01-15,301.0,0.1135766506195068,0.833334,3841340.0,,,
2025-01-16,301.0,1.2908726930618286,1.111112,3305456.0,50.83218446601943,69.13887642032833,4.0
2025-01-17,298.5,1.071713924407959,1.111112,3122084.0,,,
2025-01-18,293.5,0.9022057056427002,0.555556,3134080.0,,,
2025-01-19,293.5,0.0,1.3888900000000002,4028202.0,,,
2025-01-20,294.5,0.0008597968844696,0.833334,3954676.0,,,
2025-01-21,298.5,0.3989636898040771,1.111112,3220944.0,64.54374999999999,71.48163765957264,5.0
2025-01-22,299.0,0.200631096959114,0.833334,3157016.0,,,
2025-01-23,300.0,2.0933876037597656,1.111112,3663550.0,74.87582770270268,72.93830319728792,5.0
2025-01-24,302.5,2.355262756347656,1.3888900000000002,3135470.0,,,
2025-01-25,297.5,0.987023115158081,0.833334,3380404.0,,,
2025-01-26,299.5,0.2694129943847656,0.555556,3182418.0,,,
2025-01-27,299.0,7.061422824859619,0.833334,2012292.0,,,
2025-01-28,297.5,0.0581850185990333,0.833334,2986234.0,,,
2025-01-29,298.5,0.006452202796936,0.833334,3828184.0,,,
2025-01-30,299.0,0.0008523463038727,1.111112,3880014.0,,,
2025-01-31,299.5,0.0100135803222656,0.833334,3786106.0,63.112857142857145,71.26170941365245,5.0
2025-02-01,300.0,0.0008588509517721,0.833334,3848792.0,,,
2025-02-02,301.0,0.0704824924468994,1.111112,3698484.0,44.455911602209945,67.82402486539056,4.0
2025-02-03,303.5,0.0913739204406738,0.833334,3350566.0,,,
2025-02-04,297.5,0.3829598426818847,1.3888900000000002,3070726.0,,,
2025-02-05,298.5,0.0010859221220016,1.111112,3908576.0,77.67789883268483,73.29871929886943,5.0
2025-02-06,299.0,0.4281401634216308,0.833334,3631254.0,,,
2025-02-07,300.0,0.0039935111999511,1.111112,3720450.0,52.66111801242236,69.48563714306533,4.0
2025-02-08,304.0,0.0008046627044677,0.833334,3592782.0,,,
2025-02-09,305.5,0.0008627771749161,0.833334,3787810.0,,,
2025-02-10,304.0,0.3666728734970093,1.111112,3454256.0,59.00845394736837,70.60204787187807,5.0
2025-02-11,300.0,0.8880048990249634,1.666668,2162048.0,,,
2025-02-12,293.5,0.0388771295547485,1.111112,3027498.0,,,
2025-02-13,296.5,0.1733601093292236,0.833334,2562854.0,,,
2025-02-14,301.0,5.63475513458252,0.833334,1947626.0,,,
2025-02-15,298.0,5.846961975097656,0.833334,2881170.0,,,
2025-02-16,298.0,0.2185553312301635,1.111112,3556944.0,,,
2025-02-17,298.0,0.0143647193908691,1.111112,3684752.0,76.07188679245286,73.09376875403501,5.0
2025-02-18,294.5,0.0,1.111112,3673722.0,,,
2025-02-19,300.5,0.0008583068847656,1.3888900000000002,3292718.0,,,
2025-02-20,299.0,0.000435113790445,0.833334,3087700.0,63.313684210526326,71.2928755781272,5.0
2025-02-21,301.5,0.0027418136596679,0.833334,3425980.0,,,
2025-02-22,303.5,0.0008523463038727,1.111112,3520972.0,34.20676258992809,65.25307317208562,4.0
2025-02-23,304.0,0.0828802585601806,0.833334,3444986.0,,,
2025-02-24,304.0,2.7680249214172363,1.3888900000000002,2753340.0,,,
2025-02-25,298.0,1.6688543558120728,0.833334,2657522.0,,,
2025-02-26,297.0,2.161994457244873,0.833334,2438122.0,,,
2025-02-27,298.5,1.5148252248764038,1.111112,2498034.0,,,
2025-02-28,299.5,1.0713114738464355,1.111112,2025058.0,,,
2025-03-01,298.5,1.623585820198059,0.833334,1781404.0,,,
2025-03-02,298.5,1.4837682247161863,0.833334,3120910.0,,,
2025-03-03,300.5,0.5389153957366943,1.111112,3283323.0,,,
2025-03-04,300.5,0.0765025615692138,1.111112,3197876.0,,,
2025-03-05,303.0,0.0836104154586792,0.833334,3303745.0,,,
2025-03-06,302.5,1.4451146125793457,1.111112,3115082.0,,,
2025-03-07,303.5,6.882496356964111,1.111112,2112994.0,52.86415162454872,69.5233866261905,4.0
2025-03-08,294.0,0.0004276632098481,1.666668,3082920.5,,,
2025-03-09,292.0,0.0008523463038727,0.833334,3289542.5,,,
2025-03-10,294.0,1.2658237218856812,1.3888900000000002,2733377.5,,,
2025-03-11,294.5,2.9537081718444824,1.3888900000000002,394626.5,,,
2025-03-12,286.5,0.1179277896881103,0.555556,1287749.5,,,
2025-03-13,288.5,0.0227760784327983,0.277778,1930906.75,,,
2025-03-14,290.5,0.0644624233245849,0.833334,1899545.0,,,
2025-03-15,292.5,1.2908936738967896,0.555556,2847960.0,,,
2025-03-16,296.5,0.0388324260711669,0.555556,3109796.5,,,
2025-03-17,297.0,0.0046789646148681,0.555556,3321244.0,56.53075000000003,70.18123827870967,5.0
2025-03-18,297.0,0.0,0.555556,3309253.0,,,
2025-03-19,298.0,0.000435113790445,0.833334,3154117.0,57.47345588235294,70.34348063504211,5.0
2025-03-20,297.5,2.861708402633667,0.833334,2828510.0,,,
2025-03-21,296.5,0.1078248023986816,0.555556,3216662.0,,,
2025-03-22,295.5,3.3080880641937256,0.555556,1844882.0,140.45638157894734,79.10943946384008,5.0
2025-03-23,292.0,2.686351537704468,0.833334,415256.0,,,
2025-03-24,288.5,1.8631815910339355,0.555556,1647684.0,,,
2025-03-25,289.0,1.165913462638855,0.555556,1510964.0,,,
2025-03-26,294.0,0.786811113357544,0.277778,1183770.0,,,
2025-03-27,294.0,0.4792660474777221,0.138889,1849448.0,,,
2025-03-28,293.0,0.2107173502445221,0.416667,1508110.0,,,
2025-03-29,294.0,1.2726484537124634,0.277778,2622256.0,,,
2025-03-30,295.25,5.330920219421387,1.3888900000000002,2794696.0,,,
2025-03-31,287.25,0.000435113790445,0.972223,3065650.0,,,
2025-04-01,287.0,0.0004276632098481,0.555556,3126116.0,,,
2025-04-02,290.0,0.0161260366439819,0.555556,3000568.0,,,
2025-04-03,290.0,0.0176578760147094,1.3888900000000002,1012636.0,91.73071428571428,74.92998978258987,5.0
2025-04-04,282.5,0.0008685360080562,0.6944450000000001,3023528.0,,,
2025-04-05,285.5,0.0176727771759033,0.555556,2756378.0,,,
2025-04-06,285.5,0.104561448097229,0.555556,2500454.0,,,
2025-04-07,286.5,0.308295726776123,0.555556,2560870.0,,,
2025-04-08,289.5,0.0488869845867157,0.833334,2672576.0,50.09926315789472,68.99640180844861,4.0
2025-04-09,289.75,0.1583695411682129,0.416667,2564322.0,,,
2025-04-10,289.75,0.060349702835083,0.277778,1490232.0,,,
2025-04-11,292.5,4.219442367553711,0.277778,2087930.0,,,
2025-04-12,289.75,0.0556707419455051,0.416667,2011734.0,,,
2025-04-13,289.5,0.0126361846923828,0.416667,2385586.0,,,
2025-04-14,290.0,1.2729912996292114,0.277778,2248640.0,,,
2025-04-15,291.0,0.0620484352111816,0.555556,2030456.0,,,
2025-04-16,293.25,0.0388026237487793,0.555556,2225682.0,,,
2025-04-17,293.5,0.848233699798584,0.416667,912210.0,,,
2025-04-18,288.0,0.2546310424804687,0.555556,998312.0,,,
2025-04-19,286.0,0.1692362129688263,0.416667,1144658.0,,,
2025-04-20,286.0,0.0008523463038727,0.277778,2737368.0,,,
2025-04-21,287.75,0.0008523463620804,0.833334,2653612.0,,,
2025-04-22,294.5,0.2614259719848633,1.111112,2210144.0,,,
2025-04-23,294.25,0.4947781562805176,0.555556,1393626.0,,,
2025-04-24,293.5,0.0099465250968933,0.555556,2293242.0,,,
2025-04-25,293.0,0.3832727670669555,1.3888900000000002,1811354.0,,,
2025-04-26,290.5,0.2034604400396347,1.3888900000000002,2530682.0,,,
2025-04-27,292.5,0.0008672475814819,0.555556,2608018.0,,,
2025-04-28,291.0,0.0,0.555556,2614576.0,19.817722772277182,59.89831670945449,4.0
2025-04-29,290.5,0.0,1.111112,2537644.0,,,
2025-04-30,292.25,0.0008597968844696,0.833334,1935256.0,14.959173553719044,57.139235574665676,4.0
2025-05-01,291.5,0.0050693745724856,0.833334,2407584.0,,,
2025-05-02,291.5,0.0132322311401367,0.416667,2310594.0,,,
2025-05-03,292.75,0.2253204584121704,0.555556,1752772.0,38.39020833333337,66.38494189479013,4.0
2025-05-04,296.0,2.450630187988281,0.972223,799684.0,,,
2025-05-05,290.75,0.3028884530067444,0.138889,1848180.0,,,
2025-05-06,292.0,0.3742501139640808,0.277778,1562180.0,,,
2025-05-07,292.5,0.218018889427185,0.416667,1520116.0,,,
2025-05-08,290.5,0.0906884670257568,0.416667,1825872.0,,,
2025-05-09,290.75,0.0008583068847656,0.555556,2392748.0,,,
2025-05-10,290.5,0.0008583068847656,0.416667,2349472.0,,,
2025-05-11,290.0,0.0008571271901018,0.555556,2323120.0,47.19853658536588,68.4112999269982,4.0
2025-05-12,290.0,0.0008583068847656,0.694445,2321406.0,,,
2025-05-13,289.75,0.009775161743164,0.833334,1667754.0,,,
2025-05-14,292.5,0.3248602151870727,0.138889,1087264.0,,,
2025-05-15,293.75,0.4919916987419128,0.694445,997004.0,,,
2025-05-16,294.25,1.4256871938705444,0.555556,1960608.0,,,
2025-05-17,295.25,0.7719844579696655,1.3888900000000002,2056156.0,,,
2025-05-18,286.5,0.0008596797706559,0.972223,2244906.0,,,
2025-05-19,284.5,0.0008523463038727,0.416667,2225592.0,,,
2025-05-20,282.25,0.0156611185520887,0.277778,1409584.0,34.495,65.33538912664109,4.0
2025-05-21,285.0,0.2027451992034912,0.277778,976028.0,,,
2025-05-22,286.7566223144531,0.0,0.5851686000823975,1930520.0,,,
2025-05-23,285.25,0.0600442290306091,0.555556,1812164.0,72.66118483412322,72.64376993881817,5.0
2025-05-24,286.75,0.0106394290924072,0.555556,1468128.0,,,
2025-05-25,285.5,0.0150389969348907,0.416667,2204784.0,,,
2025-05-26,285.25,0.9053349494934082,0.694445,1340900.0,,,
2025-05-27,282.75,0.0,1.8055570000000003,2227128.0,,,
2025-05-28,281.5,0.0,0.416667,2193372.0,17.954403669724744,58.929665417574604,4.0
2025-05-29,282.5,0.0,0.416667,2218598.0,,,
2025-05-30,283.5,0.0008583068847656,0.416667,2192790.0,,,
2025-05-31,283.0,0.0004276632098481,0.277778,2045340.0,29.80270270270272,63.901017015221214,4.0
2025-06-01,282.75,0.0,0.416667,2047170.0,,,
2025-06-02,284.25,0.0008583068847656,0.694445,2077026.0,,,
2025-06-03,284.5,0.0008583068847656,0.694445,2097040.0,,,
2025-06-04,284.75,0.0,0.555556,2132580.0,,,
2025-06-05,284.25,0.0,0.277778,2092704.0,19.804499999999997,59.89176910097729,4.0
2025-06-06,284.5,0.1400113105773925,0.416667,1407560.0,,,
2025-06-07,284.75,0.0181794166564941,0.416667,2037284.0,,,
2025-06-08,284.5,0.0008523463038727,0.277778,2120048.0,,,
2025-06-09,283.5,0.0008523463038727,0.138889,2113452.0,17.693548387096822,58.78609273800769,4.0
2025-06-10,284.5960388183594,0.0,1.0372037887573242,2128820.0,,,
2025-06-11,284.3583679199219,0.0008583068847656,1.306380033493042,2052704.0,,,
2025-06-12,283.9969787597656,0.0056654214859008,1.3349183797836304,1704368.0,24.19257142857145,61.855107534922254,4.0
2025-06-13,285.1029052734375,0.1370012760162353,0.7727489471435547,2081476.0,,,
2025-06-14,284.5545349121094,0.0008687342051416,1.0814239978790283,2074876.0,,,
2025-06-15,283.87030029296875,0.0008519566035829,1.2153120040893557,2055704.0,,,
2025-06-16,286.0549621582031,0.0001490116119384,1.042921781539917,2081120.0,,,
2025-06-17,283.85919189453125,0.0008583068847656,1.0344908237457275,1992560.0,32.80211267605633,64.84173558611931,4.0
2025-06-18,283.1454162597656,0.0,0.8493547439575195,2109792.0,,,
2025-06-19,282.97955322265625,0.0004271386424079,0.8199324011802673,2150792.0,,,
2025-06-20,283.9931030273437,0.0008583069429732,0.9425047636032104,2108700.0,22.583783783783787,61.18004706814461,4.0
2025-06-21,283.4560241699219,0.2761036157608032,0.8483343720436096,2017896.0,,,
2025-06-22,284.34735107421875,0.0106096267700195,1.1351780891418457,2195548.0,,,
2025-06-23,279.840576171875,0.0008628220530226,1.0313880443572998,2106500.0,,,
2025-06-24,281.79083251953125,0.0008597968844696,1.183635115623474,2086280.0,,,
2025-06-25,281.0,0.0,1.944446,2114532.0,51.55738170347,69.27784182725738,4.0
2025-06-26,281.0,0.0,0.416667,2117480.0,,,
2025-06-27,279.5,0.0021758112125098,0.555556,1962316.0,32.9887969924812,64.8974082639576,4.0
2025-06-28,279.5,0.0852793455123901,0.972223,1099728.0,,,
2025-06-29,273.0,0.0196993350982666,0.6944450000000001,1874812.0,,,
2025-06-30,276.9095153808594,5.401670932769776e-05,0.416667,2094088.0,83.16456375838925,73.96825735259574,5.0
2025-07-01,283.0,0.0008523463038727,1.111112,2108708.0,,,
2025-07-02,278.0,0.0004276632098481,1.666668,2138652.0,23.125202702702712,61.41245510953587,4.0
2025-07-03,281.5,0.000426173210144,1.8055570000000003,2122440.0,,,
2025-07-04,283.5,0.000435113790445,1.111112,2084748.0,,,
2025-07-05,282.0,0.162661075592041,0.416667,966444.0,,,
2025-07-06,286.0,0.0845342874526977,0.555556,1586894.0,,,
2025-07-07,286.5,0.0046156346797943,0.555556,2014340.0,46.35096938775509,68.23353604387984,4.0
2025-07-08,285.5,0.1917807906866073,0.416667,1515366.0,,,
2025-07-09,290.5,1.1103302240371704,0.694445,208038.0,,,
2025-07-10,285.0,0.7435176372528076,0.277778,1122952.0,,,
2025-07-11,284.0,0.1845061779022216,0.138889,1068028.0,,,
2025-07-12,284.0,0.0068843364715576,0.972223,2080372.0,,,
2025-07-13,284.0,0.0263899564743042,0.416667,1606282.0,,,
2025-07-14,286.8043212890625,0.0008583070011809,1.2230874300003052,1840168.0,,,
2025-07-15,290.75274658203125,0.4981234669685364,1.1560510396957395,2231914.0,,,
2025-07-16,285.622802734375,0.0008523463038727,1.684733748435974,2303042.0,,,
2025-07-17,282.4627685546875,0.0008696636650711,0.8010174632072449,2272346.0,17.902424242424225,58.90122349626148,4.0
2025-07-18,284.9424743652344,0.0008583068847656,1.1444052457809448,2278944.0,,,
2025-07-19,286.68865966796875,0.000426173210144,1.1409156322479248,2261178.0,14.320425531914909,56.71114826343707,4.0
2025-07-20,286.7544860839844,0.0,0.8699577450752258,2212766.0,23.25725609756099,61.468314472633615,4.0
2025-07-21,286.8411560058594,0.1135617494583129,0.7258244752883911,1488168.0,,,
2025-07-22,285.2333679199219,0.2714693546295166,0.807226836681366,322304.0,,,
2025-07-23,281.1952209472656,0.0595450401306152,0.6493005752563477,957380.0,,,
2025-07-24,282.0,0.0048577785491943,0.694445,2146054.0,,,
2025-07-25,283.0,0.2819299697875976,0.972223,738024.0,,,
2025-07-26,280.5,0.1899227499961853,0.972223,805604.0,,,
2025-07-27,279.0,0.0941008329391479,1.111112,1740636.0,,,
2025-07-28,281.0,0.0028759241104125,0.555556,2232092.0,,,
2025-07-29,281.5,0.0,1.805557,2339594.0,,,
2025-07-30,286.5,0.0008553265943191,2.3611130000000005,2024916.0,,,
2025-07-31,290.0,0.0885277986526489,2.083335,1794980.0,,,
2025-08-01,290.5,0.6362795829772949,1.250001,2247494.0,,,
2025-08-02,283.5,0.0132471323013305,0.416667,2303254.0,,,
2025-08-03,284.0,0.0018104910850524,0.416667,2414588.0,,,
2025-08-04,283.0,0.0008523464784957,0.555556,2451492.0,,,
2025-08-05,282.0,0.0008583068847656,0.555556,2453964.0,,,
2025-08-06,283.0,0.024154782295227,0.833334,1392604.0,,,
2025-08-07,282.5,0.0,0.8333340000000001,2605260.0,,,
2025-08-08,279.5,0.0008514045039191,0.416667,2585094.0,28.852042253521084,63.58299344328768,4.0
2025-08-09,281.5,0.0008583068847656,0.555556,2560418.0,21.382818181818152,60.643985443340014,4.0
2025-08-10,285.0,0.0,1.38889,2585126.0,,,
2025-08-11,285.0,0.0008628952782601,0.555556,2572652.0,30.367090909090926,64.0850565592475,4.0
2025-08-12,289.5,0.0,1.5277790000000002,2390044.0,,,
2025-08-13,284.5,0.0006556510925292,1.111112,2587670.0,,,
2025-08-14,281.0,0.0028908252716064,0.555556,2024112.0,,,
2025-08-15,284.0,0.4698708653450012,0.555556,2477884.0,,,
2025-08-16,284.0,0.0021681189537048,0.555556,2549892.0,37.42658536585368,66.13556046033023,4.0
2025-08-17,281.5,0.4629194736480713,0.416667,1629114.0,,,
2025-08-18,283.5,2.079889297485352,0.555556,904726.0,,,
2025-08-19,282.5,0.0008523463038727,0.138889,2541028.0,,,
2025-08-20,284.0,0.0008597968844696,0.833334,2672686.0,,,
2025-08-21,286.0,0.0578761100769043,1.250001,2570988.0,31.195529411764703,64.34909575331433,4.0
2025-08-22,284.5,0.0109076499938964,1.5277790000000002,2829816.0,,,
2025-08-23,280.5,0.0,0.6944450000000001,2887102.0,,,
2025-08-24,282.5,0.0,0.972223,2817858.0,33.52724637681159,65.05623622716763,4.0
2025-08-25,285.0,0.0008523463038727,0.555556,2860702.0,,,
2025-08-26,285.5,0.0,0.555556,2851514.0,55.80617021276597,70.0546863619305,5.0
2025-08-27,285.0,0.0008583068847656,0.694445,2861612.0,,,
2025-08-28,286.0,0.0008597969426773,0.694445,2687316.0,59.05096774193547,70.60911313336696,5.0
2025-08-29,286.5,3.9135451316833496,0.833334,438356.0,86.12515463917524,74.31141295880192,5.0
2025-08-30,288.0,5.948253154754639,0.8333340000000001,939570.0,,,
2025-08-31,283.0,0.004516914486885,0.833334,2900986.0,,,
2025-09-01,284.5,0.000430643587606,0.555556,2949036.0,,,
2025-09-02,285.0,0.000426173210144,0.694445,2902830.0,,,
2025-09-03,283.5,0.0126153230667114,0.972223,2449750.0,36.31613636363635,65.84009189183398,4.0
2025-09-04,282.5,0.0018477439880371,0.6944450000000001,2471800.0,,,
2025-09-05,280.5,0.0008583068847656,0.555556,2990292.0,,,
2025-09-06,281.0,0.000426173210144,0.833334,2775026.0,,,
2025-09-07,282.5,0.0176578760147094,0.972223,3017516.0,,,
2025-09-08,286.5,0.0008583070593886,0.972223,3081062.0,,,
2025-09-09,287.0,0.0008553265361115,0.416667,3044668.0,,,
2025-09-10,291.5,0.0,2.222224,3117466.0,28.125692307692297,63.33286489569728,4.0
2025-09-11,286.5,0.0008523463038727,0.694445,3123184.0,,,
2025-09-12,285.5,0.0008523463038727,0.833334,3068608.0,,,
2025-09-13,290.0,0.0379383489489555,1.250001,2112728.0,,,
2025-09-14,289.5,0.0271722674369812,0.555556,2862570.0,,,
2025-09-15,290.5,0.0052154064178466,0.555556,2910530.0,,,
2025-09-16,289.0,0.8920133113861084,0.555556,963738.0,,,
2025-09-17,290.0,0.0704936683177948,0.277778,1979780.0,,,
2025-09-18,294.5,0.9420067071914672,0.694445,2919126.0,,,
2025-09-19,296.0,5.201402187347412,1.250001,2346940.0,,,
2025-09-20,294.0,1.040130853652954,1.111112,2259910.0,,,
2025-09-21,285.0,0.0008672475814819,1.111112,3346290.0,,,
2025-09-22,284.0,0.0,0.694445,3291559.0,,,
2025-09-23,286.5,0.0,1.250001,3263613.0,55.06891891891891,69.92422348078104,4.0
2025-09-24,287.0,0.0,0.833334,3337906.0,,,
2025-09-25,288.5,0.0186860561370849,0.972223,2604925.5,49.1109871244635,68.80095207300954,4.0
2025-09-26,290.5,4.1635260581970215,0.972223,3399300.0,,,
2025-09-27,287.0,0.0008678455487824,1.5277790000000002,3456856.0,,,
2025-09-28,287.0,0.0008563456358388,0.694445,3366035.0,62.90472727272724,71.22930511242863,5.0
2025-09-29,290.0,0.0511109828948974,0.833334,2017031.5,,,
2025-09-30,289.5,0.2421438694000244,0.6944450000000001,2701610.0,,,
2025-10-01,290.0,0.0133812427520751,0.416667,3413764.0,,,
2025-10-02,294.75,0.0008523463038727,0.694445,3430074.0,,,
2025-10-03,294.0,0.0779628753662109,1.111112,3375749.0,61.03155844155844,70.93274651338132,5.0
2025-10-04,297.25,1.0556578636169434,1.250001,3448703.0,,,
2025-10-05,289.75,0.0008672475814819,1.666668,3586632.0,55.98909871244635,70.08679022823335,5.0
2025-10-06,285.25,0.0,0.694445,3645288.0,,,
2025-10-07,287.75,0.000852346420288,0.694445,3604828.0,39.18184905660376,66.58517546792073,4.0
2025-10-08,289.25,0.0008702278719283,0.694445,3631896.0,51.215039370078735,69.21248595304255,4.0
2025-10-09,291.75,0.0,1.5277790000000002,3511874.0,,,
2025-10-10,292.5,0.000435113790445,1.111112,3577114.0,,,
2025-10-11,295.5,0.000426173210144,1.38889,3658538.0,,,
2025-10-12,292.25,0.0004276632098481,0.972223,3686494.0,,,
2025-10-13,290.0,0.0008583070593886,0.416667,3696348.0,34.266057142857136,65.27006326280778,4.0
2025-10-14,292.25,0.0859200954437255,0.972223,3603346.0,,,
2025-10-15,296.75,0.1243278384208679,0.972223,2587368.0,72.38452488687781,72.60634673782758,5.0
2025-10-16,294.5,1.1151729822158811,0.555556,2432172.0,,,
2025-10-17,289.25,0.0852644443511962,0.8333340000000001,3676242.0,,,
2025-10-18,290.0,0.0,0.694445,3586152.0,33.2297894736842,64.96881258725705,4.0
2025-10-19,289.25,0.0017166137695312,0.972223,3564188.0,,,
2025-10-20,291.5,0.0,0.972223,3573864.0,,,
2025-10-21,294.0,0.1053113639354705,1.111112,3300690.0,,,
2025-10-22,295.75,0.830233097076416,0.694445,3316696.0,,,
2025-10-23,299.0,1.92280113697052,0.833334,1417800.0,55.38081135902636,69.97962738194875,4.0
2025-10-24,293.25,0.4648156464099884,0.972223,3164830.0,,,
2025-10-25,289.0,0.0008500386029481,1.666668,3824774.0,50.21280769230771,69.01860995047696,4.0
2025-10-26,288.75,0.2788305282592773,0.833334,2042774.0,,,
2025-10-27,283.5,0.9958595037460328,1.111112,2108072.0,,,
2025-10-28,278.25,0.001169741153717,0.555556,3537820.0,,,
2025-10-29,285.5,0.0095069408416748,0.555556,2224340.0,,,
2025-10-30,288.75,0.0,0.972223,3787574.0,,,
2025-10-31,292.25,1.1517852544784546,1.250001,2430422.0,,,
2025-11-01,291.25,1.8944423198699951,0.6944450000000001,3434934.0,,,
2025-11-02,292.75,0.0328868627548217,0.555556,3768074.0,20.01773109243696,59.99682685145457,4.0
2025-11-03,293.75,0.2566874027252197,0.694445,3038446.0,,,
2025-11-04,293.75,0.0418812036514282,1.250001,2824962.0,,,
2025-11-05,294.25,0.2518892288208008,0.833334,2264466.0,,,
2025-11-06,292.0,2.535484790802002,1.111112,2658956.0,,,
2025-11-07,286.5,0.0039339065551757,0.833334,3695834.0,,,
2025-11-08,287.0,0.0046156346797943,0.694445,3744598.0,,,
2025-11-09,289.25,0.0008642673492431,0.694445,2952000.0,30.625085227272702,64.16804882208316,4.0
2025-11-10,291.5,0.1120120286941528,0.694445,3811672.0,,,
2025-11-11,296.5,2.390235662460327,1.38889,2964578.0,,,
2025-11-12,292.0,0.0050365924835205,0.972223,2887446.0,,,
2025-11-13,292.25,0.0711022913455963,0.416667,2363180.0,,,
2025-11-14,293.0,0.4810094833374023,0.694445,2792914.0,,,
2025-11-15,297.75,3.2855868339538574,1.111112,3574880.0,,,
2025-11-16,292.25,0.0004276632098481,1.8055570000000003,3962884.0,39.94190332326284,66.77364887768746,4.0
2025-11-17,292.0,0.0008523463038727,0.555556,3939440.0,46.64374193548386,68.29530532390552,4.0
2025-11-18,294.5,0.0008583068847656,0.694445,3859016.0,,,
2025-11-19,296.25,0.5308836698532104,0.694445,3786832.0,42.32725563909771,67.34268026725138,4.0
2025-11-20,300.0,0.3475584089756012,1.666668,4036930.0,,,
2025-11-21,294.5,0.0462532006204128,1.111112,3912842.0,,,
2025-11-22,292.25,0.0318735837936401,0.694445,3807350.0,58.90049896049894,70.5840842026062,5.0
2025-11-23,293.75,0.0,0.833334,3987160.0,,,
2025-11-24,295.0,0.0004410743713378,0.833334,3936532.0,39.24847457627119,66.60184240170045,4.0
2025-11-25,297.0,0.0,0.694445,3883428.0,,,
2025-11-26,297.0,0.7018595933914185,0.833334,3855928.0,,,
2025-11-27,298.0,1.2808440923690796,0.833334,3474504.0,44.63933503836316,67.864417288526,4.0
2025-11-28,298.25,4.946112632751465,0.555556,2733492.0,,,
2025-11-29,298.25,2.093791961669922,0.972223,2510768.0,,,
2025-11-30,296.5,2.384438991546631,0.833334,1770336.0,,,
2025-12-01,292.0,0.1366287469863891,0.6944450000000001,3871890.0,,,
2025-12-02,293.0,0.0008523463038727,0.416667,3960820.0,,,
2025-12-03,295.5,0.0,0.416667,3787328.0,,,
2025-12-04,298.75,0.1120567321777343,0.694445,3753846.0,35.09899497487436,65.50567219426938,4.0
2025-12-05,299.5,0.6060302257537842,0.972223,2812316.0,,,
2025-12-06,296.5,2.2464990615844727,0.6944450000000001,1301784.0,,,
2025-12-07,291.5,0.0100135803222656,0.277778,3114540.0,,,
2025-12-08,293.75,0.0,0.972223,4005124.0,,,
2025-12-09,293.5,0.4712045192718506,0.555556,3833404.0,30.190495867768604,64.02784152283888,4.0
2025-12-10,296.25,4.4796319007873535,0.416667,3116620.0,,,
2025-12-11,294.75,0.0105947256088256,0.6944450000000001,3918192.0,,,
2025-12-12,296.5,0.2180337905883789,0.555556,3952024.0,56.46612903225804,70.17001793761553,5.0
2025-12-13,298.25,2.275660514831543,0.972223,2641940.0,,,
2025-12-14,291.5,1.493513584136963,0.972223,3943296.0,,,
2025-12-15,292.25,0.0410526990890502,0.833334,3120208.0,,,
2025-12-16,294.0,0.0004276632098481,0.694445,4022880.0,,,
2025-12-17,296.0,0.0008685397915542,1.111112,3991568.0,66.40196832579184,71.76007892213178,5.0
2025-12-18,296.25,0.0020265579223632,0.694445,3920828.0,,,
2025-12-19,298.25,2.975895881652832,0.833334,2623206.0,71.0420975609756,72.42270444855924,5.0
2025-12-20,298.5,1.5781818628311155,0.833334,3136920.0,,,
2025-12-21,296.75,1.2444555759429932,0.833334,3117548.0,,,
2025-12-22,294.75,2.075834274291992,0.555556,3602060.0,,,
2025-12-23,299.25,2.6790499687194824,0.694445,3612032.0,,,
2025-12-24,298.75,2.8520822525024414,0.833334,3878180.0,46.62477064220183,68.2913145153353,4.0
2025-12-25,297.25,0.0004276632098481,0.694445,3816752.0,,,
2025-12-26,296.25,,0.555556,,38.296788321167824,66.36104082126622,4.0
2025-12-27,298.25,,0.972223,,67.2213613861386,71.88039244365643,5.0
2025-12-28,297.75,,0.555556,,,,
2025-12-29,299.25,,0.416667,,,,
2025-12-30,300.0,,0.555556,,,,
2025-12-31,301.25,,0.555556,,,,
2026-01-01,301.0,,0.694445,,59.58020771513353,70.69664288363771,5.0
