yy-mm-dd,TP-ERA5_K,PP-ERA5_mm,WM-ERA5_ms,RD_ERA5-Jm2,CHLA_S2-ugL,TSI,CTSI
2020-01-01,295.67264,0.0465661287307739,2.0636396,2408588.0,,,
2020-01-02,293.1273,0.0163763761520385,1.7307078,2777348.0,,,
2020-01-03,294.13663,0.0015784025890752,1.6960777,3964360.0,75.39993710691823,73.00673118510942,5.0
2020-01-04,295.40845,0.0008699289755895,1.7470641,3879344.0,,,
2020-01-05,297.78854,1.5379860401153564,2.566181,3796940.0,72.85510638297876,72.66991644797574,5.0
2020-01-06,293.9064,0.0,2.3987334,3944200.0,,,
2020-01-07,294.41833,0.1036971807479858,2.6123493,3372908.0,,,
2020-01-08,296.77444,0.1523643732070922,3.5842388,2819310.0,,,
2020-01-09,296.31522,2.410516262054444,2.341919,2681984.0,,,
2020-01-10,294.04016,0.1022368669509887,1.892733,2731756.0,,,
2020-01-11,294.8539,2.6546120643615723,1.6666278,3053348.0,,,
2020-01-12,295.91458,0.5460977554321289,1.5363716,2724624.0,,,
2020-01-13,296.4109,1.2788474559783936,1.939699,3303412.0,,,
2020-01-14,298.3091,7.056236267089844,1.4240211,2229180.0,,,
2020-01-15,295.73706,0.000852346420288,2.517021,3856536.0,,,
2020-01-16,292.40097,0.0004351139068603,1.9401474,3728768.0,,,
2020-01-17,293.00092,0.0265508461743593,2.1942155,3308436.0,,,
2020-01-18,294.2573,0.1803338527679443,2.4092107,2856430.0,73.53488272921109,72.76102450706279,5.0
2020-01-19,296.64233,2.2631735801696777,2.0767581,3226258.0,,,
2020-01-20,298.18802,2.8208346366882324,1.3705686,3375376.0,,,
2020-01-21,296.2109,0.0994205474853515,2.0633852,3276110.0,,,
2020-01-22,295.55093,0.0008523463620804,2.4860075,3897572.0,,,
2020-01-23,296.42358,0.0,1.8630925,3811098.0,84.15302816901402,74.08416804159029,5.0
2020-01-24,297.71597,0.21381676197052,1.935985,3638858.0,,,
2020-01-25,299.11963,1.271367073059082,1.645517,3103548.0,96.4136363636364,75.41843342361186,5.0
2020-01-26,298.6913,0.1288987696170807,1.207779,3214478.0,,,
2020-01-27,295.5428,1.3689696788787842,2.1083906,3721746.0,,,
2020-01-28,295.20303,5.276650428771973,2.3280656,2188578.0,72.17517857142857,72.57793371896989,5.0
2020-01-29,293.34897,0.11463463306427,2.3913422,3419496.0,,,
2020-01-30,292.80896,0.0580549277365207,1.6677723,3900364.0,91.31445454545462,74.88537221505436,5.0
2020-01-31,295.09888,0.0008491923799738,1.804595,3884846.0,,,
2020-02-01,296.92874,0.2583712339401245,2.3150842,3732094.0,,,
2020-02-02,297.6068,0.0106275081634521,2.1943698,3706876.0,78.07447368421055,73.34867561912166,5.0
2020-02-03,298.3585,0.2371370792388916,3.0152957,3663204.0,,,
2020-02-04,298.5706,4.508674144744873,3.056342,2104096.0,81.40036585365851,73.75791551932298,5.0
2020-02-05,295.30228,0.1865029335021972,1.418563,1400062.0,,,
2020-02-06,294.5228,1.1480748653411863,1.392285,2053144.0,,,
2020-02-07,294.21906,1.208957314491272,1.7065934,1492280.0,,,
2020-02-08,293.62912,3.132373094558716,1.6837158,1205506.0,,,
2020-02-09,291.79672,0.1893043518066406,1.7474619,2829768.0,,,
2020-02-10,291.11038,0.0455379486083984,1.6541138,3152030.0,,,
2020-02-11,292.18262,0.0008523463038727,1.7057406,3661748.0,,,
2020-02-12,292.6804,0.0151246786117553,2.4299762,1989848.0,72.31860139860143,72.59740830669159,5.0
2020-02-13,293.9943,0.5726069211959839,1.9494547,2846408.0,,,
2020-02-14,294.94516,0.004887580871582,1.816877,3348466.0,,,
2020-02-15,295.9229,2.4952142238616943,1.9640945,2545366.0,,,
2020-02-16,296.7142,7.2523512840271,2.0545847,3038934.0,,,
2020-02-17,297.50476,0.1994669437408447,2.1028495,3786560.0,,,
2020-02-18,292.95593,0.0008672475814819,2.8333623,3687706.0,,,
2020-02-19,293.3472,0.0314414501190185,1.8202261,2855032.0,64.00023255813957,71.39867869449594,5.0
2020-02-20,291.55325,0.2308189868927002,2.403836,2404588.0,,,
2020-02-21,288.45193,0.0008597968844696,1.8911299,3602840.0,,,
2020-02-22,288.8082,0.0008597968844696,1.3934864,3237118.0,,,
2020-02-23,289.72385,0.0094324350357055,2.149029,3690746.0,,,
2020-02-24,292.6711,2.880632877349853,2.1036499,3011360.0,56.62044776119409,70.19679154264404,5.0
2020-02-25,292.45926,0.0008553265361115,1.7685747,3654090.0,,,
2020-02-26,292.09848,0.0175535678863525,1.4469534,3478830.0,,,
2020-02-27,293.45618,0.0633895397186279,1.54823,3628664.0,70.24032345013475,72.31136025713508,5.0
2020-02-28,294.9896,0.0013262033462524,1.6744982,3468010.0,,,
2020-02-29,295.8727,0.0,1.9406465,3613250.0,79.80214953271022,73.56338982221843,5.0
2020-03-01,294.77237,0.0008523463038727,2.7030382,3603070.0,,,
2020-03-02,294.6151,0.000859797000885,2.6527963,3397882.0,,,
2020-03-03,295.6321,0.099077820777893,1.9455419,3206208.0,140.08686915887844,79.08359732415177,5.0
2020-03-04,296.05917,0.0,1.5956689,3352905.0,,,
2020-03-05,296.38016,0.0065714120864868,2.1742141,3410061.0,83.70726027397262,74.03206526766311,5.0
2020-03-06,296.521,0.000852346420288,2.175342,3417579.0,,,
2020-03-07,297.02274,0.1423092037439346,2.3256853,3406399.0,,,
2020-03-08,298.22263,1.697048544883728,2.2900503,2631429.0,73.44708333333338,72.74930453625169,5.0
2020-03-09,297.9172,0.9770169854164124,1.4099408,2807559.0,,,
2020-03-10,296.1382,7.511452674865723,1.6314856,2449269.5,,,
2020-03-11,296.9073,0.2498775720596313,1.7961646,3120749.0,,,
2020-03-12,295.99356,0.0541210174560546,2.1216233,3268694.0,,,
2020-03-13,298.408,0.8622556924819946,2.798785,1917691.0,53.97866438356162,69.72805676056845,4.0
2020-03-14,295.82205,1.7364025115966797,2.7028434,942822.75,,,
2020-03-15,287.66812,0.2065394073724746,2.0540793,1140285.0,,,
2020-03-16,289.89124,0.9006410837173462,1.3693367,2124070.0,,,
2020-03-17,293.00412,0.0193268060684204,1.5583944,3286976.0,,,
2020-03-18,291.18814,0.1011788845062255,2.279743,3279275.0,30.350344827586184,64.07964529437001,4.0
2020-03-19,292.40842,0.0223517417907714,1.4741474,3157255.0,,,
2020-03-20,293.4036,0.0008672476396895,1.5709534,3285722.0,39.20852941176468,66.59185318269516,4.0
2020-03-21,292.8989,0.0,2.4887886,3228216.0,,,
2020-03-22,292.9067,0.000435113790445,2.569608,3164140.0,,,
2020-03-23,293.9103,0.1027435064315795,2.6530638,2807574.0,64.45351351351351,71.46791302615468,5.0
2020-03-24,295.72244,4.010185718536377,2.3654683,1110494.0,,,
2020-03-25,292.31448,0.6906613707542419,1.436031,1975778.0,,,
2020-03-26,290.87387,0.225067138671875,1.152686,2547404.0,,,
2020-03-27,291.03845,0.0171810388565063,1.3460402,2540536.0,,,
2020-03-28,291.89792,0.0104531645774841,1.6088625,3064534.0,,,
2020-03-29,292.2972,0.1233220100402832,1.4747964,2548360.0,,,
2020-03-30,292.87357,0.2729296684265136,1.3541871,1879924.0,48.36365384615386,68.65052355041381,4.0
2020-03-31,293.7291,1.0994970798492432,1.2829002,2052374.0,,,
2020-04-01,293.06885,0.0806450843811035,1.4705148,3158626.0,,,
2020-04-02,289.46606,0.000426173210144,3.0870984,3061222.0,43.885234375,67.69727936275751,4.0
2020-04-03,289.20258,0.0008761882781982,1.4165993,3016942.0,,,
2020-04-04,289.6058,0.1100152730941772,1.9680163,2186486.0,32.72742647058826,64.8193740068246,4.0
2020-04-05,291.22885,0.0351294875144958,1.8161316,2790332.0,,,
2020-04-06,289.80185,0.1539289802312851,2.5380974,2826492.0,,,
2020-04-07,286.07034,0.0008523463038727,1.4438944,2737454.0,,,
2020-04-08,286.80142,0.0,1.5204363,2922220.0,,,
2020-04-09,287.2899,0.0008583070593886,1.339146,2912242.0,,,
2020-04-10,287.52438,0.0,1.6907543,2888908.0,,,
2020-04-11,287.57278,0.0525712966918945,2.3864293,2243890.0,,,
2020-04-12,288.89456,1.6425549983978271,1.9956208,2631528.0,,,
2020-04-13,288.59695,0.0,1.9323076,2881850.0,,,
2020-04-14,286.62845,0.0008583068847656,1.3236564,2809304.0,32.631511627906924,64.79058145573572,4.0
2020-04-15,288.05563,0.0008583068847656,1.4698906,2769880.0,,,
2020-04-16,288.6917,0.0008583068847656,2.0792701,2770854.0,,,
2020-04-17,289.20242,0.0008672475814819,2.3122323,2784764.0,35.484259259259254,65.61276502259341,4.0
2020-04-18,289.90253,0.0,2.6434793,2755464.0,,,
2020-04-19,290.6941,0.0008583068847656,2.4678826,2718760.0,28.559444444444445,63.48299919040772,4.0
2020-04-20,291.6608,0.0079751014709472,1.8713884,2402054.0,,,
2020-04-21,291.71384,0.0445451587438583,1.4886123,1451148.0,,,
2020-04-22,291.22083,0.0028610229492187,1.525663,2082682.0,,,
2020-04-23,292.41068,0.0008583068847656,2.514685,2574960.0,,,
2020-04-24,294.99933,0.1734886318445205,2.8467376,2001800.0,29.29572519083967,63.73270216913673,4.0
2020-04-25,292.04764,0.8008331060409546,2.0802166,620820.0,,,
2020-04-26,288.24203,0.7800310850143433,1.6821855,351680.0,,,
2020-04-27,289.22073,0.604875385761261,1.1332866,2249202.0,,,
2020-04-28,291.39703,0.000852346420288,2.1748385,2544772.0,,,
2020-04-29,287.24527,0.0008583068847656,1.3822527,2442800.0,50.17260869565212,69.01075318816106,4.0
2020-04-30,287.14655,0.0008583068847656,1.7966051,2539340.0,,,
2020-05-01,287.74844,0.0008583068847656,1.6574125,2441380.0,,,
2020-05-02,287.00012,0.0158995389938354,1.6395874,1783166.0,54.31209677419351,69.78846786219962,4.0
2020-05-03,287.54904,0.0151938404887914,2.0669575,2059396.0,,,
2020-05-04,289.07397,0.0030323863029479,1.1308216,2189882.0,,,
2020-05-05,286.33777,0.0,2.9328127,2542846.0,,,
2020-05-06,282.45758,0.0,1.1540575,2518452.0,,,
2020-05-07,282.60873,0.0008285045623779,1.845127,2463712.0,44.97929906542054,67.93884518259836,4.0
2020-05-08,284.78372,0.0,2.6515782,2441676.0,,,
2020-05-09,287.53506,0.0008583068847656,2.233922,2458046.0,,,
2020-05-10,289.2828,7.450580596923828e-05,2.269111,2399488.0,,,
2020-05-11,286.1721,0.0008597968844696,2.914095,2384488.0,,,
2020-05-12,285.4825,0.0,1.2666837,2366264.0,92.32344660194173,74.9931747070268,5.0
2020-05-13,284.76617,0.0,1.9735694,2349336.0,,,
2020-05-14,284.87366,0.0008523463038727,1.250399,2308496.0,37.83374999999997,66.24170731741799,4.0
2020-05-15,287.2368,0.0,2.0504162,2333884.0,,,
2020-05-16,290.5588,0.0008583068847656,2.3362172,2326256.0,,,
2020-05-17,290.58264,0.0,1.9821806,2281092.0,29.85589473684208,63.91851035283145,4.0
2020-05-18,289.79712,0.0,2.484587,2262016.0,,,
2020-05-19,290.39175,0.0657588243484497,2.824159,1747376.0,30.56705882352935,64.14944384589958,4.0
2020-05-20,289.84216,0.3499984741210937,1.7325255,1008796.0,,,
2020-05-21,283.96036,0.4133880138397217,3.2422523,2131000.0,,,
2020-05-22,281.20773,0.0,3.624739,2321584.0,,,
2020-05-23,279.8851,0.0008583068847656,1.4249139,2212772.0,,,
2020-05-24,284.73804,0.0,1.9309882,2231028.0,6.6720833333333776,49.218714440417045,3.0
2020-05-25,287.4197,0.0008672475814819,1.8543596,2210128.0,,,
2020-05-26,286.01804,0.0008523463038727,2.2955327,2219412.0,,,
2020-05-27,288.15543,0.0008583068847656,2.7896926,2136224.0,33.181393442622955,64.95451484016374,4.0
2020-05-28,287.07886,0.0,1.632027,2142564.0,,,
2020-05-29,287.2983,0.0590234845876693,1.6785465,1345540.0,40.71198275862068,66.9609853894018,4.0
2020-05-30,283.40866,0.0619143173098564,1.7122163,2118350.0,,,
2020-05-31,281.6942,0.0,1.099413,2125220.0,,,
2020-06-01,281.4888,0.0008523463038727,1.2174358,2160716.0,38.729512195121934,66.47126462363468,4.0
2020-06-02,281.92966,0.0410258807241916,1.9131012,1774034.0,,,
2020-06-03,280.08243,0.1242011785507202,1.7777494,1435956.0,,,
2020-06-04,281.47534,0.0,1.126597,2106480.0,,,
2020-06-05,282.62442,0.0008583068847656,1.721505,2181964.0,,,
2020-06-06,282.79788,0.0,1.5693064,2094108.0,30.043333333333308,63.97990609006104,4.0
2020-06-07,283.12527,0.0,1.9161701,2091780.0,,,
2020-06-08,284.61765,0.0008523463038727,1.5419211,1904560.0,33.06410714285715,64.91977799637098,4.0
2020-06-09,285.8871,0.0011622905731201,1.3180336,2070704.0,,,
2020-06-10,284.96368,0.0281035900115966,1.6706222,1837856.0,,,
2020-06-11,285.2284,0.0004276633262634,2.357311,2045004.0,,,
2020-06-12,285.73404,0.001436099410057,2.8094165,2130328.0,,,
2020-06-13,281.18362,0.0008523463038727,1.6888866,2086272.0,31.823999999999984,64.54476528391496,4.0
2020-06-14,280.4686,0.0008597968844696,2.8793328,2104284.0,,,
2020-06-15,282.12186,0.0155270099639892,2.6880805,2044800.0,,,
2020-06-16,286.30682,0.3319084644317627,3.0897796,1145520.0,34.80083969465645,65.42198326848845,4.0
2020-06-17,289.30002,0.0008523463038727,1.5309426,2060932.0,,,
2020-06-18,284.7147,0.000859797000885,1.8896724,2081608.0,24.15564516129029,61.84012262842458,4.0
2020-06-19,285.98987,1.366515789413825e-07,2.566921,1907880.0,,,
2020-06-20,284.84045,0.000435113790445,1.6455499,2016900.0,,,
2020-06-21,284.0552,0.0,2.2676468,1688992.0,43.11658227848101,67.52393417163947,4.0
2020-06-22,284.31128,0.0002086162567138,2.0427463,1959364.0,,,
2020-06-23,283.73825,0.2746134996414184,2.0500877,1148756.0,,,
2020-06-24,281.18283,0.0799819827079773,1.8006712,2127156.0,,,
2020-06-25,279.40048,0.000426173210144,1.8339347,1866676.0,,,
2020-06-26,278.59848,0.0,2.3970797,1966056.0,,,
2020-06-27,278.94348,0.0008583068847656,1.7061812,2092552.0,,,
2020-06-28,279.83234,0.0008583068847656,2.0385432,1845352.0,31.41307692307696,64.4172700763015,4.0
2020-06-29,280.26352,0.0011734664440155,2.0058405,2123936.0,,,
2020-06-30,281.53128,0.3568530082702636,2.7297928,1504528.0,,,
2020-07-01,278.764,0.0008523463038727,0.99873716,2084704.0,,,
2020-07-02,279.28073,0.000435113790445,1.1935123,2108616.0,,,
2020-07-03,280.68958,0.0161081552505493,3.1154642,2116972.0,39.70345000000001,66.71490762052699,4.0
2020-07-04,281.4819,0.0285618007183074,2.2763548,1909008.0,,,
2020-07-05,279.55814,0.0013113021850585,1.9523735,2118476.0,,,
2020-07-06,278.34897,0.6183981895446777,1.2204257,1084132.0,,,
2020-07-07,276.71634,0.0004172325134277,1.0081433,2040744.0,,,
2020-07-08,276.82095,0.0004381909093353,1.4913594,2142504.0,,,
2020-07-09,278.26587,2.980414137709886e-06,2.4095848,2054504.0,,,
2020-07-10,283.3132,0.0008523463038727,2.6679218,2020090.0,,,
2020-07-11,281.49994,0.0008597968844696,2.0845044,2173076.0,,,
2020-07-12,281.11084,0.0004291533550713,1.8661504,2178264.0,,,
2020-07-13,279.179,0.0008672475814819,1.3421577,2210232.0,,,
2020-07-14,279.65298,0.0008583068847656,2.0276039,2174446.0,,,
2020-07-15,281.2737,0.0017225742340087,2.3185852,2212378.0,,,
2020-07-16,282.1932,0.0008523463038727,1.5449891,2220382.0,28.20380165289252,63.360071004385844,4.0
2020-07-17,283.5157,0.0,2.3461945,2198704.0,,,
2020-07-18,287.5186,0.0057518482208251,2.1824605,2128586.0,33.93070422535213,65.17358247479862,4.0
2020-07-19,287.61926,0.0918852165341377,1.5285469,989026.0,,,
2020-07-20,285.62976,0.1405421644449234,0.93541414,657298.0,,,
2020-07-21,283.1386,0.2272427082061767,0.89419633,725682.0,,,
2020-07-22,282.62,0.4073530435562134,1.2802368,895570.0,,,
2020-07-23,280.2404,0.000426173210144,1.2153317,2313808.0,,,
2020-07-24,278.90775,0.0,1.1209775,2354434.0,,,
2020-07-25,279.33273,0.0,2.4159737,2337032.0,,,
2020-07-26,283.30835,0.0008583068847656,2.5630667,2320406.0,43.30049450549451,67.56568938340976,4.0
2020-07-27,281.3307,0.0240504741668701,2.9633706,2368224.0,,,
2020-07-28,280.1279,0.0004351139068603,1.1099988,2408662.0,22.583783783783787,61.18004706814461,4.0
2020-07-29,279.06006,0.0008592648082412,2.2181637,2431262.0,,,
2020-07-30,280.24246,0.000435113790445,3.1847413,2435306.0,,,
2020-07-31,282.002,0.000435113790445,1.8605973,2418146.0,33.69900662251657,65.10636461010102,4.0
2020-08-01,284.5591,0.0,3.1929617,2340550.0,,,
2020-08-02,289.20963,0.0,2.3964639,2360186.0,51.18875000000002,69.20744905494094,4.0
2020-08-03,289.97604,0.0008583068847656,2.82038,2368384.0,,,
2020-08-04,292.58347,0.0,3.0710003,2428454.0,,,
2020-08-05,293.98376,0.003814697265625,2.629136,1357550.0,41.49047619047618,67.14680097195055,4.0
2020-08-06,285.9586,0.0,3.666559,2430046.0,,,
2020-08-07,283.16953,0.0,1.3655761,2449106.0,,,
2020-08-08,285.20554,0.0008624316542409,1.3354219,2486448.0,,,
2020-08-09,287.6174,0.0,2.617406,2542186.0,,,
2020-08-10,287.26193,0.000426173210144,2.9188783,2363990.0,47.44530303030303,68.46245559270767,4.0
2020-08-11,280.35007,0.0008523463038727,2.0171795,2626822.0,,,
2020-08-12,280.55014,0.0008604458998888,1.555243,2670986.0,54.792246696035264,69.87481274989614,4.0
2020-08-13,281.87296,0.0008523463038727,1.8305416,2660656.0,,,
2020-08-14,283.92905,0.0,2.5523732,2665198.0,,,
2020-08-15,282.79672,0.0,1.7082208,2690752.0,54.81782608695649,69.87939141357404,4.0
2020-08-16,284.00247,0.0,1.9335192,2721244.0,,,
2020-08-17,285.20938,0.1288354396820068,1.9254392,2674388.0,38.94666666666666,66.52611518263254,4.0
2020-08-18,285.23587,0.2588927149772644,2.3687823,1306964.0,,,
2020-08-19,279.01483,0.0034918775781989,2.952576,2822866.0,,,
2020-08-20,277.52695,0.0008523463038727,1.0357212,2826822.0,24.37757575757569,61.929840734219496,4.0
2020-08-21,279.52936,0.0008583068847656,1.9541048,2872682.0,,,
2020-08-22,281.36856,0.0008523463038727,2.9400513,2814648.0,,,
2020-08-23,283.36206,0.0088512897491455,3.3089154,2765344.0,,,
2020-08-24,286.46768,0.0120103359222412,2.7351694,2455648.0,,,
2020-08-25,289.99277,1.076240062713623,1.4340682,2391616.0,45.18384754990927,67.98335614191396,4.0
2020-08-26,288.6088,0.0,2.069638,2750720.0,,,
2020-08-27,285.20657,0.0008523463038727,1.7994657,2854656.0,78.60016806722686,73.41450734776596,5.0
2020-08-28,286.3919,0.7247626781463623,1.7324451,1464734.0,,,
2020-08-29,283.58817,0.0019967555999755,2.92953,2575976.0,,,
2020-08-30,281.5623,0.0129640102386474,1.7034715,1230844.0,,,
2020-08-31,281.55392,0.7373839616775513,1.1835147,764250.0,,,
2020-09-01,277.8384,0.626102089881897,1.8573351,2590822.0,,,
2020-09-02,279.46033,0.0,2.0047166,2957518.0,,,
2020-09-03,281.74496,0.0008597968844696,1.4262546,2854672.0,,,
2020-09-04,283.65482,0.2322048246860504,2.0421503,2459072.0,,,
2020-09-05,284.64932,0.045031301677227,1.3087955,2253110.0,,,
2020-09-06,283.27945,0.0662505626678466,2.1167002,2456130.0,,,
2020-09-07,283.74326,0.000435113790445,1.3993737,2878584.0,,,
2020-09-08,284.4495,0.035502016544342,2.54999,2996936.0,,,
2020-09-09,287.6437,0.000435113790445,2.0348084,3014046.0,44.70023584905663,67.87779181091307,4.0
2020-09-10,289.9159,0.1301765441894531,2.4578183,1836662.0,,,
2020-09-11,286.8986,0.0,3.066491,3020804.0,,,
2020-09-12,286.50198,0.0,1.7801431,3103696.0,,,
2020-09-13,287.28714,0.0008597968844696,2.2488816,3185446.0,,,
2020-09-14,284.47495,0.0008523463038727,2.1127055,3175976.0,42.508,67.38448139933752,4.0
2020-09-15,285.86838,0.0,2.37996,3193782.0,,,
2020-09-16,287.5355,0.000435113790445,1.8253851,3204826.0,41.88563106796119,67.23978920324623,4.0
2020-09-17,290.66513,0.0008597043924964,1.6636311,3241870.0,,,
2020-09-18,290.0547,0.0,2.5848842,3295956.0,,,
2020-09-19,285.51382,0.0017225742340087,2.5252821,3307170.0,55.20656779661017,69.94871371395391,4.0
2020-09-20,285.10397,0.000435113790445,1.6332566,3338154.0,,,
2020-09-21,286.61115,0.000426173210144,2.1790736,3327766.0,45.42181818181821,68.03488707539651,4.0
2020-09-22,288.50137,0.0,3.0305347,3250908.0,,,
2020-09-23,290.89572,0.0,2.2606785,3185597.0,,,
2020-09-24,293.72583,0.1420378684997558,2.0168188,2056886.0,,,
2020-09-25,295.63153,0.6219595670700073,1.5369262,2739661.5,,,
2020-09-26,292.2313,0.0019893050193786,2.3438127,3136262.0,,,
2020-09-27,288.80606,0.0,3.3927536,3434132.0,,,
2020-09-28,288.63992,0.0008583068847656,2.3649414,3425568.0,,,
2020-09-29,292.23114,0.001460313796997,3.438078,3295998.0,60.08992233009708,70.78021145015535,5.0
2020-09-30,296.0161,0.0,2.1923754,3019128.0,,,
2020-10-01,289.50168,0.0,3.3516762,3453434.0,41.83675392670157,67.22833504292196,4.0
2020-10-02,286.02628,0.0990331172943115,2.7834408,2316847.0,,,
2020-10-03,282.31216,0.1345910131931305,3.1804821,3194435.0,,,
2020-10-04,282.47266,0.0024698674678802,1.7708672,3481740.0,,,
2020-10-05,285.30325,0.0008597968844696,1.4489201,3374336.0,,,
2020-10-06,288.17578,0.0,1.8740898,3466487.0,50.909295154185024,69.15374657945263,4.0
2020-10-07,290.30197,0.0031888484954833,1.929437,3492234.0,,,
2020-10-08,290.8714,0.0004276632098481,1.5989014,3530598.0,,,
2020-10-09,292.38675,0.0,1.484942,3562024.0,46.60767441860465,68.28771675588024,4.0
2020-10-10,293.68768,0.000426173210144,2.330571,3593436.0,,,
2020-10-11,291.51022,0.000870227755513,2.303559,3609920.0,66.12526315789478,71.7191140334645,5.0
2020-10-12,292.34317,0.0004276632098481,1.4691944,3567762.0,,,
2020-10-13,292.91483,0.6929934024810791,2.2072752,2775304.0,,,
2020-10-14,292.26578,0.292062759399414,1.5229675,3111972.0,,,
2020-10-15,290.7524,0.000435113790445,1.6964954,3540114.0,,,
2020-10-16,292.8187,0.009283423423767,2.223463,3472742.0,40.55133720930233,66.92219950439672,4.0
2020-10-17,296.42993,0.0005960464477539,2.1911118,3552790.0,,,
2020-10-18,300.21292,0.1279115676879882,3.2462032,2525858.0,,,
2020-10-19,296.88235,2.4920477867126465,3.1067448,899984.0,62.4135972850679,71.1524127686682,5.0
2020-10-20,285.5415,0.2689287066459656,3.322048,855368.0,,,
2020-10-21,283.5851,0.3015100955963135,1.6892372,1481260.0,,,
2020-10-22,287.61526,0.0810325145721435,1.0244642,2099928.0,,,
2020-10-23,290.082,0.3665238618850708,1.2621919,3126564.0,,,
2020-10-24,292.73624,2.23425030708313,1.4210998,2464236.0,,,
2020-10-25,291.95102,0.0004276632098481,2.6325552,3849994.0,,,
2020-10-26,289.86514,0.0,2.3504722,3795424.0,20.85585106382981,60.399194792657795,4.0
2020-10-27,291.36414,0.5237013101577759,2.765086,2771398.0,,,
2020-10-28,288.0636,0.0008583068847656,2.392463,3711904.0,,,
2020-10-29,286.02576,0.16823410987854,2.353525,3330734.0,63.652251308900496,71.34519435314199,5.0
2020-10-30,286.45486,0.0008523463038727,1.6390942,3873702.0,,,
2020-10-31,288.60977,0.0,1.8872166,3861254.0,63.63318181818182,71.34225494836087,5.0
2020-11-01,290.3996,0.2018213272094726,1.9978142,3811296.0,,,
2020-11-02,291.64584,0.000435113790445,1.8016077,3809934.0,,,
2020-11-03,293.01697,0.0008597968844696,2.299517,3706972.0,70.42630952380952,72.33730136921484,5.0
2020-11-04,292.7264,1.78813479578821e-05,2.8653705,3797622.0,,,
2020-11-05,293.11874,0.0008583069429732,2.1106622,3791982.0,67.85456066945605,71.97236635544758,5.0
2020-11-06,293.96786,0.0008612872334197,2.064522,3770496.0,,,
2020-11-07,294.35626,0.9943842887878418,1.9737097,2317590.0,,,
2020-11-08,292.23843,0.5028098821640015,1.4956808,2176116.0,,,
2020-11-09,290.88895,3.923625230789185,1.4905497,3312740.0,,,
2020-11-10,292.3776,1.9150525331497192,1.3418785,2812394.0,,,
2020-11-11,291.55563,0.0578612089157104,1.5087134,3491138.0,,,
2020-11-12,293.6602,0.0413060188293457,1.9730228,3146992.0,,,
2020-11-13,294.80392,7.4098219871521,2.5713499,1866632.0,73.92404761904763,72.81280457116394,5.0
2020-11-14,290.78885,0.4290863871574402,2.2788777,3241904.0,,,
2020-11-15,289.89243,1.1686980724334717,2.1673706,3663078.0,60.78765624999995,70.89346397979405,5.0
2020-11-16,292.10074,0.443928062915802,1.1681623,2283264.0,,,
2020-11-17,291.35687,0.5873441696166992,1.4606797,3127172.0,,,
2020-11-18,291.0651,0.1366287469863891,1.246976,3706052.0,,,
2020-11-19,290.76224,0.9979456663131714,1.71442,3694964.0,,,
2020-11-20,292.00897,0.0630468130111694,1.6830711,3306816.0,55.66141509433965,70.02920723261903,5.0
2020-11-21,293.04733,0.0,1.8829466,3848434.0,,,
2020-11-22,294.96854,0.0,2.8299105,3874096.0,,,
2020-11-23,297.0878,0.8012800812721252,3.5262597,3596656.0,67.48970588235292,71.9194755426649,5.0
2020-11-24,299.78802,0.3773495554924011,2.0528316,3125480.0,,,
2020-11-25,295.48306,0.2257823944091797,2.5739963,3511108.0,74.63078621908127,72.90614596967389,5.0
2020-11-26,292.58685,0.0042617321014404,2.2701805,3553878.0,,,
2020-11-27,293.44766,0.5223453044891357,2.4021132,3375260.0,,,
2020-11-28,295.93756,1.6126930713653564,1.3807372,3733204.0,,,
2020-11-29,295.3768,1.500457525253296,1.933671,2907370.0,,,
2020-11-30,291.82736,0.0682771205902099,2.5646596,2765338.0,,,
2020-12-01,293.46262,4.671483993530273,1.8668823,3046004.0,,,
2020-12-02,293.5804,0.4302561283111572,2.2913535,3958254.0,,,
2020-12-03,293.58932,2.4266419410705566,1.8560991,1267072.0,74.21160869565216,72.85089098162132,5.0
2020-12-04,287.41797,0.0,2.49285,3714868.0,,,
2020-12-05,288.62772,0.0064373016357421,1.4588952,3926436.0,,,
2020-12-06,290.80032,0.0,1.7175905,3964408.0,,,
2020-12-07,292.34198,0.1364946365356445,2.2187564,3864684.0,,,
2020-12-08,294.47067,1.0469555854797363,2.0880666,3889244.0,70.88226703755217,72.40060904440415,5.0
2020-12-09,297.49512,0.0,2.0788677,3946736.0,,,
2020-12-10,299.53195,0.0044405455701053,3.9298515,3880560.0,65.6566666666667,71.64934800469514,5.0
2020-12-11,295.11386,0.0,3.6701488,3881092.0,,,
2020-12-12,295.44458,1.0640472173690796,2.0247757,3374756.0,,,
2020-12-13,292.31802,0.0008523463038727,3.301789,4030532.0,,,
2020-12-14,293.7951,0.0,2.9718106,3987944.0,,,
2020-12-15,293.79446,0.0133539270609617,3.438182,3872668.0,68.89710247349822,72.12194454711715,5.0
2020-12-16,294.4631,0.1262873411178589,1.9134718,3361340.0,,,
2020-12-17,296.19934,0.9776949882507324,2.4538834,3689920.0,,,
2020-12-18,298.4557,3.5736019611358643,3.4032204,4063244.0,,,
2020-12-19,294.53864,0.2183914184570312,2.7393072,3548824.0,,,
2020-12-20,291.4629,0.0008583068847656,1.5082299,3964632.0,,,
2020-12-21,293.93588,0.0,2.0950756,3980728.0,,,
2020-12-22,295.3727,0.0008523463038727,3.0510452,3969616.0,,,
2020-12-23,296.78513,0.3098547458648681,2.372935,3817216.0,73.64527397260272,72.77574032643699,5.0
2020-12-24,297.8115,1.8466291427612305,1.8994775,3174548.0,,,
2020-12-25,296.34244,0.0086307525634765,1.4406949,3761804.0,101.9462025316455,75.96580788274099,5.0
2020-12-26,296.63388,0.1705586910247802,1.724021,3519248.0,,,
2020-12-27,297.26132,4.007071495056152,1.8385316,3012016.0,,,
2020-12-28,296.3264,0.027678906917572,1.3034694,3745328.0,,,
2020-12-29,296.85825,0.9919852018356324,1.2952787,3225108.0,,,
2020-12-30,293.86017,0.000435113790445,2.8185005,4000652.0,,,
2020-12-31,293.62012,0.0,1.8240747,3818540.0,,,
2021-01-01,295.0261,0.0,2.7685251,3499544.0,,,
2021-01-02,296.11554,2.244546890258789,2.3662179,1093928.0,,,
2021-01-03,292.19016,0.4498512148857116,1.2481365,3096052.0,,,
2021-01-04,293.84662,1.6977860927581787,1.1976117,3033052.0,53.78555555555553,69.69289853028533,4.0
2021-01-05,293.48682,3.705799579620361,2.3259106,2870288.0,,,
2021-01-06,292.01718,0.0034868717193603,0.9385917,3978704.0,,,
2021-01-07,294.20908,0.217527151107788,1.4845943,2936616.0,95.46347826086952,75.32127616547885,5.0
2021-01-08,294.72546,3.5767927169799805,1.8905424,3151300.0,,,
2021-01-09,293.2037,0.4531964659690857,1.5420603,2963594.0,66.36488636363637,71.75459902944237,5.0
2021-01-10,294.76883,2.6445837020874023,2.5406687,2714208.0,,,
2021-01-11,295.25143,0.5335919857025146,1.9171863,3549772.0,,,
2021-01-12,291.5659,0.3897473216056824,2.4952946,1481224.0,,,
2021-01-13,291.34018,0.5885735154151917,1.3968738,2052742.0,,,
2021-01-14,293.18048,2.946704626083374,2.1175687,2454764.0,,,
2021-01-15,294.0745,2.464964866638184,1.2986971,1674316.0,,,
2021-01-16,292.1548,0.0,1.7559385,4051192.0,,,
2021-01-17,290.92728,0.000435113790445,2.3052523,4004358.0,59.19260273972605,70.63261445334876,5.0
2021-01-18,293.7017,0.0,1.6588877,3700890.0,,,
2021-01-19,293.69104,0.0,1.894475,3950796.0,66.8953913043479,71.83270604005709,5.0
2021-01-20,293.7958,0.0,1.7689432,3997136.0,,,
2021-01-21,294.93472,0.0004619359970092,1.635755,3877216.0,,,
2021-01-22,295.907,0.1917481273412704,1.470304,3502678.0,71.25945080091535,72.4526723156207,5.0
2021-01-23,296.51566,1.3789087533950806,1.7237606,3113850.0,,,
2021-01-24,296.81247,9.506672859191896,1.4200029,3496826.0,82.89034653465347,73.93585754694851,5.0
2021-01-25,296.48697,0.3428757190704345,1.2689393,3170076.0,,,
2021-01-26,295.73587,1.777857542037964,1.635664,3519626.0,,,
2021-01-27,296.04153,3.500434875488281,1.8169438,3089416.0,,,
2021-01-28,295.70895,0.3388330340385437,2.050522,2480664.0,,,
2021-01-29,294.17563,12.369040489196776,1.6312103,1675388.0,,,
2021-01-30,291.1726,1.422800064086914,2.3569076,1671982.0,,,
2021-01-31,287.8731,0.5607492923736572,2.4775867,2083628.0,,,
2021-02-01,288.35962,1.0928287506103516,1.7958485,1227712.0,,,
2021-02-02,287.94034,0.314950942993164,2.1960263,2651906.0,,,
2021-02-03,289.60477,0.000435113965068,1.6349525,3795824.0,94.46960122699386,75.21860818662287,5.0
2021-02-04,291.51352,0.0031888484954833,1.7767,3856770.0,,,
2021-02-05,292.8295,0.0004351138195488,1.6044534,3874900.0,,,
2021-02-06,293.97086,0.1671761274337768,1.953824,3701880.0,63.68521428571429,71.35027324815937,5.0
2021-02-07,294.63718,0.6857812404632568,2.1085722,1775860.0,,,
2021-02-08,293.2808,1.0214922428131104,1.3593937,1545096.0,,,
2021-02-09,289.28134,2.254054069519043,2.2570744,2573408.0,,,
2021-02-10,290.25192,0.2927333116531372,1.2755828,2779184.0,,,
2021-02-11,291.15366,3.965303421020508,1.0574446,2868054.0,,,
2021-02-12,291.83823,0.2169907093048095,0.9206707,3506182.0,,,
2021-02-13,292.9823,0.200306698679924,1.0477517,3644388.0,70.48559322033896,72.3455557903949,5.0
2021-02-14,294.5704,0.8921325206756592,1.4919338,2552480.0,,,
2021-02-15,293.58948,4.351228713989258,1.5510174,2806854.0,,,
2021-02-16,291.85208,0.2141594588756561,1.1105213,3158728.0,,,
2021-02-17,292.75717,0.132143497467041,1.0240495,3406914.0,,,
2021-02-18,294.87274,4.069015502929688,1.9732307,2782622.0,70.00715909090908,72.27874156865738,5.0
2021-02-19,292.24167,0.2650134265422821,2.0396323,3228614.0,,,
2021-02-20,292.38748,0.1211166381835937,1.7622527,2506096.0,,,
2021-02-21,293.00278,0.0698208808898925,2.1192734,2815276.0,,,
2021-02-22,295.59866,1.9451379776000977,1.9393944,1647644.0,,,
2021-02-23,292.35828,0.0235140323638916,1.8528528,3192804.0,,,
2021-02-24,292.79868,0.0045150518417358,1.542193,3537472.0,,,
2021-02-25,294.46555,0.0296533107757568,1.8502787,2609904.0,,,
2021-02-26,294.45914,0.0979112908244133,2.2013073,3417240.0,,,
2021-02-27,294.5773,4.005238056182861,1.6725054,3056232.0,,,
2021-02-28,294.84128,4.055171966552734,1.3631595,2912412.0,,,
2021-03-01,294.26755,2.9386134147644043,1.2840403,2456870.0,,,
2021-03-02,293.6879,1.541048288345337,0.9713796,1967032.0,,,
2021-03-03,293.12686,0.1872777938842773,0.9757781,3161501.0,,,
2021-03-04,293.80725,0.0787079259753227,1.6459483,3432665.0,,,
2021-03-05,294.51895,0.009283423423767,1.6813484,3475876.0,64.41696202531651,71.46234821222305,5.0
2021-03-06,295.28226,0.0029057264328002,1.4624382,3488461.0,,,
2021-03-07,295.6419,0.3827810287475586,1.5384394,2580196.5,,,
2021-03-08,293.3842,0.0163912773132324,2.1532962,3268273.5,,,
2021-03-09,293.56796,0.0008597968844696,1.6458898,3415022.0,,,
2021-03-10,294.7342,0.3251284658908844,2.595834,2330730.5,62.71469565217395,71.19962480382247,5.0
2021-03-11,294.42087,2.79073429107666,1.5744995,1878925.0,,,
2021-03-12,292.4632,0.4391670227050781,1.3700479,2940995.0,,,
2021-03-13,292.49106,0.7077884078025818,1.6613096,2657401.5,,,
2021-03-14,294.14917,1.517951488494873,1.6479622,2126743.0,,,
2021-03-15,292.2609,2.5243310928344727,1.3434926,2926269.0,,,
2021-03-16,292.93936,0.2603828907012939,1.903592,1974933.0,,,
2021-03-17,288.48505,0.3262935280799866,2.316788,1664691.5,,,
2021-03-18,286.2441,0.056874006986618,2.0322382,936246.5,,,
2021-03-19,286.3998,0.7389560341835022,1.4597057,2534801.5,,,
2021-03-20,290.04825,0.0013113021850585,1.9146544,3128432.0,,,
2021-03-21,289.0205,0.0007152557373046,1.9018589,2881744.0,,,
2021-03-22,289.57925,0.0004276632098481,1.1333532,3142670.0,,,
2021-03-23,290.4728,0.2255737781524658,1.9784368,2039998.0,48.63558823529411,68.70552776053069,4.0
2021-03-24,291.03836,1.0824426412582395,1.9355739,2278062.0,,,
2021-03-25,292.39197,0.5184710025787354,1.2324761,1177646.0,,,
2021-03-26,289.3311,0.0008672475232742,1.9951377,2979444.0,,,
2021-03-27,287.51892,0.000852346420288,1.6153446,3231272.0,,,
2021-03-28,287.36676,0.000859797000885,1.3586106,3192606.0,35.727769230769226,65.67985599534403,4.0
2021-03-29,288.45425,0.0008523463038727,1.3756342,3168882.0,,,
2021-03-30,289.0869,0.0008583069429732,1.6908103,2917552.0,55.779531249999984,70.050002460207,5.0
2021-03-31,288.34918,0.1594962626695633,1.8922997,2146672.0,,,
2021-04-01,288.02762,0.0818818807601928,1.5645705,2210270.0,,,
2021-04-02,289.32455,0.0008523463620804,1.7498951,2768840.0,,,
2021-04-03,290.30325,0.0094622373580932,1.744984,2548480.0,,,
2021-04-04,291.0765,0.1253038644790649,2.0245955,1656874.0,80.04835616438356,73.59360916942813,5.0
2021-04-05,291.6967,0.1525282859802246,1.8658396,2400012.0,,,
2021-04-06,291.35703,0.303611159324646,1.8000368,1445428.0,,,
2021-04-07,291.293,0.8167028427124023,2.1804354,2142566.0,,,
2021-04-08,293.58865,2.995863437652588,2.1053035,830540.0,,,
2021-04-09,291.5097,2.824462890625,1.3603387,1079928.0,,,
2021-04-10,290.45706,0.4642456769943237,1.1379732,2987816.0,,,
2021-04-11,287.2775,0.0008678783779032,1.5865574,2966890.0,,,
2021-04-12,286.73474,0.0008523706928826,1.7547803,2965406.0,27.73077922077917,63.19414643282659,4.0
2021-04-13,286.7983,0.0004276632098481,1.7138888,2557524.0,,,
2021-04-14,287.75586,0.0008521893760189,2.1077394,2734158.0,27.948431372549045,63.27084214965667,4.0
2021-04-15,290.7582,0.0046314597129821,1.5481592,2381330.0,,,
2021-04-16,292.15146,0.0788569450378418,1.6388406,2258176.0,,,
2021-04-17,291.77762,0.1893490552902221,1.7306343,1396768.0,89.75706896551725,74.71661758158587,5.0
2021-04-18,291.63846,0.0958293676376342,2.0988529,1541664.0,,,
2021-04-19,291.24307,0.2941489219665527,2.371362,1802960.0,,,
2021-04-20,290.8221,1.5924125909805298,2.7217598,759544.0,,,
2021-04-21,290.42773,0.5506165027618408,2.207889,757370.0,,,
2021-04-22,288.9823,0.7530600428581238,1.2670685,1874304.0,,,
2021-04-23,290.18143,0.3246814012527466,1.1393274,2605096.0,,,
2021-04-24,288.67603,0.0,2.049766,2551296.0,,,
2021-04-25,286.49493,0.0,1.3720652,2585776.0,,,
2021-04-26,286.78165,0.0004284940368961,1.3566527,2639732.0,,,
2021-04-27,286.5791,0.000435113790445,1.7890358,2641584.0,27.817500000000017,63.22477677987774,4.0
2021-04-28,287.275,0.0008583068847656,1.7121454,2632004.0,,,
2021-04-29,287.10617,0.0004276632098481,2.3247705,2592796.0,21.13999999999996,60.53194807813691,4.0
2021-04-30,286.65482,0.0,2.67652,2544232.0,,,
2021-05-01,287.23102,0.0,2.3387773,2410016.0,,,
2021-05-02,289.15073,0.692516565322876,2.4467123,1786956.0,,,
2021-05-03,291.06534,0.2848803997039795,1.7373775,1458702.0,,,
2021-05-04,283.51077,1.2239962816238403,3.8191001,1558948.0,,,
2021-05-05,280.354,0.0028610229492187,1.1243299,2367408.0,,,
2021-05-06,283.06534,0.000426173210144,1.314704,1931614.0,,,
2021-05-07,282.02515,0.0,2.018475,2388114.0,,,
2021-05-08,281.71738,0.0008559343405067,2.1174831,2293766.0,,,
2021-05-09,283.5041,0.0057816505432128,1.1351491,1887368.0,,,
2021-05-10,283.9199,0.1129284501075744,2.010543,2157372.0,,,
2021-05-11,282.46942,0.0008672475814819,1.1543804,2432304.0,,,
2021-05-12,282.97482,0.0008627606439404,2.0139413,2357038.0,30.04333333333333,63.97990609006105,4.0
2021-05-13,283.95755,0.0008790116989985,2.340376,2343868.0,,,
2021-05-14,283.7154,0.0008597968844696,1.9857559,2290628.0,16.325988372092993,57.99695810677326,4.0
2021-05-15,284.53036,0.0008597968844696,1.6175508,2253844.0,,,
2021-05-16,286.4541,0.0008523463038727,1.4603682,1898276.0,,,
2021-05-17,286.6764,0.0562220811843872,1.507553,1355860.0,,,
2021-05-18,286.09912,0.0751465559005737,2.330682,1255436.0,,,
2021-05-19,287.24265,0.1627057641744613,1.787953,400208.0,,,
2021-05-20,286.05353,2.181634426116944,0.8801599,1258844.0,,,
2021-05-21,285.6298,0.0,1.4090959,2264408.0,,,
2021-05-22,281.81296,0.0,2.8678112,2293416.0,42.450144404332136,67.37112038527073,4.0
2021-05-23,281.26093,0.0008583068847656,1.5571963,2266164.0,,,
2021-05-24,282.24295,0.0,2.2043877,2252568.0,15.051691176470602,57.19972038658581,4.0
2021-05-25,283.58707,0.0008716578013263,2.1895049,2235340.0,,,
2021-05-26,284.2745,0.0,1.6996101,2215552.0,,,
2021-05-27,285.35757,0.0,2.3874,2012920.0,22.64478873239438,61.206510822161235,4.0
2021-05-28,286.75308,0.0,2.5875585,2072644.0,,,
2021-05-29,283.6848,0.0008597968844696,1.4647369,2153828.0,30.67928571428569,64.1853952823101,4.0
2021-05-30,282.85245,0.0,2.0153391,2145768.0,,,
2021-05-31,285.27563,0.0008527869358658,2.2882197,2126376.0,,,
2021-06-01,286.9076,0.0,2.6993506,2080304.0,,,
2021-06-02,285.66617,0.0004351138486526,1.8369476,2095656.0,,,
2021-06-03,286.82083,0.0,2.7757542,2046496.0,31.85914473684206,64.55559294969203,4.0
2021-06-04,288.55054,0.1897346228361129,2.2372398,2067496.0,,,
2021-06-05,286.77844,0.0,2.7090807,2032328.0,,,
2021-06-06,282.72003,0.0088512897491455,1.5141726,1599256.0,86.66453183520599,74.37265859895236,5.0
2021-06-07,282.61667,0.000435113790445,0.98856336,2096244.0,,,
2021-06-08,282.82254,0.0081360340118408,1.6910347,1383840.0,13.692019230769231,56.27093675814233,4.0
2021-06-09,284.56906,0.0011771917343139,2.1498377,1943212.0,,,
2021-06-10,283.35062,0.0,1.9578396,2083300.0,,,
2021-06-11,284.33865,0.0,1.4147062,2109644.0,25.59166666666668,62.4066370888326,4.0
2021-06-12,285.50815,0.0008597968844696,2.4962962,2065160.0,,,
2021-06-13,286.70935,0.0004321336746215,2.8032112,1886768.0,17.324285714285732,58.57919238616734,4.0
2021-06-14,283.67294,0.0166893005371093,2.638378,1262744.0,,,
2021-06-15,279.00174,0.3880709409713745,2.0367794,575300.0,,,
2021-06-16,275.01108,0.0316143035888671,1.3121108,1716206.0,,,
2021-06-17,274.19382,0.0244826078414917,0.81563884,958714.0,,,
2021-06-18,274.30167,0.0110417604446411,0.9379279,1925936.0,,,
2021-06-19,277.28824,0.0008648807997815,1.1723553,2035528.0,,,
2021-06-20,277.17654,0.0,2.1354334,2066416.0,,,
2021-06-21,279.0565,0.0033825635910034,1.6267122,1616506.0,31.633214285714292,64.48577708162729,4.0
2021-06-22,279.4154,0.0096410512924194,2.3901012,1673170.0,,,
2021-06-23,282.40775,0.0008523463038727,1.9036609,2087694.0,21.358934426229453,60.63302194032879,4.0
2021-06-24,281.90927,0.0008523463038727,1.7343429,2062908.0,,,
2021-06-25,282.4831,0.7018297910690308,2.4667218,1613120.0,,,
2021-06-26,279.29025,0.0001639127731323,3.06121,2068360.0,,,
2021-06-27,275.9916,0.0008597968844696,1.926994,2143804.0,,,
2021-06-28,275.18112,0.0008583068847656,1.32315,2171148.0,11.44876106194689,54.51561771069944,4.0
2021-06-29,275.91562,0.0008642673492431,1.4168739,2004418.0,,,
2021-06-30,277.90396,0.0,2.7047493,2123830.0,,,
2021-07-01,280.32938,0.0,2.835866,2087228.0,33.748447204968954,65.12074653775593,4.0
2021-07-02,280.1617,0.0008614336256869,2.3737571,1739722.0,,,
2021-07-03,280.34778,0.000864969799295,2.1014218,1932778.0,,,
2021-07-04,282.23483,5.102265276946127e-07,2.3720217,2115544.0,,,
2021-07-05,282.24097,0.0,1.9303597,2060378.0,,,
2021-07-06,284.54886,0.1432821154594421,2.9102275,2106130.0,36.07949152542374,65.77595834678795,4.0
2021-07-07,285.52698,0.004202127456665,1.927371,2112328.0,,,
2021-07-08,285.68884,0.0008626177441328,2.1138313,2117740.0,60.1421453287197,70.78873343033388,5.0
2021-07-09,289.9299,0.0151693820953369,3.6553771,2145668.0,,,
2021-07-10,284.80997,0.0008597968844696,2.5782845,2091608.0,,,
2021-07-11,283.12643,0.0008583068847656,2.0846338,1962206.0,,,
2021-07-12,285.78952,0.0672265738248825,1.6928893,1955860.0,,,
2021-07-13,284.166,0.9002983570098877,2.0101223,2124878.0,,,
2021-07-14,282.67993,0.0008523463038727,1.6634709,2252154.0,,,
2021-07-15,281.19073,0.0,1.4152964,2233366.0,,,
2021-07-16,281.2321,0.0008523463038727,2.6069186,2279186.0,35.91862944162437,65.73212221199128,4.0
2021-07-17,280.7994,0.0008583069429732,2.3766162,2297416.0,,,
2021-07-18,277.7596,0.0,1.4558864,2301442.0,13.243130434782572,55.94392859989829,4.0
2021-07-19,278.67746,0.0,2.0397801,2287720.0,,,
2021-07-20,281.60904,0.0,2.3519595,2303814.0,,,
2021-07-21,284.31613,0.0,2.4822984,2290268.0,,,
2021-07-22,284.16092,0.0008583068847656,2.4631715,2243520.0,,,
2021-07-23,286.64682,0.0008583068847656,2.2254782,2251448.0,27.45655405405404,63.09665409656241,4.0
2021-07-24,287.0019,0.0008583068847656,1.4511666,2289018.0,,,
2021-07-25,284.02402,0.0197887420654296,1.4775939,2220554.0,,,
2021-07-26,281.51938,0.0,2.3151686,2393658.0,42.50800000000007,67.38448139933752,4.0
2021-07-27,279.46143,0.0008523463038727,1.4658251,2386472.0,,,
2021-07-28,278.26877,0.0008672475814819,1.5864154,2427822.0,21.421157894736808,60.661559169838824,4.0
2021-07-29,277.96353,0.0008583068847656,1.3852223,2428800.0,,,
2021-07-30,279.16986,0.0008672475814819,2.8096097,2452572.0,,,
2021-07-31,281.46988,0.000435113790445,2.0880551,2446144.0,32.87074324324323,64.86223922037645,4.0
2021-08-01,282.12524,0.0008583068847656,1.4839784,2476840.0,,,
2021-08-02,282.59293,0.0008523463038727,2.0908177,2458952.0,26.25468085106379,62.65755249742352,4.0
2021-08-03,283.9991,0.0,2.2154217,2464496.0,,,
2021-08-04,284.10568,0.0,1.9056116,2449742.0,,,
2021-08-05,284.32892,0.0008523463038727,2.1522079,2356874.0,24.410612244897973,61.94312624464464,4.0
2021-08-06,286.46875,0.000435113790445,2.7295983,2451030.0,,,
2021-08-07,288.49753,0.0092463651672005,2.3615627,1419366.0,37.73006211180123,66.21478493769098,4.0
2021-08-08,284.97604,0.087452121078968,2.9316275,1698912.0,,,
2021-08-09,278.67087,0.0,3.67196,2550160.0,,,
2021-08-10,279.1287,0.000854680663906,1.1219549,2592894.0,21.14000000000003,60.531948078136935,4.0
2021-08-11,279.80103,0.00058114528656,1.5443535,2202104.0,,,
2021-08-12,280.46115,0.0008583068847656,1.2965684,2620670.0,,,
2021-08-13,279.2876,0.0008583068847656,1.5076904,2679092.0,,,
2021-08-14,280.9707,0.0,1.5381507,2646402.0,,,
2021-08-15,282.9371,0.0008672475814819,2.1692972,2591676.0,,,
2021-08-16,286.6996,0.000435113790445,2.7097912,2620678.0,,,
2021-08-17,289.3424,0.0017166137695312,2.0745685,2700908.0,32.38631578947372,64.71658997759036,4.0
2021-08-18,292.49417,0.0004351138195488,2.4527316,2592348.0,,,
2021-08-19,288.40314,0.0895410776138305,2.3592384,2279748.0,,,
2021-08-20,283.12448,0.0023171305656433,2.228451,2697220.0,,,
2021-08-21,284.44907,0.000426173210144,2.30887,2749838.0,,,
2021-08-22,286.2435,0.000435113790445,2.9195025,2800502.0,57.61344647519582,70.3673462246961,5.0
2021-08-23,282.7584,0.0004380249301902,2.0105937,2787064.0,,,
2021-08-24,281.27396,0.0487938523292541,1.8029699,2801514.0,,,
2021-08-25,282.78537,0.0004291535005904,1.2616602,2868930.0,70.64387218045107,72.36755994445716,5.0
2021-08-26,283.77567,0.0008583068847656,2.752723,2862306.0,,,
2021-08-27,283.55624,0.000426173210144,2.3010504,2829606.0,,,
2021-08-28,287.15018,0.0008672475232742,2.317812,2839738.0,,,
2021-08-29,288.2382,0.000426173210144,2.151408,2792282.0,,,
2021-08-30,289.6305,0.0036239624023437,2.8961856,2727928.0,48.0463970588235,68.5859597359856,4.0
2021-08-31,293.21854,1.908823847770691,2.7867603,2657884.0,,,
2021-09-01,293.17368,2.9812753200531006,1.9490131,1068414.0,,,
2021-09-02,287.8181,0.1287907361984253,2.4397714,1987874.0,,,
2021-09-03,286.42972,0.2105534076690673,1.5178522,1849170.0,,,
2021-09-04,287.39236,0.0932291150093078,1.6637044,2868398.0,,,
2021-09-05,286.27048,0.1130551099777221,1.4729358,1288952.0,,,
2021-09-06,286.30185,1.0171383619308472,1.4695158,918822.0,,,
2021-09-07,285.9069,0.2305209636688232,1.7100192,2789506.0,,,
2021-09-08,283.32654,0.0008523463038727,3.7617207,3103624.0,,,
2021-09-09,283.4791,6.492086868092883e-06,1.8268099,3110446.0,19.15095744680849,59.56258010078827,4.0
2021-09-10,285.15186,0.0,1.3695074,3080462.0,,,
2021-09-11,287.02145,0.3746747970581054,3.6153314,3111498.0,41.77954545454551,67.21491145915726,4.0
2021-09-12,291.33896,0.4255924522876739,2.8191102,3056496.0,,,
2021-09-13,288.70093,0.0045299530029296,2.0556865,3257758.0,,,
2021-09-14,284.48532,0.0008672475814819,2.6697295,3213626.0,28.0980672268908,63.323224769646856,4.0
2021-09-15,285.5156,0.0008602836751379,2.0060525,3248080.0,,,
2021-09-16,286.31873,0.0008597968844696,2.4117322,3231564.0,38.604230769230746,66.43948000243219,4.0
2021-09-17,288.01862,0.0,2.3069117,3216262.0,,,
2021-09-18,289.80804,0.0061392784118652,2.1765373,2861760.0,,,
2021-09-19,290.9036,0.3961324691772461,1.5004088,1538730.0,60.65064150943397,70.87132738532429,5.0
2021-09-20,287.84146,0.0183135271072387,2.9433603,3148286.0,,,
2021-09-21,284.97546,0.0420063734054565,2.0711443,2426996.0,,,
2021-09-22,284.36795,0.0008521033450961,1.5027548,3310944.0,,,
2021-09-23,286.57617,5.90443960390985e-06,1.5213767,3332195.0,,,
2021-09-24,288.65665,0.000435113790445,1.6086639,3339082.0,41.68615384615386,67.19295820007375,4.0
2021-09-25,289.0977,0.000435113790445,2.8976686,3332146.0,,,
2021-09-26,291.26306,0.0,2.1301649,3290690.0,50.85957746478868,69.14416151558726,4.0
2021-09-27,290.04672,0.0658035278320312,1.7817545,2407503.5,,,
2021-09-28,287.22266,0.0303387641906738,2.082997,2684356.5,,,
2021-09-29,288.01022,0.9712130427360536,1.991332,3287568.5,59.55075528700909,70.69179228361727,5.0
2021-09-30,290.6885,0.0119134783744812,3.2526824,3220893.0,,,
2021-10-01,287.70844,0.1645177602767944,2.0351963,3424171.0,46.514499999999984,68.26808574195168,4.0
2021-10-02,289.30603,0.0016316771507263,3.061203,3463222.0,,,
2021-10-03,285.88565,0.0,2.3867776,3566463.0,,,
2021-10-04,286.6396,0.0008523463038727,1.8324237,3509327.0,40.95709677419356,67.01987121807915,4.0
2021-10-05,288.86618,0.0008672475814819,3.229433,3475166.0,,,
2021-10-06,286.28748,0.0,2.9659843,3468887.0,46.1993820224719,68.20140059845897,4.0
2021-10-07,285.3837,0.1084059476852417,1.8835577,2278630.0,,,
2021-10-08,286.49448,0.1530647277832031,1.4500314,2513663.0,,,
2021-10-09,287.52264,0.7161572575569153,1.5919853,2227682.0,,,
2021-10-10,288.0331,0.0017166137695312,1.2411841,3216896.0,,,
2021-10-11,289.1837,0.0091493129730224,1.3548013,3141370.0,34.495,65.33538912664109,4.0
2021-10-12,291.11575,3.9586572647094727,2.4615195,3060716.0,,,
2021-10-13,290.88925,3.964707374572754,2.4015703,3575864.0,,,
2021-10-14,288.28683,0.1842379570007324,2.6596403,3687744.0,65.33197696737042,71.60071459060163,5.0
2021-10-15,284.00177,0.0,2.6735268,3688348.0,,,
2021-10-16,286.28708,0.0761777088046073,1.7068857,3690166.0,48.50146341463416,68.67843685537107,4.0
2021-10-17,287.3499,0.1308321952819824,1.9466716,3196098.0,,,
2021-10-18,288.61975,0.0004291534423828,1.2713909,3705810.0,,,
2021-10-19,289.83237,0.0,2.2674,3688936.0,58.202100591716,70.4670693923942,5.0
2021-10-20,291.26706,0.2198517322540283,2.9089663,3664062.0,,,
2021-10-21,293.13452,0.3060996532440185,2.3901181,3620374.0,49.94864285714286,68.96686423339014,4.0
2021-10-22,293.63333,1.356579303741455,2.3689396,3005528.0,,,
2021-10-23,289.1113,0.0,2.8079853,3747546.0,,,
2021-10-24,290.7021,0.0008745423401705,1.8080591,3815220.0,49.67752631578946,68.91347143793683,4.0
2021-10-25,295.814,0.0008523463038727,2.550072,3812898.0,,,
2021-10-26,298.75085,0.0008597968844696,3.3428395,3583054.0,54.36463414634143,69.7979527198422,4.0
2021-10-27,297.04996,0.5074143409729004,2.9461243,3523564.0,,,
2021-10-28,298.16348,0.0029057264328002,2.3489542,3577880.0,,,
2021-10-29,298.49356,1.184642314910889,1.734944,3552170.0,,,
2021-10-30,298.07388,0.725865364074707,1.6233425,2780674.0,,,
2021-10-31,294.05215,7.504954814910889,2.2226546,1020948.0,,,
2021-11-01,287.34747,0.1078248023986816,1.6320105,2203902.0,,,
2021-11-02,289.07443,0.0008672475232742,1.2157911,3781444.0,,,
2021-11-03,291.845,5.146697044372559,1.8339959,3042770.0,44.36175373134331,67.80322519551031,4.0
2021-11-04,290.52176,2.55061674118042,2.1816254,564658.0,,,
2021-11-05,281.54562,0.0535845756530761,4.0457644,2358788.0,,,
2021-11-06,284.67435,0.0169426202774047,1.631704,3452506.0,,,
2021-11-07,288.1489,0.9018033742904664,1.5672394,2749670.0,,,
2021-11-08,290.8777,5.83098840713501,1.7324967,1780974.0,,,
2021-11-09,290.29446,2.2660207748413086,1.4092613,2825224.0,,,
2021-11-10,289.6261,0.1361370086669922,1.2364548,3752954.0,22.399905660377325,61.09984669063853,4.0
2021-11-11,291.5328,0.000435113790445,2.1179683,3791778.0,,,
2021-11-12,292.49252,3.952041149139404,1.9877229,3009598.0,,,
2021-11-13,294.2062,2.329017877578736,3.0708249,3996538.0,,,
2021-11-14,290.59,0.0048726797103881,2.5806103,3683590.0,,,
2021-11-15,291.57532,1.4764890670776367,2.2346892,1519674.0,47.978413461538445,68.57206917588596,4.0
2021-11-16,286.62247,0.0016391277313232,3.7586753,3931814.0,,,
2021-11-17,286.20514,0.0008583068847656,1.5327282,3945052.0,,,
2021-11-18,290.55957,0.0008597968844696,1.9408102,3780180.0,38.02404145077718,66.29092475473324,4.0
2021-11-19,293.30273,0.0008523463038727,2.176567,3863778.0,,,
2021-11-20,294.55298,1.3030444279138464e-05,2.7063208,3917030.0,44.6263793103448,67.86156970715211,4.0
2021-11-21,296.152,0.2489984035491943,2.4858565,3868038.0,,,
2021-11-22,297.21765,0.0610873103141784,2.1028686,3508128.0,,,
2021-11-23,294.47888,0.1294983029365539,2.4113123,2810952.0,65.41273972602738,71.61283412832725,5.0
2021-11-24,294.9359,1.7805099487304688,3.426697,3982278.0,,,
2021-11-25,296.41406,0.0,2.3978846,3971712.0,65.06592417061614,71.56068355428785,5.0
2021-11-26,294.50232,1.3922454118728638,2.1383142,3607138.0,,,
2021-11-27,293.9981,3.031782865524292,2.265993,3762254.0,,,
2021-11-28,292.36398,0.000435113790445,3.0883827,3959264.0,67.8825,71.9764048226894,5.0
2021-11-29,292.50302,0.1072883605957031,1.4676517,3832442.0,,,
2021-11-30,294.70422,1.472577452659607,2.3508081,3308352.0,46.62897142857139,68.2921983343306,4.0
2021-12-01,292.96048,0.0895559787750244,1.6387259,3583462.0,,,
2021-12-02,294.83194,0.0259876251220703,2.2297032,2972348.0,,,
2021-12-03,294.9274,0.2072632163763046,2.196123,2512276.0,,,
2021-12-04,293.90137,0.2514123916625976,1.317699,1976500.0,,,
2021-12-05,292.4661,0.522140383720398,1.350771,2310604.0,,,
2021-12-06,292.8768,0.0083036720752716,1.5472506,3152962.0,,,
2021-12-07,295.22592,0.0885576009750366,2.364275,3343452.0,,,
2021-12-08,295.082,2.070769786834717,1.7792158,1385404.0,,,
2021-12-09,292.2122,1.1948347091674805,1.3735123,2740762.0,,,
2021-12-10,291.4891,0.0178396701812744,1.2675954,2597328.0,,,
2021-12-11,294.03415,2.39524245262146,1.70493,2870420.0,,,
2021-12-12,293.60693,3.681518077850342,1.5486689,1429500.0,,,
2021-12-13,290.09647,1.53946852684021,2.4845235,2766020.0,,,
2021-12-14,292.04636,1.781076192855835,1.426911,3569776.0,,,
2021-12-15,292.65558,0.0077635049819946,1.4547478,3764932.0,32.52459016393441,64.75838491621748,4.0
2021-12-16,294.61203,0.000435113790445,1.5282825,3751340.0,,,
2021-12-17,295.17294,0.0,1.6699762,3910168.0,,,
2021-12-18,296.14478,0.0019967555999755,1.8615743,3818800.0,71.18183811129848,72.44198186812048,5.0
2021-12-19,298.01297,0.0244084876030683,1.681846,3526472.0,,,
2021-12-20,299.35098,3.717005252838135,1.7719201,3505004.0,,,
2021-12-21,298.16367,6.214858055114746,1.6478504,2165588.0,,,
2021-12-22,294.82333,0.0110417604446411,2.1323607,3699080.0,,,
2021-12-23,295.78568,0.0020444390829652,1.7452682,3784452.0,70.38333976833977,72.3313140904117,5.0
2021-12-24,297.35458,0.7316172122955322,1.7715396,3032242.0,,,
2021-12-25,297.19333,0.0569522380828857,1.7263597,3552792.0,73.96201492537321,72.81784168252966,5.0
2021-12-26,296.38882,0.4087835550308227,1.5171448,3475040.0,,,
2021-12-27,298.3695,0.3231540322303772,1.440456,3003080.0,,,
2021-12-28,297.48764,0.000859797000885,1.9326897,3869472.0,,,
2021-12-29,298.7316,1.0235905647277832,2.6721032,3814564.0,,,
2021-12-30,298.9799,0.0483542680740356,2.3080451,3938836.0,103.11655306718598,76.07778592947214,5.0
2021-12-31,297.97018,0.1277476549148559,2.1758463,3800552.0,,,
2022-01-01,299.87766,0.997692346572876,2.3156672,3435280.0,,,
2022-01-02,298.83212,0.8956942558288574,2.156567,3555400.0,,,
2022-01-03,298.359,1.3269782066345217,1.8993155,3339752.0,,,
2022-01-04,297.26007,0.0005960464477539,2.1172142,3619580.0,,,
2022-01-05,295.11224,0.0117644667625427,2.0035682,3907824.0,,,
2022-01-06,295.08963,0.101327896118164,1.8252937,4012960.0,,,
2022-01-07,295.84418,0.0676885247230529,1.4535831,3713532.0,,,
2022-01-08,296.66824,0.000435113790445,1.9712877,3919702.0,,,
2022-01-09,298.10806,0.0008583068847656,1.8002162,3919072.0,,,
2022-01-10,299.93185,0.0004351138486526,1.6179112,3814740.0,,,
2022-01-11,301.3629,0.0,1.7687687,3839564.0,,,
2022-01-12,302.72684,0.0004278960986994,2.148103,3996748.0,,,
2022-01-13,302.84,0.0008553267689421,2.9461403,3967730.0,,,
2022-01-14,302.48666,0.0756978988647461,3.0898418,3385754.0,,,
2022-01-15,303.2792,0.5162656307220459,2.612312,3594096.0,,,
2022-01-16,301.45517,0.8961905241012573,1.5100832,3403158.0,,,
2022-01-17,297.293,1.147594332695007,2.0392075,2143144.0,,,
2022-01-18,291.92648,0.2277940511703491,2.4608319,2141980.0,,,
2022-01-19,291.88754,0.5310475826263428,1.6767975,2444164.0,,,
2022-01-20,294.9482,0.4658997058868408,2.3074944,3414522.0,,,
2022-01-21,299.495,4.761860370635986,2.7213135,3630982.0,,,
2022-01-22,297.7232,5.2811055183410645,2.0109572,1977056.0,,,
2022-01-23,294.65573,2.434685707092285,1.5179526,2903248.0,,,
2022-01-24,295.87216,5.270332336425781,1.4375366,2992470.0,,,
2022-01-25,296.11356,0.3115534782409668,1.2309113,3165516.0,,,
2022-01-26,295.94876,1.0441653728485107,1.9416288,2955454.0,,,
2022-01-27,291.78217,0.000426173210144,2.8678405,3822168.0,,,
2022-01-28,291.8751,0.0094473361968994,1.4317344,3947690.0,,,
2022-01-29,293.83615,0.1090168952941894,1.6333094,3868022.0,,,
2022-01-30,295.54062,1.8590986728668213,1.5713825,3428694.0,,,
2022-01-31,294.54727,0.0368058681488037,1.8353996,3815710.0,,,
2022-02-01,296.24722,4.385173320770264,2.0767787,2583014.0,,,
2022-02-02,296.7399,0.9025558829307556,1.8884478,3423528.0,,,
2022-02-03,295.07593,4.474252700805664,1.1016151,3062902.0,,,
2022-02-04,293.49893,0.9023845791816713,1.2638137,3000850.0,,,
2022-02-05,291.33804,0.0012814998626708,2.1316905,3874766.0,,,
2022-02-06,290.5337,0.0014483928680419,1.2771412,3852682.0,,,
2022-02-07,292.61957,0.0747144222259521,1.5035248,3692778.0,,,
2022-02-08,293.97897,0.000852346594911,1.6120886,3696192.0,,,
2022-02-09,295.1713,0.0007301568984985,2.2806404,3817294.0,,,
2022-02-10,296.01846,2.161495447158813,2.5510542,1600978.0,,,
2022-02-11,292.66083,0.5834158658981323,2.4074185,3559860.0,,,
2022-02-12,288.1008,0.0008583068847656,3.1775265,3791454.0,,,
2022-02-13,290.743,0.1050005033612251,1.3301622,3794158.0,,,
2022-02-14,293.49796,0.000435113790445,1.601889,3764530.0,,,
2022-02-15,296.18832,2.0886807441711426,2.3008106,3533116.0,,,
2022-02-16,297.3123,0.0329464673995971,1.759368,3393584.0,,,
2022-02-17,295.35318,0.0119358301162719,2.0537033,3536884.0,,,
2022-02-18,295.43765,4.138752937316895,1.692886,2508248.0,,,
2022-02-19,294.16617,0.0034719705581665,1.3305475,3753646.0,,,
2022-02-20,293.51205,0.4422515630722046,1.6688801,2933882.0,,,
2022-02-21,291.94202,0.1754611730575561,1.6902183,2347082.0,,,
2022-02-22,290.25537,1.4966577291488647,1.5689548,1593474.0,,,
2022-02-23,291.3112,3.321781635284424,1.641675,3573004.0,,,
2022-02-24,292.22357,0.0359565056860446,2.2327366,1719888.0,,,
2022-02-25,291.11966,0.3440529108047485,1.2828858,2844950.0,,,
2022-02-26,296.088,2.294331789016724,2.1524274,3127526.0,,,
2022-02-27,297.96945,2.2520647048950195,1.494676,2793362.0,,,
2022-02-28,292.85086,0.0,2.8771296,3624062.0,,,
2022-03-01,292.31204,0.0004276632098481,2.0334663,3553656.0,,,
2022-03-02,294.19125,0.0849455669522285,1.8910259,2935398.0,,,
2022-03-03,294.92328,2.389207363128662,1.9365643,2656885.0,,,
2022-03-04,295.96243,4.786864280700684,1.4192406,1858432.5,,,
2022-03-05,294.03244,0.3235817551612854,1.2005877,1872922.0,,,
2022-03-06,292.9694,0.0045150518417358,1.8112718,3373564.0,,,
2022-03-07,293.49582,0.0114738941192626,2.18341,3002783.0,,,
2022-03-08,290.88644,0.6909430027008057,2.014348,2796849.0,,,
2022-03-09,292.5975,0.7476583123207092,1.6072264,2864339.0,,,
2022-03-10,290.7749,0.0008583068847656,2.7421343,3247903.0,,,
2022-03-11,289.9404,0.0004374168056529,1.8269238,3315100.0,,,
2022-03-12,290.8062,1.5592575073242188,1.6906837,2709149.0,,,
2022-03-13,290.55212,0.0008523463038727,1.2390751,3277831.0,,,
2022-03-14,292.09262,0.0,1.4492316,3338769.0,,,
2022-03-15,294.62662,0.000435113790445,1.7600797,3302484.0,,,
2022-03-16,295.16113,0.5075185894966125,2.251343,2783243.0,,,
2022-03-17,294.28513,2.7989892959594727,1.8371716,2990803.0,,,
2022-03-18,289.00858,0.006742775440216,3.1826658,3267817.0,,,
2022-03-19,286.88644,0.0041425228118896,2.038609,2331250.5,,,
2022-03-20,285.31558,0.008895993232727,1.9384915,3040836.0,,,
2022-03-21,288.54395,0.1041591167449951,2.3978567,2457230.0,,,
2022-03-22,291.41675,0.1277178525924682,1.32335,2499656.0,,,
2022-03-23,292.44254,0.4162136316299438,2.2861521,3354814.0,,,
2022-03-24,287.8641,0.000870227755513,2.943947,3335452.0,,,
2022-03-25,287.79477,0.0,2.398527,3292354.0,,,
2022-03-26,289.09763,0.0008520312258042,1.475648,3244460.0,,,
2022-03-27,291.0218,0.0,2.0413268,3140708.0,,,
2022-03-28,293.06137,0.0556111335754394,3.1059601,3109200.0,,,
2022-03-29,293.74802,0.0292509794235229,2.380975,3073344.0,,,
2022-03-30,285.41397,0.0,3.0289516,3170194.0,,,
2022-03-31,285.149,0.000863944820594,1.1520842,3173194.0,,,
2022-04-01,284.83255,0.0008650366798974,2.2670305,3095034.0,,,
2022-04-02,285.48032,0.0008597968844696,2.6240056,3086990.0,,,
2022-04-03,288.00305,0.0004351809329818,2.5325089,3058310.0,,,
2022-04-04,287.6782,0.0008597969426773,1.583253,3046882.0,,,
2022-04-05,289.20535,0.0008618885767646,1.7449528,3020976.0,,,
2022-04-06,291.43854,0.20676851272583,1.8884438,2852776.0,,,
2022-04-07,292.0232,0.0,1.6186486,2872236.0,,,
2022-04-08,292.8564,0.0005960464477539,1.5999842,2733914.0,,,
2022-04-09,291.23944,0.5266368389129639,2.532817,1486952.0,,,
2022-04-10,291.40814,0.5517080426216125,1.5035138,1837734.0,,,
2022-04-11,289.4755,0.4385411739349365,2.0412517,1502870.0,,,
2022-04-12,287.37997,0.1036822795867919,1.142039,2942704.0,,,
2022-04-13,287.03806,0.0,1.369218,2886918.0,,,
2022-04-14,287.55234,0.0560283660888671,1.8534905,2759714.0,,,
2022-04-15,286.00064,0.1455843448638916,2.1598167,2780178.0,,,
2022-04-16,286.6014,0.1952722668647766,1.5640703,2499666.0,,,
2022-04-17,287.26022,0.0008523463038727,1.3962504,2789770.0,,,
2022-04-18,287.5903,0.000435113790445,2.2231877,2597466.0,,,
2022-04-19,287.97446,0.1312345117330551,2.3948815,2369570.0,,,
2022-04-20,289.91678,0.0558160245418548,2.001333,2591350.0,,,
2022-04-21,289.41354,0.0183135271072387,1.7386107,2189626.0,,,
2022-04-22,286.8007,0.0008523463038727,2.4376423,2673266.0,,,
2022-04-23,287.5099,0.0012442469596862,2.7958298,2325342.0,,,
2022-04-24,290.7443,0.0004276632098481,3.5081463,2630950.0,,,
2022-04-25,291.59314,0.0008891856996342,2.274669,2526188.0,,,
2022-04-26,291.49603,0.2334862947463989,2.610903,2604404.0,,,
2022-04-27,288.71152,0.0008642673492431,2.5906088,2649262.0,,,
2022-04-28,284.01035,0.0008523463038727,2.54242,2594800.0,,,
2022-04-29,283.11377,0.0008523463038727,1.3824167,2308666.0,,,
2022-04-30,284.16895,0.0008672475814819,1.1566608,2566472.0,,,
2022-05-01,284.4606,0.2943836152553558,1.7035898,2267774.0,,,
2022-05-02,283.96,0.0106245279312133,1.3739033,2549422.0,,,
2022-05-03,284.36087,0.0008583068847656,1.1473348,2560246.0,,,
2022-05-04,285.1845,0.000435113790445,1.881185,2527928.0,,,
2022-05-05,286.57574,0.0,2.2696207,2421156.0,,,
2022-05-06,287.29575,0.0,1.7417425,2211496.0,,,
2022-05-07,287.78207,0.0008583068847656,2.2652216,2254888.0,,,
2022-05-08,289.1691,0.0498965382575988,2.4593081,1847280.0,,,
2022-05-09,289.59457,0.0369548797607421,1.5002323,1945964.0,,,
2022-05-10,288.47827,0.3782827258110046,1.4320492,1088368.0,,,
2022-05-11,288.10236,0.0209957361221313,1.2992389,1273148.0,,,
2022-05-12,285.95145,0.0171363353729248,2.105327,1573310.0,,,
2022-05-13,286.2679,0.6457001566886902,1.3010526,533208.0,,,
2022-05-14,285.4324,0.9524747729301452,1.3177834,1018176.0,,,
2022-05-15,281.64407,0.0008554197847843,1.5446326,2415902.0,,,
2022-05-16,281.6067,0.0,1.2653807,2419292.0,,,
2022-05-17,279.92163,0.0008523463038727,1.677627,2413968.0,,,
2022-05-18,279.57016,0.0,1.3809694,2320380.0,,,
2022-05-19,280.54672,0.0,2.0643144,2274424.0,,,
2022-05-20,283.9697,0.0008732333662919,2.1982548,2233776.0,,,
2022-05-21,284.43005,0.0008523463038727,1.7753798,2242396.0,,,
2022-05-22,284.58203,0.0008583068847656,2.3196814,2215636.0,,,
2022-05-23,286.23962,0.0008553261286579,2.1179514,2159848.0,,,
2022-05-24,286.4349,0.1185983419418335,1.934482,1864780.0,,,
2022-05-25,283.8646,0.1289695501327514,2.1728811,2064684.0,,,
2022-05-26,281.22092,0.0077113509178161,1.5439992,2199824.0,,,
2022-05-27,282.16855,0.0121891498565673,1.2170709,1451712.0,,,
2022-05-28,282.59973,0.474974513053894,1.1266338,1306866.0,,,
2022-05-29,281.71805,0.0810027122497558,1.5552748,1463222.0,,,
2022-05-30,279.765,0.0277310609817504,0.87668604,1943308.0,,,
2022-05-31,279.40018,0.0223591923713684,1.7473726,1752440.0,,,
2022-06-01,279.53592,0.1038163900375366,1.1883135,2109752.0,,,
2022-06-02,279.5839,0.0008583068847656,1.4182268,2127232.0,,,
2022-06-03,278.25195,0.0008583068847656,2.5432742,2111488.0,,,
2022-06-04,280.34512,0.0008597968844696,2.1287947,2109976.0,,,
2022-06-05,281.55185,0.000435113790445,1.5515975,2102288.0,,,
2022-06-06,283.31387,0.000435113790445,1.5882038,2148420.0,,,
2022-06-07,284.08118,0.0008523463038727,2.0533974,2011208.0,,,
2022-06-08,283.8302,0.0008594315149821,1.5407372,2115710.0,,,
2022-06-09,283.1733,0.0004350989765953,2.44949,2027568.0,,,
2022-06-10,280.86343,0.0008672475232742,1.241912,2103052.0,,,
2022-06-11,281.3707,0.000435113790445,1.7691412,2124666.0,,,
2022-06-12,283.24805,0.000426173210144,2.5500753,2165512.0,,,
2022-06-13,284.83047,0.0008672475814819,3.4200068,1978052.0,,,
2022-06-14,284.2025,0.000435113790445,2.657639,2053968.0,,,
2022-06-15,283.19653,0.0,1.4983267,2064710.0,,,
2022-06-16,282.4591,0.0004410743713378,1.531972,2141928.0,,,
2022-06-17,281.7769,0.0004351138486526,1.4386047,2119472.0,,,
2022-06-18,281.6642,0.000435113790445,2.795641,2099006.0,,,
2022-06-19,282.56262,0.0,2.3077624,2033776.0,,,
2022-06-20,281.78464,0.0,1.8686303,1542372.0,,,
2022-06-21,280.0917,0.1974255144596099,2.3184211,909084.0,,,
2022-06-22,277.1312,0.0066906213760375,2.2415693,1972960.0,,,
2022-06-23,277.32718,0.0008530740160495,1.0664277,2000140.0,,,
2022-06-24,277.59995,0.054478645324707,1.3210899,1211028.0,,,
2022-06-25,277.536,0.1041218638420105,1.3070426,589796.0,,,
2022-06-26,278.64355,0.7745175361633301,1.3436028,1009780.0,,,
2022-06-27,279.9498,0.909458875656128,1.0010649,2096004.0,,,
2022-06-28,282.26062,0.000435113790445,1.7395984,2094776.0,,,
2022-06-29,283.81613,0.0,3.3849957,2083220.0,,,
2022-06-30,282.25867,0.0048726797103881,2.4784453,1951392.0,,,
2022-07-01,282.43594,0.001460313796997,2.7262042,1858696.0,,,
2022-07-02,281.79636,0.000435113790445,2.3017826,1907856.0,,,
2022-07-03,280.74893,0.0008583068847656,1.5619674,2091232.0,,,
2022-07-04,281.39426,0.0008625459158793,1.256513,2142720.0,,,
2022-07-05,282.32303,0.000435113790445,1.6540414,2150164.0,,,
2022-07-06,283.1317,0.007428228855133,2.8278027,2173952.0,,,
2022-07-07,280.75452,0.0302642583847045,2.1632674,1624390.0,,,
2022-07-08,280.80264,0.0008713254937902,1.6417485,2129940.0,,,
2022-07-09,284.85617,0.1180320903658866,2.7418137,2120830.0,,,
2022-07-10,284.92288,0.3350153565406799,3.8106697,2050928.0,,,
2022-07-11,281.44775,0.0004351138486526,3.4437177,2177580.0,,,
2022-07-12,278.93857,0.0008658145088702,2.2093322,2184132.0,,,
2022-07-13,281.4061,0.0008583068847656,3.1257098,2104966.0,,,
2022-07-14,282.94394,0.0111311674118042,2.0463989,1879354.0,,,
2022-07-15,280.61697,0.0430569052696228,2.945083,1542674.0,,,
2022-07-16,279.3915,0.0008672475814819,2.2121732,2237120.0,,,
2022-07-17,278.61386,0.0,2.7332954,2233808.0,,,
2022-07-18,280.63583,0.000435113790445,2.7584763,2252042.0,,,
2022-07-19,280.18045,0.0008525782031938,1.9777015,2246796.0,,,
2022-07-20,283.42258,0.0008589731296524,2.5326488,1524800.0,,,
2022-07-21,284.0718,0.0008583068847656,1.9066485,2203408.0,,,
2022-07-22,285.38248,0.0014454126358032,1.7541059,2162852.0,,,
2022-07-23,288.40512,0.0258173048496246,1.6614257,1866738.0,,,
2022-07-24,289.05225,0.5159452557563782,1.4214101,1265186.0,,,
2022-07-25,289.15283,0.0462979078292846,1.2731601,1813000.0,,,
2022-07-26,289.31754,0.3281600773334503,1.2289807,1260832.0,,,
2022-07-27,288.28345,0.2831621170043945,1.2017123,2280128.0,,,
2022-07-28,284.9516,0.0008553265943191,2.3349125,2376620.0,,,
2022-07-29,283.56213,0.0008610408985987,1.8365363,2343564.0,,,
2022-07-30,284.42422,0.0008583068847656,2.5475461,2365224.0,,,
2022-07-31,285.10684,0.000435113790445,1.6555996,2327454.0,,,
2022-08-01,286.22144,0.000852346420288,1.8128086,2352488.0,,,
2022-08-02,286.49936,0.1436412334442138,1.4233965,1680618.0,,,
2022-08-03,284.73093,0.9864717721939088,1.9694496,2258288.0,,,
2022-08-04,284.00073,0.0008583068847656,1.8343159,2426400.0,,,
2022-08-05,283.291,0.0008553265361115,2.0395803,2393342.0,,,
2022-08-06,282.70898,0.1675188541412353,1.5020648,2261108.0,,,
2022-08-07,281.27005,0.4032850265502929,1.3192884,1381844.0,,,
2022-08-08,279.46936,0.4350095987319946,1.4283375,2249150.0,,,
2022-08-09,279.39987,0.000426173210144,1.7131742,2541286.0,,,
2022-08-10,279.81152,0.0008583068847656,2.901577,2436846.0,,,
2022-08-11,282.49054,0.000426173210144,2.3620834,2562808.0,,,
2022-08-12,285.2506,0.000435113790445,2.2970493,2583126.0,,,
2022-08-13,286.25272,0.000430643587606,2.4302242,2573764.0,,,
2022-08-14,289.17325,0.000426173210144,2.4930866,2112900.0,,,
2022-08-15,284.91245,0.000859797000885,2.8767846,2657182.0,,,
2022-08-16,284.99222,0.0012516975402832,2.7935636,1957036.0,,,
2022-08-17,283.6167,0.0008821486844681,3.69234,2719434.0,,,
2022-08-18,280.37924,0.000852346420288,2.057624,2750582.0,,,
2022-08-19,281.20828,0.0008583069429732,1.9967642,2759834.0,,,
2022-08-20,283.04425,0.000435113790445,2.5632083,2716604.0,,,
2022-08-21,283.35895,0.0,1.8513098,2780408.0,,,
2022-08-22,285.032,0.0008523463038727,1.6033617,2790246.0,,,
2022-08-23,285.48657,0.0008523463038727,2.07301,2761162.0,,,
2022-08-24,288.1406,0.2032816410064697,2.298646,2610152.0,,,
2022-08-25,291.1205,0.0311043113470077,1.599987,2695134.0,,,
2022-08-26,292.01108,0.0347793102264404,1.6783127,2511642.0,,,
2022-08-27,288.5348,0.000426173210144,3.295859,2873426.0,,,
2022-08-28,282.20718,0.0,1.9272147,2895176.0,,,
2022-08-29,281.77246,0.000435113790445,2.2418497,2927926.0,,,
2022-08-30,282.8273,0.0004410743713378,2.4651089,2914636.0,,,
2022-08-31,285.7389,0.0008523463038727,2.2667768,2821888.0,,,
2022-09-01,287.77615,0.000435113790445,2.9625123,2942362.0,,,
2022-09-02,285.30225,0.000435113790445,3.043534,3011028.0,,,
2022-09-03,285.18643,0.0008523463038727,1.6117841,2990086.0,,,
2022-09-04,285.87137,0.0008342349319718,2.1091697,3071864.0,,,
2022-09-05,286.62878,0.0008667956572026,1.8547064,3103872.0,,,
2022-09-06,287.43353,0.0004410743713378,2.8037226,3097808.0,,,
2022-09-07,290.7499,0.0008583068847656,3.6201699,3037604.0,,,
2022-09-08,287.87854,0.0004276633262634,3.2015858,3108820.0,,,
2022-09-09,283.75403,0.0008583068847656,2.6409361,3133132.0,,,
2022-09-10,284.2814,0.0198930501937866,1.9964575,3107684.0,,,
2022-09-11,285.22205,0.0,2.1618392,3164468.0,,,
2022-09-12,286.35526,0.0008587974589318,1.7589792,3009152.0,,,
2022-09-13,288.15457,0.0008597968844696,1.6505796,3193482.0,,,
2022-09-14,287.68704,0.0004276632098481,1.7729017,3250290.0,,,
2022-09-15,288.70773,0.0008523463038727,3.3413267,3085980.0,,,
2022-09-16,289.0991,0.000861311214976,3.9724019,2708926.0,,,
2022-09-17,291.12003,1.8517076969146729,3.3514557,2962790.0,,,
2022-09-18,291.1249,0.0159218907356262,1.3780107,2894376.0,,,
2022-09-19,285.94968,0.2096444368362426,1.7964039,1494922.0,,,
2022-09-20,282.53275,1.2939274311065674,1.2074293,1731674.0,,,
2022-09-21,281.03458,0.001460313796997,1.8679267,3338780.0,,,
2022-09-22,282.7004,0.0008609413634985,1.4739538,3353028.0,,,
2022-09-23,286.30698,0.000858636049088,2.196396,3234439.0,,,
2022-09-24,287.62637,1.6331106424331665,2.5282917,2924741.0,,,
2022-09-25,287.38013,0.0004410742840263,1.0611033,3363126.0,,,
2022-09-26,286.23718,1.3808012008666992,1.7629472,1420367.5,,,
2022-09-27,285.58493,0.4873154759407043,1.958568,1436293.0,,,
2022-09-28,284.46753,0.0713318586349487,1.8436413,2680980.5,,,
2022-09-29,285.67993,0.0,1.5104042,3413218.0,,,
2022-09-30,287.09555,0.0008430684683844,1.4991398,3416088.0,,,
2022-10-01,289.582,0.0,2.0598326,3369239.0,,,
2022-10-02,290.64767,0.0004351138486526,1.7870998,3427697.0,,,
2022-10-03,289.8784,0.0008745644590817,2.548401,3433586.0,,,
2022-10-04,290.0098,2.696588516235352,3.0058708,2181751.0,,,
2022-10-05,287.2799,0.0116080045700073,1.5521969,3504956.0,,,
2022-10-06,287.13562,0.0,2.2810822,3519543.0,,,
2022-10-07,290.446,0.0,2.7507274,3591058.0,,,
2022-10-08,289.0025,0.0004276632098481,4.37229,3644314.0,,,
2022-10-09,284.58875,0.0463157892227172,1.8401612,2989018.0,,,
2022-10-10,284.1418,0.0,2.2796338,3628096.0,,,
2022-10-11,286.50015,0.0008583068847656,1.6087693,3658404.0,,,
2022-10-12,290.04446,0.0410974025726318,2.51809,3587990.0,,,
2022-10-13,287.45242,0.1911669969558715,3.5358984,2787376.0,,,
2022-10-14,283.22665,0.0657439231872558,1.7624044,2724942.0,,,
2022-10-15,285.0117,0.0025928020477294,1.5626398,2867284.0,,,
2022-10-16,287.3544,0.0670701190829277,1.576809,1290734.0,,,
2022-10-17,285.0414,0.1292228698730468,1.7689075,1039372.0,,,
2022-10-18,285.9379,1.0676532983779907,1.7019895,1798922.0,,,
2022-10-19,287.11676,1.3520522117614746,1.0570921,3374908.0,,,
2022-10-20,288.37817,0.0641494989395141,1.9299747,3708858.0,,,
2022-10-21,291.12546,0.0055804848670959,1.6709706,3035012.0,,,
2022-10-22,287.7592,0.0004261731810402,2.3271334,3277470.0,,,
2022-10-23,288.1546,0.0834017992019653,2.1067903,3028016.0,,,
2022-10-24,292.81085,2.9706954956054688,2.990532,3229318.0,,,
2022-10-25,295.37616,3.6330370903015137,2.899006,3560166.0,,,
2022-10-26,292.49875,0.0689625740051269,2.8598864,3732490.0,,,
2022-10-27,293.18323,0.0010430812835693,1.846104,3765136.0,,,
2022-10-28,295.62576,0.0004437155730556,2.6483743,3627348.0,,,
2022-10-29,297.35852,0.0021710991859436,2.260367,3097428.0,,,
2022-10-30,289.5302,0.0008583068847656,4.37293,3963342.0,,,
2022-10-31,284.13235,0.0008427368593402,3.9595635,3946376.0,,,
2022-11-01,285.6367,0.0004351139068603,1.4277462,3945232.0,,,
2022-11-02,288.7134,0.0008583068847656,2.7475588,3887226.0,,,
2022-11-03,289.4728,0.000881117535755,2.8124764,3808262.0,,,
2022-11-04,291.40115,0.0008523463038727,2.460314,3797278.0,,,
2022-11-05,292.67163,0.0004351138777565,2.2550457,3226084.0,,,
2022-11-06,292.5264,0.3152787685394287,2.1108615,3460950.0,,,
2022-11-07,292.9175,0.0021785497665405,2.0910738,3776530.0,,,
2022-11-08,293.5138,0.0102818012237548,2.399233,3326856.0,,,
2022-11-09,293.6721,1.1390149593353271,2.7225296,3613782.0,,,
2022-11-10,294.42682,1.2178272008895874,2.006129,3404044.0,,,
2022-11-11,293.6937,3.3993945121765137,1.8231139,2453924.0,,,
2022-11-12,291.61658,1.8915534019470213,1.4622474,3177412.0,,,
2022-11-13,291.41714,0.0008523463038727,2.1279955,3906168.0,,,
2022-11-14,291.2994,0.0,1.5061356,3851368.0,,,
2022-11-15,295.30298,0.0008583068847656,2.1632543,3845512.0,,,
2022-11-16,297.43207,0.0,3.661383,3876916.0,,,
2022-11-17,297.90384,0.0008583068847656,3.5032208,3846120.0,,,
2022-11-18,298.69702,0.4006028175354004,2.778041,3504718.0,,,
2022-11-19,298.36398,0.5515217781066895,2.081416,2124510.0,,,
2022-11-20,293.82602,1.1547645330429075,2.2316568,3969840.0,,,
2022-11-21,289.34738,0.0,3.5067043,3982440.0,,,
2022-11-22,291.35498,0.0008523463038727,1.3556198,3926754.0,,,
2022-11-23,295.9241,0.0,1.8845185,3916408.0,,,
2022-11-24,299.7194,0.0008597968844696,2.509691,3930792.0,,,
2022-11-25,299.87473,9.153495739155916e-06,2.934311,3934534.0,,,
2022-11-26,300.10776,0.0004276632098481,3.2246857,3938408.0,,,
2022-11-27,300.41177,0.3181695938110351,2.3336055,3846222.0,,,
2022-11-28,299.40982,1.3564108610153198,2.0633028,3615300.0,,,
2022-11-29,299.41315,4.822082996368408,1.8340515,2364318.0,,,
2022-11-30,294.58255,0.0387439504265785,1.7732166,3030320.0,,,
2022-12-01,292.97116,0.0573992654681205,2.3856049,3693668.0,,,
2022-12-02,293.4722,0.0,1.102856,3922848.0,,,
2022-12-03,296.48425,0.0760555267333984,1.5826184,3865248.0,,,
2022-12-04,298.46353,0.0004410744586493,1.6473814,3977808.0,,,
2022-12-05,299.64102,0.1056235209107399,2.76215,3356504.0,,,
2022-12-06,300.58563,0.4096925258636474,2.0755758,3601584.0,,,
2022-12-07,302.0637,0.1699550151824951,2.3254735,3846056.0,,,
2022-12-08,301.09256,0.9477883577346802,2.1974084,3619344.0,67.0830809859155,71.86019160470315,5.0
2022-12-09,301.9746,3.969136714935303,2.5111508,2838036.0,,,
2022-12-10,296.68216,0.0013858079910278,1.6095763,3927960.0,,,
2022-12-11,299.0172,0.3615617752075195,1.4072404,3743608.0,,,
2022-12-12,297.75375,0.0,2.0064545,3944768.0,,,
2022-12-13,295.40005,0.0689476728439331,1.9065968,3972224.0,64.52933812949641,71.47944695580507,5.0
2022-12-14,298.34753,1.1183247566223145,2.8522656,3970268.0,,,
2022-12-15,297.34628,0.1013279035687446,2.9939766,3846400.0,41.03948207171313,67.03958423664656,4.0
2022-12-16,294.73602,1.89813232421875,2.7074287,3835368.0,,,
2022-12-17,291.44064,0.0008597968844696,2.125143,3780672.0,,,
2022-12-18,292.16537,0.000426173210144,1.7951641,3907836.0,62.930513274336256,71.23332561857978,5.0
2022-12-19,294.5759,0.0004619359970092,2.0450773,3869132.0,,,
2022-12-20,297.15884,0.0914633274078369,2.064868,3621020.0,48.56544642857144,68.69136965520258,4.0
2022-12-21,298.43045,0.1721531152725219,2.2106774,3668980.0,,,
2022-12-22,297.94763,3.647789239883423,2.0742705,2778748.0,,,
2022-12-23,294.8583,0.4768967628479004,2.0372107,3103000.0,,,
2022-12-24,291.9566,0.7481045126914978,3.3262024,3395784.0,,,
2022-12-25,290.2572,0.0461339950561523,1.9120389,3751152.0,,,
2022-12-26,291.66467,2.6984663009643555,1.6068263,3697952.0,,,
2022-12-27,293.78134,3.067880868911743,1.3839498,3300244.0,,,
2022-12-28,293.29828,0.0,1.77354,3995112.0,,,
2022-12-29,294.19507,0.081673264503479,1.4319302,3902444.0,,,
2022-12-30,297.54306,0.2624541521072387,1.9951044,3018820.0,36.31613636363635,65.84009189183398,4.0
2022-12-31,298.5372,1.8496215343475344,2.381377,3203772.0,,,
2023-01-01,295.7217,0.293731689453125,2.2360146,4020688.0,,,
2023-01-02,294.56003,1.131156086921692,1.4618145,3622236.0,88.13040322580645,74.53720038576878,5.0
2023-01-03,294.49945,0.0018805265426635,1.6028203,3707736.0,,,
2023-01-04,295.61148,0.0008553267689421,1.5245689,3976584.0,75.0313529411765,72.95865850155388,5.0
2023-01-05,297.53647,0.000435113790445,1.880835,3959032.0,,,
2023-01-06,297.9845,0.2943158149719238,2.1436594,3809516.0,,,
2023-01-07,299.3539,0.1999437808990478,2.4283433,3568664.0,67.21183406113536,71.879001967768,5.0
2023-01-08,299.67307,0.1135021448135376,1.8523116,3345056.0,,,
2023-01-09,298.8384,0.4288405179977417,2.2043965,3652880.0,54.28614457831321,69.78377918504866,4.0
2023-01-10,299.83044,0.5672872066497803,2.1949008,3602748.0,,,
2023-01-11,297.39722,6.675213813781738,1.635055,1316152.0,,,
2023-01-12,292.43265,0.039885651320219,1.4602866,3841936.0,,,
2023-01-13,291.96603,0.0,1.6167141,3994088.0,,,
2023-01-14,295.41556,0.1272559165954589,1.7169828,3149778.0,56.44365217391309,70.1661122001157,5.0
2023-01-15,296.81027,0.0753348171710968,1.6400732,3852378.0,,,
2023-01-16,298.12946,0.0995397567749023,2.0680745,3593656.0,,,
2023-01-17,298.4393,0.9657368063926696,1.5623436,3310852.0,,,
2023-01-18,296.5548,0.0776082202792167,1.7299467,3310422.0,,,
2023-01-19,297.86615,1.0124473571777344,1.9568634,3780818.0,72.29216981132075,72.59382221318083,5.0
2023-01-20,300.86063,5.200192451477051,2.7743511,3732448.0,,,
2023-01-21,296.35104,0.1460909843444824,2.278311,3758224.0,,,
2023-01-22,297.1852,0.0270530581474304,1.690529,3349116.0,65.2297945205479,71.5853592534831,5.0
2023-01-23,297.30536,0.2717971801757812,1.9977149,3666232.0,,,
2023-01-24,298.13455,3.2990612983703613,1.7339233,3187318.0,,,
2023-01-25,295.5606,0.1500248908996582,1.5644306,3784404.0,,,
2023-01-26,296.2168,8.655444145202637,1.7038435,2052000.0,,,
2023-01-27,295.60617,0.5335062742233276,1.4075063,3273444.0,,,
2023-01-28,294.20956,0.4465281963348388,1.4891981,2499500.0,,,
2023-01-29,294.68832,1.1128634214401243,1.2631154,3444030.0,,,
2023-01-30,295.13925,1.2964814901351929,1.330064,3034006.0,,,
2023-01-31,297.07648,2.312600612640381,1.1886212,3259022.0,,,
2023-02-01,296.89462,7.035300254821777,1.5811992,2716682.0,,,
2023-02-02,293.47717,0.1996606588363647,1.3684597,3234896.0,,,
2023-02-03,293.2042,0.0957846641540527,2.2866838,3270962.0,,,
2023-02-04,292.95682,0.0038444995880126,1.5984119,3871554.0,,,
2023-02-05,295.62607,0.000435113790445,1.8503379,3871694.0,,,
2023-02-06,297.00558,0.3198832273483276,1.9355282,3825994.0,69.6071523178808,72.22252846068821,5.0
2023-02-07,298.51846,1.418337106704712,1.9963278,3422480.0,,,
2023-02-08,297.20724,0.6546556949615479,1.4293975,3715446.0,71.68353846153843,72.51088170635305,5.0
2023-02-09,297.4608,0.0008597968844696,1.310782,3820176.0,,,
2023-02-10,297.10886,0.0004276633262634,1.7667732,3575200.0,,,
2023-02-11,298.23233,0.90104341506958,2.5666811,3249426.0,113.1592073170732,76.98948622346973,5.0
2023-02-12,300.12054,0.1498758792877197,2.8580115,3267374.0,,,
2023-02-13,298.37296,0.7727295160293579,2.6955059,3484628.0,92.10197297297296,74.9696133416835,5.0
2023-02-14,296.37753,0.0700831562280654,1.529291,3319550.0,,,
2023-02-15,297.42703,8.315913200378418,1.7968026,3127034.0,,,
2023-02-16,294.7556,0.00038743019104,2.486136,2867650.0,67.60035211267603,71.93554541158498,5.0
2023-02-17,286.05844,0.000852346420288,3.0830295,3864674.0,,,
2023-02-18,285.66272,0.0008680065511725,1.8486953,3772502.0,68.48954545454544,72.06374171381009,5.0
2023-02-19,289.07578,0.0,2.711599,3708072.0,,,
2023-02-20,291.69254,0.0008702276973053,2.50592,3664796.0,,,
2023-02-21,294.00723,2.0727663040161133,2.2969463,2972238.0,95.84453125,75.36035591730393,5.0
2023-02-22,293.36813,0.4274442195892334,1.7859589,3500568.0,,,
2023-02-23,294.3003,2.2550673484802246,1.8086201,3157972.0,65.25919642857147,71.58978005129133,5.0
2023-02-24,293.3904,1.5631914138793943,1.1607262,3439192.0,,,
2023-02-25,294.57697,1.7413792610168457,1.8199425,3343802.0,,,
2023-02-26,294.17078,0.0786185264587402,1.5460958,3513418.0,,,
2023-02-27,295.40945,0.0077491458505392,1.9006017,3450106.0,,,
2023-02-28,296.75436,3.305286169052124,2.5615253,3220516.0,95.25582781456951,75.29991438805789,5.0
2023-03-01,296.8147,0.0,1.3258324,3629540.0,,,
2023-03-02,296.06427,0.0008523463038727,1.9586962,3559066.0,,,
2023-03-03,296.266,0.000435113790445,2.0075796,3401550.0,100.82483333333334,75.8573037866204,5.0
2023-03-04,297.2803,0.0104159116744995,1.6286474,3348697.0,,,
2023-03-05,297.97928,0.5617619156837463,2.5215588,2641488.0,66.17430232558141,71.72638653289079,5.0
2023-03-06,296.6354,0.0104904174804687,2.6555502,3466676.0,,,
2023-03-07,295.63498,0.0422298908233642,1.9197859,3483730.0,,,
2023-03-08,296.37354,6.111804395914078e-07,1.8362247,3475934.0,115.24138461538467,77.16835375624166,5.0
2023-03-09,298.45364,0.000435113790445,2.2607834,3472650.0,,,
2023-03-10,298.63455,0.0008583068847656,2.077317,3433306.0,68.83642857142854,72.11330161154018,5.0
2023-03-11,299.16843,0.0004368268128018,2.8274715,3242910.0,,,
2023-03-12,299.33365,0.0942349433898925,2.5296752,3131350.0,,,
2023-03-13,299.57974,4.066124439239502,2.281833,2633806.0,72.9574,72.6836807069203,5.0
2023-03-14,296.1077,0.4591942131519317,1.2007118,3236507.0,,,
2023-03-15,296.63437,0.0852700322866439,1.3022193,3335740.0,53.32072289156626,69.60774876821202,4.0
2023-03-16,296.78183,0.0008525970042683,1.452198,3373995.0,,,
2023-03-17,296.94955,0.0,1.3978133,3256907.0,,,
2023-03-18,297.0471,0.1985877752304077,1.6590109,2940435.0,69.91478260869559,72.26578844048936,5.0
2023-03-19,297.25333,0.4081757366657257,1.5190401,2662564.5,,,
2023-03-20,295.58047,0.7634460926055908,1.5496999,2299924.0,,,
2023-03-21,294.82254,2.102196216583252,1.4662896,2237686.0,,,
2023-03-22,293.38904,4.238086700439453,1.1708766,1774508.0,,,
2023-03-23,293.21823,1.6036033630371094,1.1544387,766040.0,,,
2023-03-24,292.28818,0.2291947603225708,1.1499404,2213802.0,,,
2023-03-25,292.80612,0.0180006027221679,1.6069878,2436612.0,107.09141025641028,76.44882798562787,5.0
2023-03-26,291.4602,0.0770986080169677,1.5491022,2647540.0,,,
2023-03-27,291.86237,0.0004321336746215,2.7528698,3055408.0,,,
2023-03-28,294.86557,0.0096112489700317,2.9062824,2232048.0,,,
2023-03-29,293.07455,0.0053271651268005,2.9749153,2885402.0,,,
2023-03-30,290.79742,0.6858706474304199,1.6817698,1406928.0,,,
2023-03-31,289.36893,0.0008583068847656,2.1151772,3034326.0,,,
2023-04-01,288.3887,0.1724637150764465,1.855544,719008.0,,,
2023-04-02,289.54068,0.6388574838638306,1.7973565,1181994.0,,,
2023-04-03,291.42038,1.1061429977416992,1.294948,1860918.0,,,
2023-04-04,289.78012,0.1279413700103759,1.921842,1640464.0,,,
2023-04-05,289.83545,0.2324879169464111,1.6722344,2215244.0,,,
2023-04-06,291.2566,0.3534201979637146,1.534689,2492020.0,,,
2023-04-07,292.31058,0.0120997428894042,1.1212424,2188988.0,,,
2023-04-08,292.4668,0.0008523463620804,1.9944648,2808066.0,,,
2023-04-09,292.5911,0.0057518482208251,2.5430558,2387962.0,48.86946564885498,68.75258874323278,4.0
2023-04-10,292.5342,0.000876186939422,2.1057718,2407858.0,,,
2023-04-11,293.62506,0.4047602415084839,2.4449332,1400274.0,,,
2023-04-12,290.51804,1.1629276275634766,2.1962376,1162174.0,,,
2023-04-13,283.79663,0.1332461833953857,2.169141,1518118.0,,,
2023-04-14,283.91666,0.0359335504472255,1.5221978,2155320.0,,,
2023-04-15,284.82205,0.0983700156211853,0.76203126,1440986.0,,,
2023-04-16,286.79968,0.0979062169790268,0.86023647,2092372.0,,,
2023-04-17,286.6279,0.1082196831703186,1.3531548,2607468.0,36.16437499999997,65.79901102402778,4.0
2023-04-18,287.62692,0.0008702276973053,1.3469619,2738548.0,,,
2023-04-19,288.3109,0.0,2.0179713,2748236.0,68.39615384615377,72.05035577466298,5.0
2023-04-20,288.45618,0.0,2.0032148,2243970.0,,,
2023-04-21,287.98242,0.03892183303833,2.4147694,2337184.0,,,
2023-04-22,288.60294,0.4803836345672607,1.4261848,2090376.0,,,
2023-04-23,288.30353,1.7339885234832764,1.0152794,1673634.0,,,
2023-04-24,287.4988,0.0171319115906953,0.824776,2486536.0,,,
2023-04-25,287.7396,0.0,1.2269255,2634204.0,,,
2023-04-26,289.0311,0.0,1.5064253,2644362.0,,,
2023-04-27,289.9335,0.0008523463038727,2.2544336,2614586.0,34.495,65.33538912664109,4.0
2023-04-28,290.83548,0.0008523463038727,3.6345851,2565560.0,,,
2023-04-29,292.23877,0.5649775266647339,3.4386866,1864802.0,33.72451923076923,65.1137886863633,4.0
2023-04-30,291.6671,0.353790819644928,3.530487,1183070.0,,,
2023-05-01,284.34195,0.0004276632098481,2.0253158,1917518.0,,,
2023-05-02,284.62503,0.0,1.227752,2255912.0,,,
2023-05-03,284.1735,0.0805497169494628,1.1609538,2259932.0,,,
2023-05-04,284.5403,1.7324090003967283,1.3073856,510936.0,,,
2023-05-05,285.05704,0.0541955232620239,1.2813491,2047384.0,,,
2023-05-06,286.07065,0.0008583068847656,1.4260205,2444112.0,,,
2023-05-07,286.54434,0.0008583068847656,1.5349878,2428776.0,37.44715789473681,66.14095130910133,4.0
2023-05-08,287.5275,0.0008583068847656,1.5515814,2450180.0,,,
2023-05-09,287.2203,0.003710389137268,2.0173674,2290836.0,33.88795454545457,65.16121495167323,4.0
2023-05-10,287.15332,0.0095143904909491,1.6217963,2025464.0,,,
2023-05-11,288.46594,0.0008681182516738,1.1510645,2310284.0,,,
2023-05-12,288.2085,0.0008583068847656,1.7758112,2364272.0,,,
2023-05-13,288.8683,0.0,2.0358593,2375016.0,,,
2023-05-14,289.81335,0.0008598481072112,2.109187,2358416.0,,,
2023-05-15,289.77774,0.0008821489172987,2.7135231,2256236.0,,,
2023-05-16,290.5862,0.1826882362365722,2.9914124,1696436.0,,,
2023-05-17,290.13577,1.197606325149536,2.0626395,2271124.0,,,
2023-05-18,287.36423,0.2758949995040893,1.9349966,1359856.0,,,
2023-05-19,287.90442,0.0704675912857055,1.1722804,1570476.0,51.4208556149733,69.2518300844323,4.0
2023-05-20,284.97034,0.0703409314155578,2.044338,1500992.0,,,
2023-05-21,286.47318,0.002436339855194,1.6446935,2010756.0,,,
2023-05-22,287.63998,0.0133663415908813,1.7619256,1436132.0,,,
2023-05-23,288.08517,0.0367537140846252,2.5808594,975976.0,,,
2023-05-24,289.3242,0.2638325095176697,1.5375417,987024.0,,,
2023-05-25,290.0725,1.2587831020355225,1.1535615,1214152.0,,,
2023-05-26,289.9117,0.1115649938583374,1.7805892,1206552.0,,,
2023-05-27,283.33902,0.0062659382820129,2.4445078,2150996.0,,,
2023-05-28,282.2031,0.036776065826416,1.3354421,1233636.0,,,
2023-05-29,282.21323,0.0008523463038727,1.8875489,1941496.0,,,
2023-05-30,284.33463,0.0,1.5782446,2152488.0,,,
2023-05-31,286.3752,0.0008583068847656,1.9296209,2093696.0,,,
2023-06-01,286.2745,0.0028721988201141,2.183236,1998544.0,,,
2023-06-02,288.8782,0.0242739915847778,2.9721754,1820700.0,,,
2023-06-03,287.9751,0.7335842251777649,1.4733042,647680.0,,,
2023-06-04,286.04272,0.0013411045074462,2.3330727,1844816.0,,,
2023-06-05,286.23245,0.009387731552124,1.4517193,1870412.0,,,
2023-06-06,288.21506,0.0953972339630127,2.3738084,1040874.0,,,
2023-06-07,286.68265,0.0053495168685913,1.3564863,1982860.0,,,
2023-06-08,290.05063,0.0030398368835449,2.621328,2001028.0,,,
2023-06-09,287.93307,0.0021755693014711,3.4765074,2120416.0,,,
2023-06-10,282.19238,0.0267848372459411,1.9549804,1895980.0,,,
2023-06-11,281.21936,0.0008583068847656,1.3865877,2127772.0,41.3145744680851,67.1051223912703,4.0
2023-06-12,279.0753,0.0008762739016674,1.3218415,2153292.0,,,
2023-06-13,278.90625,0.0008583068847656,1.0966054,2177528.0,33.65447552447558,65.0933927452023,4.0
2023-06-14,278.84525,0.0008733910508453,1.9068922,1773840.0,,,
2023-06-15,279.35645,0.0008845485863275,1.7498068,2115532.0,,,
2023-06-16,280.0071,0.0008631195523776,1.8335744,2064272.0,27.13612244897961,62.981493223491555,4.0
2023-06-17,279.8774,0.0001788139343261,1.2697135,1702000.0,,,
2023-06-18,279.82272,0.1620054244995117,2.466304,1339668.0,,,
2023-06-19,281.78323,0.1075752079486846,1.536377,796192.0,,,
2023-06-20,282.68137,0.3248974680900574,1.076878,1994968.0,,,
2023-06-21,282.4622,0.000859797000885,1.1059041,1938688.0,,,
2023-06-22,282.58936,0.0008821489172987,2.1126778,2023328.0,,,
2023-06-23,285.74536,0.0008597968844696,1.9874862,2039296.0,,,
2023-06-24,287.8749,0.0008523463620804,2.1985166,2055376.0,,,
2023-06-25,285.76306,0.000426173210144,1.7835003,2093530.0,,,
2023-06-26,286.6331,0.1951754093170166,2.6330366,1207326.0,22.02443708609269,60.934017138856575,4.0
2023-06-27,284.6787,0.0151582062244415,1.300024,2131498.0,,,
2023-06-28,283.0453,0.0008583068847656,2.0505197,2028668.0,18.46900000000003,59.20687871526795,4.0
2023-06-29,281.26404,0.0008583068847656,1.9933916,1944076.0,,,
2023-06-30,282.2631,0.0008583068847656,1.9176556,1870956.0,,,
2023-07-01,283.0287,0.013589859008789,2.2790701,1815372.0,,,
2023-07-02,289.0522,0.0008612872334197,3.3926477,2002144.0,,,
2023-07-03,288.9069,0.0020265583880245,2.5182757,1697534.0,,,
2023-07-04,290.30972,0.2833753824234009,2.2312977,1282412.0,,,
2023-07-05,287.0781,0.1897662878036499,1.6053449,962362.0,,,
2023-07-06,284.77243,0.1520067453384399,1.4214922,1330274.0,,,
2023-07-07,282.97934,0.0019967555999755,1.53833,2036280.0,,,
2023-07-08,283.7565,0.0734776258468627,1.2485813,1004640.0,35.52230769230765,65.62327828016814,4.0
2023-07-09,284.76675,1.0379105806350708,1.1646439,543138.0,,,
2023-07-10,285.12515,0.8016228675842285,1.1262367,359480.0,,,
2023-07-11,282.32263,0.6755292415618896,1.3082088,641604.0,,,
2023-07-12,280.51688,0.0069011002779006,2.1655517,1939400.0,,,
2023-07-13,278.38284,0.0008583068847656,1.5233756,2061636.0,,,
2023-07-14,277.84592,0.0,2.1514452,2163580.0,,,
2023-07-15,279.46155,0.0175628811120986,1.8398987,2104960.0,,,
2023-07-16,280.0869,0.0163018703460693,1.2142576,1917300.0,,,
2023-07-17,278.7073,0.0008583068847656,1.2949615,2080406.0,,,
2023-07-18,278.09473,0.0008672475814819,1.945073,2050248.0,27.303846153846138,63.041940530604045,4.0
2023-07-19,279.07208,0.0008383042295463,2.7162094,2208522.0,,,
2023-07-20,282.6349,0.0008583068847656,2.679806,1987248.0,,,
2023-07-21,286.91965,0.0077550294809043,3.1280801,2180766.0,,,
2023-07-22,288.46716,0.0047624106518924,2.4063432,2238084.0,,,
2023-07-23,282.80887,0.0016704202862456,2.502518,1986752.0,,,
2023-07-24,281.29358,0.0121176056563854,1.5142974,2140408.0,,,
2023-07-25,280.76596,0.0004410743713378,1.2186931,2320696.0,,,
2023-07-26,281.3013,0.000426173210144,1.7057624,2338712.0,36.79758620689649,65.96929038054148,4.0
2023-07-27,282.57327,0.0,1.9501919,2311460.0,,,
2023-07-28,282.50497,0.0008597968844696,1.6382779,2352268.0,30.994174757281503,64.28557089532544,4.0
2023-07-29,284.9819,0.0,2.923849,2249414.0,,,
2023-07-30,287.61856,0.0008523463038727,2.1347606,2194954.0,,,
2023-07-31,287.52408,0.0008523463038727,2.4028943,2343694.0,,,
2023-08-01,292.0962,0.0036209819372743,2.70119,2358404.0,,,
2023-08-02,291.6038,0.255778431892395,2.2529852,2047818.0,61.20499999999996,70.96058536702454,5.0
2023-08-03,286.4149,0.0008583068847656,2.3632917,2414024.0,,,
2023-08-04,285.73154,0.0008583068847656,1.4370055,2385694.0,,,
2023-08-05,286.5952,0.0,1.6886133,2394224.0,,,
2023-08-06,288.16653,0.0008523463038727,2.5871913,2484000.0,,,
2023-08-07,284.34702,0.2386868000030517,2.6944609,1813120.0,36.18788732394363,65.80538693816226,4.0
2023-08-08,281.41266,0.0008583068847656,1.0307267,2399412.0,,,
2023-08-09,282.7443,0.0,1.8051363,2525868.0,,,
2023-08-10,287.1388,0.000426173210144,2.8775444,2507554.0,53.0705909090909,69.56162095605274,4.0
2023-08-11,284.30383,0.0008583068847656,1.9702826,2544848.0,,,
2023-08-12,282.8202,0.0004351138486526,1.2451905,2575468.0,,,
2023-08-13,284.29697,0.0,2.6513155,2642632.0,,,
2023-08-14,288.72815,0.0,2.4941099,2365694.0,,,
2023-08-15,290.57925,0.0,3.1679688,2549062.0,49.25578947368422,68.82983402118461,4.0
2023-08-16,291.8861,0.098884105682373,2.0527294,2503682.0,,,
2023-08-17,288.79712,0.0486001372337341,1.695652,2669612.0,60.56349344978165,70.85722139656679,5.0
2023-08-18,284.5222,0.0,2.3313348,2647726.0,,,
2023-08-19,284.1951,0.000435113790445,2.4204257,2653396.0,,,
2023-08-20,284.53207,0.0004276633262634,2.0805836,2727400.0,59.02819383259911,70.60532902700339,5.0
2023-08-21,289.80237,0.0027567148208618,3.5518131,2677486.0,,,
2023-08-22,286.48373,0.0008579699206165,2.4197652,2719732.0,45.06770833333333,67.95810834795958,4.0
2023-08-23,282.924,0.0534877181053161,1.7522761,2686930.0,,,
2023-08-24,284.61252,0.0442713499069213,2.0137951,2613472.0,,,
2023-08-25,283.83517,0.0863000750541687,1.2046293,2220320.0,,,
2023-08-26,282.18173,0.0021010637283325,1.6973389,2687400.0,,,
2023-08-27,283.12943,0.0,1.970966,2846746.0,50.87377358490567,69.14689933829368,4.0
2023-08-28,283.78293,0.0017166138859465,3.1603978,2889746.0,,,
2023-08-29,285.68454,0.0004336237325333,1.8455194,2898504.0,,,
2023-08-30,289.44595,0.000435113790445,2.961878,2867130.0,54.04362318840579,69.73985517674083,4.0
2023-08-31,286.2847,0.0008583068847656,2.6371324,2816062.0,,,
2023-09-01,289.619,1.2192726135253906,1.8647572,581596.0,,,
2023-09-02,285.8759,1.6315877437591553,2.5485747,2120004.0,,,
2023-09-03,282.21274,0.1020729541778564,2.161302,2433536.0,,,
2023-09-04,282.56772,0.0,2.2755253,2868644.0,,,
2023-09-05,282.36618,0.0594407320022583,1.7960306,1209790.0,,,
2023-09-06,282.06073,0.1209974288940429,1.8959599,1742010.0,,,
2023-09-07,285.0162,0.0970587134361267,1.356599,1642848.0,,,
2023-09-08,282.96094,0.0017166137695312,0.99204797,2995026.0,,,
2023-09-09,285.55136,0.0008553267689421,2.2124634,3034668.0,,,
2023-09-10,290.25833,0.2043098211288452,2.5549576,3077776.0,,,
2023-09-11,292.55093,0.0859200954437255,3.3691988,2382996.0,44.30683673469382,67.79107352369087,4.0
2023-09-12,284.53183,0.0281512737274169,2.79084,3160646.0,,,
2023-09-13,284.2311,0.0008628144860267,1.4209484,3135768.0,,,
2023-09-14,286.63376,0.000426173210144,2.852267,3216366.0,,,
2023-09-15,291.4342,0.0,3.6745493,3212146.0,,,
2023-09-16,293.58234,0.0008597968844696,2.6587355,2909166.0,42.71346153846156,67.43178360610838,4.0
2023-09-17,288.25192,0.0,3.1246078,3181420.0,,,
2023-09-18,284.3809,0.0008583068847656,3.1086786,3207070.0,,,
2023-09-19,285.66373,0.0430643558502197,1.3590103,3007064.0,53.75701923076922,69.68769238093881,4.0
2023-09-20,286.90158,0.0026188790798187,1.4222533,3216894.0,,,
2023-09-21,290.69836,0.1538420915603637,2.0387185,2161398.0,,,
2023-09-22,290.2946,0.0965893268585205,1.7066079,2614334.5,,,
2023-09-23,290.6418,0.1785717904567718,1.4315653,1803293.5,,,
2023-09-24,288.11346,0.0611022114753723,1.6756893,2562556.5,,,
2023-09-25,289.48508,0.0562146306037902,1.7322677,2009010.0,,,
2023-09-26,286.397,0.0,2.9039078,3466430.0,,,
2023-09-27,286.57043,0.0,1.8610567,3370667.0,,,
2023-09-28,288.10114,0.0008523463038727,2.5277138,2903135.0,,,
2023-09-29,287.53702,0.0008583068847656,2.4711015,3296535.0,,,
2023-09-30,287.5062,0.0004410743713378,1.6592216,3420857.0,,,
2023-10-01,289.40936,0.0,2.76272,3405572.0,60.44905660377359,70.83866752271672,5.0
2023-10-02,291.0969,0.1128315776586532,2.912511,2912049.0,,,
2023-10-03,289.45367,0.1571178436279297,1.635748,3509689.0,,,
2023-10-04,286.16055,0.000870227755513,2.5971909,3499149.0,60.19406374501987,70.79719837533135,5.0
2023-10-05,288.3232,0.169605016708374,2.377813,3227425.0,,,
2023-10-06,290.34534,0.0280141830444335,2.0821362,3406510.0,,,
2023-10-07,290.29007,0.0008583068847656,1.9968868,3499434.0,,,
2023-10-08,292.26492,0.0008523463038727,2.592761,3519695.0,,,
2023-10-09,294.2764,0.0976920127868652,3.5174897,3524886.0,67.0048857142857,71.84874992622113,5.0
2023-10-10,296.6644,0.528290867805481,2.7526543,3157594.0,,,
2023-10-11,288.78137,0.0008523463038727,5.0067787,3621926.0,,,
2023-10-12,284.6524,0.0008672475814819,2.0064037,3625638.0,,,
2023-10-13,286.12112,0.0008707203087396,2.0890837,3611450.0,,,
2023-10-14,288.3279,0.0008523463038727,2.3456671,3587760.0,62.8168103448276,71.21558486656421,5.0
2023-10-15,292.38235,0.0008583068847656,2.3466318,3544308.0,,,
2023-10-16,294.78882,0.0045001506805419,2.528848,3500220.0,67.6123121387283,71.9372808681937,5.0
2023-10-17,290.49915,0.3279298543930053,3.4687088,843904.0,,,
2023-10-18,285.5543,0.2528056502342224,1.8161168,3285600.0,,,
2023-10-19,288.8132,0.0008702278719283,1.4564842,3627914.0,53.41458333333333,69.62500212520598,4.0
2023-10-20,292.51474,0.0772491618990898,2.1014984,2132960.0,,,
2023-10-21,295.1117,1.4085099697113037,2.474219,1488364.0,,,
2023-10-22,293.3088,1.2328028678894043,2.1059825,1866980.0,,,
2023-10-23,292.323,0.6955749988555908,1.9409236,2619560.0,,,
2023-10-24,288.50632,0.1072138547897338,2.750697,1486926.0,,,
2023-10-25,287.95898,0.1939088106155395,1.706945,1964704.0,,,
2023-10-26,289.50555,0.8337945342063904,1.9620919,3021432.0,,,
2023-10-27,292.1311,0.6189206838607788,1.8538008,3488140.0,,,
2023-10-28,293.6479,0.0350922346115112,2.6369503,3724652.0,,,
2023-10-29,298.2432,0.4889518022537231,2.8387253,2396038.0,69.39032258064518,72.19192212846181,5.0
2023-10-30,288.1821,0.1560151576995849,3.637638,3518522.0,,,
2023-10-31,287.00635,0.4132725298404693,2.1933649,926890.0,,,
2023-11-01,281.04684,2.2457540035247803,2.3385017,2462236.0,,,
2023-11-02,283.23752,0.0001704320311546,3.1443737,3879798.0,,,
2023-11-03,285.6531,0.0008706265361979,2.2373421,3855402.0,60.63577049180328,70.86892176244733,5.0
2023-11-04,289.3818,0.0008612653473392,2.573408,3831528.0,,,
2023-11-05,290.3276,0.0008726499509066,2.488313,3844840.0,47.94339160839159,68.5649057495016,4.0
2023-11-06,293.55472,0.1539885997772216,3.220146,3784140.0,,,
2023-11-07,298.22388,0.0008636198472231,2.8428452,3775672.0,,,
2023-11-08,294.7789,0.0008523463038727,3.2685478,3827298.0,67.28562849162012,71.8897668316094,5.0
2023-11-09,292.7407,0.1705884933471679,2.3361232,2714108.0,,,
2023-11-10,293.82788,0.0708803534507751,2.1048267,3815396.0,,,
2023-11-11,296.07773,0.8866041898727417,2.4807043,3111564.0,,,
2023-11-12,291.4869,0.0251382589340209,3.172497,3848086.0,,,
2023-11-13,289.94016,0.0561922788619995,2.3210897,3327038.0,,,
2023-11-14,291.60168,0.7124483585357666,2.0031865,3457966.0,,,
2023-11-15,293.82367,2.748720407485962,1.4042827,3436612.0,,,
2023-11-16,291.6207,0.1337975263595581,2.178786,3766574.0,,,
2023-11-17,295.26584,0.000435113790445,2.6293383,3913864.0,,,
2023-11-18,292.75003,0.0008648072252981,2.7560947,3652562.0,69.85671739130433,72.25763771140114,5.0
2023-11-19,292.58554,0.0004351139068603,2.6111133,3883810.0,,,
2023-11-20,297.3032,5.837857723236084,3.413448,2703648.0,59.89791489361698,70.74881502526367,5.0
2023-11-21,297.46625,2.628028392791748,1.6965904,3278070.0,,,
2023-11-22,291.97903,0.0008583068847656,2.5982885,3658950.0,,,
2023-11-23,292.7074,0.1572072356939315,1.8857495,2928970.0,,,
2023-11-24,293.3773,0.0010430812835693,2.1084428,3383348.0,,,
2023-11-25,293.9638,0.3082633316516876,2.4002125,3830346.0,89.82285714285715,74.72380526745434,5.0
2023-11-26,295.16287,0.6722509860992432,2.0336492,3511212.0,,,
2023-11-27,295.56277,0.136449933052063,2.2275374,3642180.0,,,
2023-11-28,297.4891,3.957256317138672,2.320734,1429568.0,70.50982160555003,72.34892725409183,5.0
2023-11-29,293.9159,1.084953546524048,1.7095872,2064980.0,,,
2023-11-30,292.08926,1.868515968322754,1.4982961,2971764.0,,,
2023-12-01,295.67685,0.0021755695343017,1.860519,3824962.0,,,
2023-12-02,295.84995,0.2644658088684082,1.6743759,1096764.0,,,
2023-12-03,288.76346,0.2541318535804748,3.620896,2294832.0,,,
2023-12-04,285.8942,0.4135072231292724,2.0278003,1446200.0,,,
2023-12-05,287.04626,0.2805888652801513,1.2546662,1855580.0,,,
2023-12-06,291.3257,0.0041574239730834,1.5474863,3937292.0,,,
2023-12-07,293.63367,0.0062435865402221,1.8416805,3871028.0,,,
2023-12-08,293.2513,0.4071146249771118,2.563113,1771296.0,69.60081433224755,72.22163518366388,5.0
2023-12-09,292.1141,0.000859796826262,2.204043,4038700.0,,,
2023-12-10,293.71094,0.0008597968844696,1.7913891,3905380.0,80.86235955056176,73.69286224031433,5.0
2023-12-11,294.33078,0.1526773124933242,3.4347038,3136000.0,,,
2023-12-12,297.1068,0.9061992168426514,2.6903775,2103448.0,,,
2023-12-13,297.05246,0.7131248712539673,1.8292923,2514564.0,,,
2023-12-14,296.2702,0.5021244287490845,2.484097,2631668.0,,,
2023-12-15,297.3671,0.5981773138046265,2.0866845,3079424.0,,,
2023-12-16,299.60016,1.649707555770874,3.525365,3682464.0,,,
2023-12-17,299.39502,1.3361871242523191,2.3475616,2109976.0,,,
2023-12-18,290.89053,0.5152523517608643,3.8177338,594272.0,,,
2023-12-19,285.56198,0.4170387983322143,2.8364086,1845592.0,,,
2023-12-20,288.20724,0.1021325588226318,1.3292583,2561780.0,,,
2023-12-21,292.5179,0.0905245542526245,1.5836462,2454472.0,,,
2023-12-22,294.1492,0.0732353702187538,1.4710575,3151856.0,,,
2023-12-23,295.9583,0.6590336561203003,1.4965302,3006204.0,75.42627027027027,73.01015669503371,5.0
2023-12-24,296.2287,1.0319576263427734,1.3977293,3702108.0,,,
2023-12-25,296.57962,0.0008672475814819,2.60909,3910932.0,54.52750000000003,69.82729763494157,4.0
2023-12-26,295.98706,0.0052303075790405,1.9718529,3192724.0,,,
2023-12-27,296.6911,0.3351569175720215,3.1277153,3425636.0,,,
2023-12-28,299.00885,0.028163194656372,2.1839702,3811576.0,68.0848484848485,72.00560359907153,5.0
2023-12-29,298.60727,0.0061988830566406,2.217723,3863908.0,,,
2023-12-30,294.75955,0.648990273475647,2.4916036,1928304.0,,,
2023-12-31,294.1547,0.8140355348587036,2.8840587,2930948.0,,,
2024-01-01,294.80054,1.1666417121887207,1.2118096,3375880.0,,,
2024-01-02,296.3513,1.0562241077423096,1.3805342,3679220.0,133.5924810126582,78.61792894059609,5.0
2024-01-03,296.50607,0.6143152713775635,1.3794457,3542008.0,,,
2024-01-04,297.39157,0.0105947256088256,1.4945621,3564892.0,55.19082781456953,69.94591637939706,4.0
2024-01-05,298.18393,0.4189014434814453,2.18488,3416350.0,,,
2024-01-06,297.78506,8.695099830627441,2.4402883,1364776.0,,,
2024-01-07,293.9877,0.6184576749801636,1.3456458,2403972.0,,,
2024-01-08,294.2046,0.2669692039489746,1.4854912,1588700.0,,,
2024-01-09,293.7128,0.3584921360015869,1.1017166,2600904.0,,,
2024-01-10,294.61227,1.031853199005127,1.5688481,2505400.0,,,
2024-01-11,293.59738,0.5122125148773193,2.074828,2451180.0,,,
2024-01-12,293.44342,0.468321144580841,1.9588509,2594898.0,,,
2024-01-13,295.74228,1.694798469543457,2.720136,3168636.0,,,
2024-01-14,295.68552,0.0306516885757446,2.3665736,3038044.0,,,
2024-01-15,295.43298,5.5289716720581055,2.2551365,2281788.0,,,
2024-01-16,293.86252,0.0005885958671569,3.2078598,4042440.0,,,
2024-01-17,293.2207,0.0004544854164123,2.1157143,3934136.0,60.02314159292036,70.76930307636471,5.0
2024-01-18,294.56442,0.1119971275329589,1.4618298,3480142.0,,,
2024-01-19,295.95642,0.0441372394561767,1.805338,3377898.0,42.64675324675324,67.41645073759284,4.0
2024-01-20,295.08182,0.0877827405929565,1.8160986,3695742.0,,,
2024-01-21,293.74893,0.0008761882781982,1.6492981,3782982.0,,,
2024-01-22,294.27414,0.0008583068847656,1.5905069,4027710.0,59.00077669902915,70.60077146653416,5.0
2024-01-23,293.87305,0.0001490116119384,1.8034395,3925404.0,,,
2024-01-24,295.06116,0.0008523463038727,1.766208,3931296.0,47.58941463414633,68.49220758128776,4.0
2024-01-25,296.15372,0.0,2.331565,3942388.0,,,
2024-01-26,295.71997,0.0,2.5362127,3935692.0,,,
2024-01-27,295.79248,0.000435113790445,2.1057677,3825252.0,62.13342245989305,71.1082765111026,5.0
2024-01-28,296.40213,0.0880956649780273,2.1177008,3613178.0,,,
2024-01-29,298.02307,0.0984072685241699,1.5871729,3619518.0,46.49759493670885,68.2645197826466,4.0
2024-01-30,299.8394,0.1877650469541549,1.7813689,3667380.0,,,
2024-01-31,299.34766,0.0008672475814819,1.7646557,3708298.0,,,
2024-02-01,300.1661,0.0008597968844696,2.3265865,3895574.0,54.01005535055351,69.73376004875674,4.0
2024-02-02,299.70425,0.4829615354537964,2.2505457,3554374.0,,,
2024-02-03,300.94806,0.7132440805435181,1.8275334,2931430.0,50.52099999999997,69.07863698690204,4.0
2024-02-04,297.82217,3.001302480697632,2.210267,3148856.0,,,
2024-02-05,298.04517,5.374163627624512,2.261885,3439490.0,,,
2024-02-06,299.25504,0.9755343198776244,2.2269819,3292710.0,,,
2024-02-07,300.56067,4.5076904296875,2.1550224,3194456.0,,,
2024-02-08,299.58014,7.794484615325928,2.0203702,2373680.0,,,
2024-02-09,294.7606,0.1482665538787841,1.308647,2983506.0,,,
2024-02-10,295.34933,0.4815161228179931,1.1664062,3365114.0,,,
2024-02-11,296.6698,3.76678991317749,1.7878662,1327492.0,,,
2024-02-12,295.27957,0.2480689436197281,2.4891152,3530794.0,,,
2024-02-13,290.56265,0.0008616452687419,2.6492476,3830386.0,,,
2024-02-14,290.6642,0.0008597968844696,1.6455215,3814764.0,,,
2024-02-15,292.51254,0.0,1.9504051,3776012.0,,,
2024-02-16,294.4514,0.0077039003372192,1.9208039,3702250.0,128.33852348993295,78.22432729316554,5.0
2024-02-17,294.83444,0.1928508281707763,1.7931105,1943120.0,,,
2024-02-18,294.6567,0.0008665269706398,1.3971993,3724864.0,,,
2024-02-19,294.2936,0.0054291235283017,1.5907732,3482802.0,,,
2024-02-20,295.25613,0.0036358833312988,1.4636726,2833466.0,,,
2024-02-21,296.28207,3.228622436523437,1.4733715,3371118.0,,,
2024-02-22,296.87537,5.55427360534668,1.9806353,2524840.0,,,
2024-02-23,290.80423,0.2935081720352173,3.0901642,2380030.0,,,
2024-02-24,291.1477,1.3778507709503174,1.7194614,672902.0,,,
2024-02-25,290.6902,0.5348106026649475,1.6776069,2056898.0,,,
2024-02-26,293.04678,0.3828927874565124,1.2081962,2482068.0,,,
2024-02-27,295.20584,1.1726170778274536,1.2473835,2824498.0,,,
2024-02-28,295.34525,0.703960657119751,1.2660568,2486314.0,,,
2024-02-29,295.1215,1.1259801387786863,1.2654451,2529930.0,,,
2024-03-01,295.8425,1.957863569259644,1.7900132,2232358.0,,,
2024-03-02,296.39474,0.3774911165237427,1.5912914,2831238.0,,,
2024-03-03,291.92508,0.0054985284805297,2.8932865,2250878.0,,,
2024-03-04,290.9338,0.1385450363159179,1.1953764,2985783.0,,,
2024-03-05,292.22696,0.0270605105906724,1.4274158,2955408.0,,,
2024-03-06,291.6826,0.1430809497833252,2.6076787,1848842.0,,,
2024-03-07,293.42856,0.0878721475601196,2.4322758,2882298.0,,,
2024-03-08,296.97086,0.2768337726593017,2.374053,2003161.5,,,
2024-03-09,295.66516,0.6524175405502319,1.5828977,1874309.0,,,
2024-03-10,294.70712,0.2608299255371094,1.8530408,2605568.5,,,
2024-03-11,297.88486,2.36368179321289,2.4061127,3304669.0,,,
2024-03-12,300.51163,0.8455142378807068,2.6754086,2287119.0,57.40936842105265,70.33253560362624,5.0
2024-03-13,297.69324,1.6217827796936035,1.8072714,2296725.25,,,
2024-03-14,296.23917,1.0688302516937256,1.3259655,1124243.5,,,
2024-03-15,293.983,0.8075237274169922,1.4553776,2379561.0,,,
2024-03-16,294.47427,0.7108784914016724,1.3837843,1797068.0,,,
2024-03-17,294.01248,0.2250075340270996,2.0120075,2264119.0,,,
2024-03-18,295.88394,0.5043410062789917,1.3300053,2371017.5,,,
2024-03-19,296.7678,1.2003183364868164,1.4188169,2757776.0,,,
2024-03-20,298.48972,1.962620735168457,2.5377305,3000518.0,,,
2024-03-21,289.86154,0.0008616343839094,3.4033935,3258078.0,,,
2024-03-22,289.37857,0.0008523463038727,1.6586546,3234708.0,67.75650943396226,71.9581804517883,5.0
2024-03-23,290.69064,0.0008523463038727,2.6545515,3158474.0,,,
2024-03-24,292.4456,0.2150386571884155,1.592947,2642904.0,63.63318181818175,71.34225494836087,5.0
2024-03-25,293.89938,0.3254413604736328,1.4840814,2240602.0,,,
2024-03-26,294.0189,1.6219019889831543,1.7910751,2811024.0,,,
2024-03-27,294.51227,2.341881275177002,0.9413748,2877202.0,,,
2024-03-28,293.7607,0.0,1.3108686,3034702.0,,,
2024-03-29,294.7753,0.0151991825550794,2.1018536,2740614.0,45.24414634146339,67.9964390647427,4.0
2024-03-30,296.25803,0.1223757863044738,1.9450213,2506324.0,,,
2024-03-31,292.6703,0.3682076930999756,1.9882717,1076000.0,,,
2024-04-01,288.54703,0.0034831464290618,2.1945846,2998426.0,,,
2024-04-02,288.8579,0.6307363510131836,1.9291229,1775980.0,,,
2024-04-03,291.24023,0.0650882720947265,2.189477,2992622.0,,,
2024-04-04,289.51492,0.0008642674074508,1.7286663,2561750.0,,,
2024-04-05,290.84927,3.800436973571777,1.4181653,475114.0,,,
2024-04-06,290.1545,0.0505466014146804,1.0382069,2949254.0,,,
2024-04-07,289.26855,0.0008702263585291,1.3709666,2981496.0,,,
2024-04-08,289.90817,0.2745985984802246,1.7983289,2591716.0,47.52819277108437,68.47957928720092,4.0
2024-04-09,289.76746,0.5702972412109375,2.1689107,853822.0,,,
2024-04-10,286.95398,0.3464296460151672,2.6133387,1045262.0,,,
2024-04-11,282.19522,0.2681333422660827,1.7420006,291242.0,,,
2024-04-12,283.23264,0.3414929509162903,1.5911899,559672.0,,,
2024-04-13,284.63217,0.5922316312789917,2.5098364,897514.0,,,
2024-04-14,287.24463,1.81428337097168,1.482441,2310056.0,,,
2024-04-15,288.12683,0.0090450048446655,1.5244551,2806226.0,,,
2024-04-16,288.31015,0.000426173210144,1.4784073,2828884.0,27.303846153846088,63.04194053060403,4.0
2024-04-17,288.72733,0.0,2.5249188,2782464.0,,,
2024-04-18,289.55502,0.0008523463038727,2.3752675,2777630.0,23.429428571428563,61.540669990596655,4.0
2024-04-19,290.85104,0.0,3.0950508,2705494.0,,,
2024-04-20,290.506,0.1025795936584472,1.7260557,1941940.0,,,
2024-04-21,291.21262,0.1156330108642578,1.2928785,2189198.0,,,
2024-04-22,291.98047,0.6723791360855103,1.1493953,1352470.0,,,
2024-04-23,288.48788,0.3310889005661011,1.7681776,696818.0,,,
2024-04-24,284.53253,0.0271499156951904,0.94300026,1762252.0,,,
2024-04-25,288.02347,0.1139789819717407,1.6308527,2309708.0,,,
2024-04-26,290.227,0.5841590166091919,1.2776861,1578930.0,,,
2024-04-27,286.8184,0.0020787119865417,2.227355,2506214.0,,,
2024-04-28,285.7859,0.0008583068847656,1.9083128,2506144.0,18.711818181818185,59.33501361633661,4.0
2024-04-29,287.94952,0.0076889991760253,2.138098,2511936.0,,,
2024-04-30,291.02304,0.5716681480407715,2.02338,912182.0,,,
2024-05-01,285.9379,0.3111585974693298,2.1941247,1782460.0,,,
2024-05-02,282.7443,0.0032782554626464,2.2901227,1679406.0,,,
2024-05-03,282.6271,0.0008523463038727,1.2841622,2518904.0,,,
2024-05-04,284.7238,0.0008702276973053,2.2548773,2501868.0,,,
2024-05-05,288.13657,0.0741034746170044,2.0486066,1837862.0,,,
2024-05-06,286.5701,0.0514835119247436,1.3222437,2249008.0,,,
2024-05-07,287.5,0.5625933408737183,0.9714677,2506976.0,,,
2024-05-08,286.05435,0.0008702045306563,2.560695,2365008.0,18.468999999999976,59.20687871526792,4.0
2024-05-09,282.46396,0.0008583068847656,2.2111948,2442420.0,,,
2024-05-10,282.6974,0.0001490116119384,1.6502906,2365152.0,,,
2024-05-11,282.43982,0.309675931930542,1.4770344,1191964.0,45.74921348314605,68.10534282549509,4.0
2024-05-12,280.7154,0.119844451546669,1.8686409,1605688.0,,,
2024-05-13,278.7258,0.0229459255933761,2.1721032,2164796.0,,,
2024-05-14,279.566,0.0008583068847656,1.2608093,2313536.0,,,
2024-05-15,279.22702,0.0008742006029933,2.3652804,2084432.0,,,
2024-05-16,280.2631,0.371485948562622,1.4511375,1746560.0,,,
2024-05-17,281.46555,0.1921579241752624,1.2832148,1894368.0,,,
2024-05-18,280.4103,0.0015973928384482,1.1312404,2323092.0,28.85622222222222,63.584414573983686,4.0
2024-05-19,280.50565,0.0,1.499949,2182500.0,,,
2024-05-20,282.1058,0.0008523463038727,3.233517,1828316.0,,,
2024-05-21,282.02515,0.0501275062561035,1.742108,1486560.0,,,
2024-05-22,281.69766,0.5751550197601318,1.1290358,549708.0,,,
2024-05-23,281.54257,0.145393431186676,1.7755123,1280068.0,,,
2024-05-24,278.3342,0.2189353108406067,1.7683506,1529992.0,,,
2024-05-25,277.74503,0.0258982181549072,1.5648347,1275688.0,,,
2024-05-26,275.38144,0.0380873680114746,1.256815,2048512.0,,,
2024-05-27,278.45627,0.0,0.8864114,2210744.0,,,
2024-05-28,278.555,0.0008583068847656,1.7912092,2142000.0,18.130422535211235,59.0253709507678,4.0
2024-05-29,281.83127,0.0008597968844696,2.5286562,2186312.0,,,
2024-05-30,282.49988,0.0,1.7588195,2171352.0,,,
2024-05-31,282.2357,0.0008583068847656,1.9915756,2176652.0,26.482000000000028,62.74212417036133,4.0
2024-06-01,284.84787,0.0373125076293945,2.1075866,1642152.0,,,
2024-06-02,282.30136,0.0008672475814819,2.6567848,2059404.0,,,
2024-06-03,279.00046,0.0,1.6302115,2014980.0,,,
2024-06-04,280.68723,0.0,2.1067982,2096930.0,,,
2024-06-05,283.7921,0.0008523463038727,1.9287678,2023506.0,,,
2024-06-06,286.92398,0.0010430812835693,1.9456735,1982880.0,,,
2024-06-07,288.0663,0.0,1.8833709,1759762.0,,,
2024-06-08,289.35315,0.0,2.1745086,2054412.0,,,
2024-06-09,289.3262,0.0008523463038727,2.4536288,2083804.0,,,
2024-06-10,285.29916,0.0008702276973053,1.5430651,2033352.0,39.14021739130431,66.57474656343511,4.0
2024-06-11,286.04895,0.0008523463038727,1.7271551,1946004.0,,,
2024-06-12,288.73373,0.0211894512176513,2.6046963,2033400.0,,,
2024-06-13,292.3102,0.2628713846206665,3.0475042,1131952.0,,,
2024-06-14,287.3611,0.0349525362253189,3.0057843,1898964.0,,,
2024-06-15,284.2463,0.0008583068847656,1.64827,1927172.0,,,
2024-06-16,284.6074,0.000435113790445,1.391715,1991128.0,,,
2024-06-17,283.53128,0.0008523463038727,1.8709707,2085708.0,22.33241071428571,61.070242772160725,4.0
2024-06-18,285.54724,0.3229379653930664,2.2891693,1233964.0,,,
2024-06-19,282.40555,0.0032931566238403,1.9959378,1733998.0,,,
2024-06-20,282.23923,0.0034850090742111,1.7075793,1815174.0,,,
2024-06-21,286.595,0.1486539840698242,2.100576,1316800.0,,,
2024-06-22,285.09695,0.8782073855400085,1.3487588,1087840.0,,,
2024-06-23,280.78995,0.0263452529907226,2.5074244,895572.0,,,
2024-06-24,278.11145,0.134393572807312,1.4880089,754952.0,,,
2024-06-25,277.50607,0.0008522765710949,1.2359186,2106400.0,,,
2024-06-26,278.75024,0.0,1.8871852,2113654.0,,,
2024-06-27,285.4988,0.000861287175212,3.5675724,2075372.0,,,
2024-06-28,282.20285,0.0008583068847656,2.4638834,2114780.0,,,
2024-06-29,279.88223,0.0008583068847656,1.3231181,2125002.0,,,
2024-06-30,280.81192,0.0008523463038727,2.5180297,2127972.0,32.64584615384614,64.79488989304087,4.0
2024-07-01,282.92972,0.0,1.7521414,2150304.0,,,
2024-07-02,283.4634,0.0,1.7548691,2101736.0,16.65092436974789,58.19028883668807,4.0
2024-07-03,281.97574,0.0008583068847656,2.0138626,2105156.0,,,
2024-07-04,280.36435,0.0008513141074217,1.5814558,1997292.0,,,
2024-07-05,279.32016,0.0008622420136816,1.2226105,2121376.0,,,
2024-07-06,278.38126,0.0,1.729725,2146204.0,,,
2024-07-07,276.8301,0.0,1.4223205,2147028.0,35.766904761904755,65.69059580510452,4.0
2024-07-08,276.3848,0.0008583068847656,1.1377646,1969108.0,,,
2024-07-09,275.53583,0.0003110617399215,1.3905624,2176816.0,,,
2024-07-10,275.89276,0.0008523463038727,1.067057,2180148.0,,,
2024-07-11,275.82196,0.0008583068847656,1.6376816,2181944.0,,,
2024-07-12,276.93997,0.0,1.5433588,2220314.0,30.75060747663551,64.20817464156626,4.0
2024-07-13,276.6841,0.0008583068847656,1.6401962,2267372.0,,,
2024-07-14,276.50705,0.000426173210144,1.6224192,2280020.0,,,
2024-07-15,277.62305,0.0030025839805603,2.2665837,2141900.0,21.91645348837209,60.885801401202194,4.0
2024-07-16,281.20404,0.0,1.9882418,2262262.0,,,
2024-07-17,281.27994,0.0008523463038727,2.28726,2223574.0,24.936345177664947,62.152161835993965,4.0
2024-07-18,284.19855,0.2398193180561065,2.3791842,1271660.0,,,
2024-07-19,282.07156,0.2363324165344238,2.4519675,1199260.0,,,
2024-07-20,279.92828,0.1414477527141571,1.4176426,645924.0,,,
2024-07-21,280.10568,0.0296588987112045,1.1528764,2228882.0,,,
2024-07-22,283.00076,0.0105947256088256,1.3117603,1869346.0,27.450604395604373,63.09452810238359,4.0
2024-07-23,284.56006,0.0085122883319854,2.7214768,2267828.0,,,
2024-07-24,286.4779,0.0008583070593886,2.0987206,2340470.0,,,
2024-07-25,285.12546,0.0,2.3916388,2298276.0,22.746616541353344,61.25052499072822,4.0
2024-07-26,285.1226,0.0,1.9262828,2319300.0,,,
2024-07-27,284.37173,0.0008583068847656,1.5590901,2167382.0,35.673382352941154,65.6649112679035,4.0
2024-07-28,281.75986,0.0008612899109721,1.9938179,2330890.0,,,
2024-07-29,280.8817,0.0008583068847656,1.8222438,2362048.0,,,
2024-07-30,281.3739,0.0008523463038727,2.9350398,2347826.0,,,
2024-07-31,284.62073,0.0008601675508543,2.8429577,2073142.0,,,
2024-08-01,288.77246,0.1764893531799316,2.8667886,2358730.0,,,
2024-08-02,293.58127,0.5776882171630859,3.3780575,2401394.0,,,
2024-08-03,288.39478,0.2285689115524292,3.0495949,2417742.0,,,
2024-08-04,283.97995,0.0,1.4809055,2449764.0,83.66118518518516,74.0266640508306,5.0
2024-08-05,284.20377,0.0,1.7435856,2407524.0,,,
2024-08-06,284.0533,0.0032782554626464,2.3370683,2450826.0,,,
2024-08-07,280.72794,0.0,2.083594,2540850.0,,,
2024-08-08,278.68777,0.0,2.1027994,2645022.0,,,
2024-08-09,278.85797,0.0,1.2742538,2651374.0,20.43245033112583,60.19798977078125,4.0
2024-08-10,281.84912,0.0008583068847656,2.5255685,2584234.0,,,
2024-08-11,283.5912,0.0008583068847656,1.9967599,2593436.0,,,
2024-08-12,283.70834,0.0,1.7626581,2623490.0,,,
2024-08-13,284.38904,0.0,3.317711,2643660.0,,,
2024-08-14,286.1902,0.0,2.2088764,2632214.0,30.540085836909853,64.14078348327284,4.0
2024-08-15,286.69205,0.0008583068847656,1.7079172,2486896.0,,,
2024-08-16,287.6204,0.0518560409545898,1.5424185,2569548.0,,,
2024-08-17,285.30685,0.011146068572998,1.4230636,2540488.0,,,
2024-08-18,285.2266,0.0448971986770629,1.3606672,1733488.0,,,
2024-08-19,282.09225,0.3246963024139404,2.1265833,692788.0,,,
2024-08-20,280.5146,0.1623628139495849,1.8638436,1750320.0,,,
2024-08-21,281.53607,0.0779628753662109,1.4117883,2579998.0,,,
2024-08-22,280.52542,0.2776384353637695,1.6582226,2139946.0,,,
2024-08-23,278.85748,0.340580940246582,1.138153,2455896.0,,,
2024-08-24,278.88913,0.0011622905731201,1.2785515,2837524.0,20.663035714285744,60.308078082929825,4.0
2024-08-25,279.9014,0.0,1.7869959,2810218.0,,,
2024-08-26,281.67813,0.0,2.8616588,2858906.0,25.349728260869544,62.313454182881514,4.0
2024-08-27,282.93835,0.0008583068847656,2.0312436,2674042.0,,,
2024-08-28,283.48035,0.0008523463038727,1.9772738,2837834.0,,,
2024-08-29,284.09964,0.6968080997467041,1.9730835,1351278.0,,,
2024-08-30,283.35812,0.2621859014034271,2.2695448,1925522.0,,,
2024-08-31,282.55533,0.0008523463038727,1.790418,2931422.0,,,
2024-09-01,283.23654,0.0008583068847656,1.7418251,2986874.0,,,
2024-09-02,289.1388,0.0007227063179016,3.4292831,2979596.0,,,
2024-09-03,286.46533,0.000435113790445,3.2984152,3026030.0,39.55736462093863,66.67874601410907,4.0
2024-09-04,286.2025,0.0,1.4594539,3031616.0,,,
2024-09-05,286.83218,0.0,2.9120624,3035142.0,40.05958333333336,66.80250938465261,4.0
2024-09-06,289.2672,0.0,2.487338,3003754.0,,,
2024-09-07,288.19473,0.0008523463038727,1.7420444,2985162.0,,,
2024-09-08,289.4691,0.0008523463038727,1.6764297,3010284.0,38.13727272727274,66.32009441003223,4.0
2024-09-09,291.22,0.1066923141479492,1.2192729,3004424.0,,,
2024-09-10,292.77628,0.5655661225318909,2.5397139,1782930.0,,,
2024-09-11,286.6193,0.0004351139068603,3.2020378,3118230.0,,,
2024-09-12,286.07977,0.118151307106018,1.723838,2917094.0,,,
2024-09-13,286.95645,0.000435113790445,1.7861382,3182144.0,,,
2024-09-14,286.58304,0.0358551740646362,2.099068,3167572.0,,,
2024-09-15,287.49414,0.000426173210144,2.2092884,3216940.0,41.28020161290322,67.09695728096186,4.0
2024-09-16,289.00436,0.5103200674057007,2.6604388,3077854.0,,,
2024-09-17,290.13107,0.0008583068847656,3.025493,3177260.0,,,
2024-09-18,292.42838,0.0705420970916748,2.6659176,3173610.0,61.79592920353985,71.05484579456984,5.0
2024-09-19,296.10495,0.0,3.6031113,3293414.0,,,
2024-09-20,290.7434,0.0053644180297851,2.088212,2949648.0,51.24945454545453,69.21907580422379,4.0
2024-09-21,292.89957,0.0134289264678955,2.994768,3221224.0,,,
2024-09-22,295.38846,0.0028982758522033,2.881842,3205840.0,,,
2024-09-23,289.88586,0.0008523463038727,2.1071682,3294867.0,,,
2024-09-24,289.39975,0.1849085092544555,1.946507,3012100.5,,,
2024-09-25,289.29666,0.014081597328186,2.2184143,3363014.0,,,
2024-09-26,286.7417,0.0008662028121761,2.8075647,3402830.0,,,
2024-09-27,288.13806,0.0,2.713786,3379450.0,,,
2024-09-28,292.45294,0.000435113790445,2.4544966,3357733.0,44.16586206896553,67.7598104863936,4.0
2024-09-29,295.374,0.0008583068847656,2.914345,3297829.0,,,
2024-09-30,299.57373,0.0,3.0000246,3437401.0,47.48905405405408,68.47149757890878,4.0
2024-10-01,291.93454,0.0008523463038727,3.1774273,3412290.0,,,
2024-10-02,288.44797,0.0008557988330721,2.1252177,3457176.0,,,
2024-10-03,288.8581,0.000435113790445,1.9896189,3480195.0,59.03932432432433,70.60717864874275,5.0
2024-10-04,290.3652,0.000435113790445,3.0981853,3456738.0,,,
2024-10-05,293.2836,0.0008583068847656,1.9191093,3195197.0,57.09576923076923,70.27880149506993,5.0
2024-10-06,294.76236,2.519667148590088,1.7083689,513865.0,,,
2024-10-07,290.28873,0.4328358769416809,1.568078,1914570.0,,,
2024-10-08,287.84872,0.960901379585266,3.02889,464470.0,,,
2024-10-09,285.58347,0.4086196422576904,2.415516,2930506.0,,,
2024-10-10,288.23114,7.450580596923828e-05,1.1071261,3568012.0,,,
2024-10-11,290.8666,0.0469684600830078,1.953293,2448718.0,,,
2024-10-12,289.92636,2.0502805709838867,2.1634848,2359596.0,,,
2024-10-13,289.70224,5.948990821838379,1.4586767,1662884.0,,,
2024-10-14,290.05298,0.6459951400756836,1.3998858,2038518.0,,,
2024-10-15,291.0409,0.0299811363220214,1.6266631,2823460.0,,,
2024-10-16,291.50342,4.00225830078125,2.5117025,1663496.0,,,
2024-10-17,291.0961,0.029832124710083,2.0203593,3343070.0,,,
2024-10-18,290.84842,0.0008583068847656,1.5117707,3648422.0,63.94036144578315,71.38949731372057,5.0
2024-10-19,291.47263,0.0008772329892963,2.7945557,3622226.0,,,
2024-10-20,293.74976,0.0717043876647949,3.5607116,2772262.0,55.39014354066984,69.98128031889819,4.0
2024-10-21,294.00394,2.327874183654785,1.8934485,1472722.0,,,
2024-10-22,291.7624,4.396617412567139,1.7926773,2079468.0,,,
2024-10-23,292.46838,0.0808387994766235,1.1588721,2676636.0,,,
2024-10-24,290.87347,0.0740468502044677,2.8740768,2993006.0,,,
2024-10-25,288.55374,3.5652192309498787e-06,2.7242517,3825862.0,50.93192307692308,69.15810591312064,4.0
2024-10-26,288.32315,0.0,1.7970661,3717740.0,,,
2024-10-27,290.35648,0.0,2.723849,3756774.0,,,
2024-10-28,292.98035,0.0,2.0663536,3767202.0,63.11285714285713,71.26170941365245,5.0
2024-10-29,294.83328,0.0,2.3594515,3741800.0,,,
2024-10-30,295.61777,3.892868757247925,2.4004405,2398216.0,46.30606936416186,68.22402852514494,4.0
2024-10-31,293.98965,0.2413913607597351,1.1359805,3257960.0,,,
2024-11-01,295.30353,0.6321370601654053,2.1999214,2285162.0,,,
2024-11-02,291.11407,0.0500828027725219,3.5456693,2405044.0,,,
2024-11-03,289.60483,1.3781487941741943,1.9600792,2971652.0,,,
2024-11-04,293.0557,0.0834129750728607,2.0687244,3332022.0,,,
2024-11-05,290.91846,2.0217747688293457,1.8681055,2160108.0,,,
2024-11-06,290.8668,0.1507550477981567,1.3395833,2582046.0,,,
2024-11-07,291.1437,0.1261532306671142,2.1780026,3311480.0,78.62608923884514,73.41774200717,5.0
2024-11-08,291.95242,0.0180304050445556,1.6007237,3308642.0,,,
2024-11-09,293.3555,1.102536916732788,2.8855896,3078554.0,39.98107883817429,66.78326593204821,4.0
2024-11-10,296.2496,2.6903674602508545,2.5326989,3608724.0,,,
2024-11-11,290.13443,0.0,3.1443546,3839576.0,,,
2024-11-12,291.41028,0.0008642674074508,1.6641449,3874264.0,63.65965732087226,71.3463356914238,5.0
2024-11-13,293.88187,0.0005960464477539,1.9662176,3784510.0,,,
2024-11-14,296.32706,0.000435113790445,2.5848489,3885684.0,39.187297297297285,66.58653945473893,4.0
2024-11-15,297.19855,0.4559338092803955,3.6957138,3658328.0,,,
2024-11-16,297.03894,0.4150271415710449,2.3320487,2212314.0,,,
2024-11-17,290.15707,0.2072434872388839,2.9218066,3270060.0,,,
2024-11-18,288.199,1.3494789600372314,2.2219956,2250072.0,,,
2024-11-19,289.48145,0.3326460719108581,1.539498,2949664.0,,,
2024-11-20,290.68948,0.91591477394104,1.7711468,2381132.0,,,
2024-11-21,291.578,0.1124124974012374,1.5944179,3896570.0,,,
2024-11-22,293.74112,0.0023841857910156,1.9133482,3599144.0,61.13121546961322,70.94875197283162,5.0
2024-11-23,294.28494,0.163242220878601,2.2405727,3018462.0,,,
2024-11-24,296.8313,3.622509479522705,2.8304834,2366144.0,,,
2024-11-25,294.7229,3.640517711639404,2.3540483,3199172.0,,,
2024-11-26,295.15198,1.5683472156524658,1.0656878,2670104.0,,,
2024-11-27,294.4893,1.3440773487091064,1.1131694,2597680.0,,,
2024-11-28,293.67868,3.356635570526123,1.4910475,816376.0,,,
2024-11-29,290.60974,0.7588714361190796,2.0144873,1083302.0,,,
2024-11-30,288.88358,0.7757245302200317,1.3049959,3163226.0,,,
2024-12-01,292.63736,0.0005960464477539,2.7796867,3974612.0,,,
2024-12-02,290.42615,0.0005960465059615,1.884786,3842100.0,67.2404326923077,71.88317523435258,5.0
2024-12-03,290.12393,0.0008583070593886,2.0617955,3989920.0,,,
2024-12-04,291.84616,0.0760555267333984,2.8979428,3951988.0,52.53954198473283,69.46296311492485,4.0
2024-12-05,294.62305,1.132659673690796,2.928353,3035452.0,,,
2024-12-06,293.35953,0.0136600248515605,3.0632331,2571962.0,,,
2024-12-07,289.2271,0.2099275588989257,2.8057137,2674536.0,,,
2024-12-08,287.59982,0.0119209289550781,1.7559481,3385774.0,,,
2024-12-09,290.96655,0.0008523463038727,1.532637,4014584.0,,,
2024-12-10,293.45245,0.0,2.3678837,3509890.0,,,
2024-12-11,294.79715,2.664417028427124,2.7189171,3233476.0,,,
2024-12-12,296.67004,4.148870468139648,2.4370546,4044072.0,78.1885283018868,73.36299604025619,5.0
2024-12-13,293.91226,0.0040531163103878,2.8749447,4000924.0,,,
2024-12-14,294.48593,0.173419713973999,1.6246042,3887584.0,74.99080645161285,72.95335580395354,5.0
2024-12-15,295.42737,0.1519769430160522,1.6933193,3865156.0,,,
2024-12-16,294.88998,0.1022666692733764,1.7002782,3547104.0,,,
2024-12-17,294.85672,4.443201065063477,2.4623704,1687028.0,,,
2024-12-18,292.03305,0.0008583068847656,1.3147513,4028508.0,,,
2024-12-19,294.35922,0.1318305730819702,1.7911679,3849624.0,103.69818181818177,76.13296374930289,5.0
2024-12-20,296.0547,2.351179599761963,2.2713075,2113596.0,,,
2024-12-21,290.55093,0.0038431466091424,2.1376667,3832064.0,,,
2024-12-22,292.83548,2.555638551712036,1.5699605,3461696.0,67.2278431372549,71.88133831728547,5.0
2024-12-23,294.96594,0.3502964973449707,2.6434433,3233864.0,,,
2024-12-24,293.60544,0.0,3.0337934,4011800.0,,,
2024-12-25,292.77417,0.0193715095520019,1.8048319,3912408.0,,,
2024-12-26,293.91382,0.1464784145355224,1.3446792,3577800.0,,,
2024-12-27,295.15762,4.607915878295898,1.3830132,3550388.0,66.0756470588235,71.71175048424318,5.0
2024-12-28,294.40033,0.0831782817840576,1.2130795,3826752.0,,,
2024-12-29,295.4612,1.8578022718429563,1.8607559,3718888.0,51.66571428571428,69.29843301398392,4.0
2024-12-30,295.68082,1.8251538276672363,1.5801281,3928440.0,,,
2024-12-31,297.37936,1.7807632684707642,1.9190756,2923872.0,,,
2025-01-01,295.87473,0.7249712944030762,1.1120766,3526560.0,,,
2025-01-02,296.4686,0.8973032832145691,1.2210178,3447716.0,,,
2025-01-03,296.63474,0.0393539667129516,1.0985612,3759320.0,,,
2025-01-04,297.63022,0.0959038734436035,2.0132322,3823836.0,,,
2025-01-05,297.92136,0.3004542589187622,1.9383411,3045256.0,,,
2025-01-06,297.49326,1.3181418180465698,1.8452355,3599624.0,64.44119453924912,71.46603786557242,5.0
2025-01-07,296.4899,1.6077158451080322,1.4991151,3475224.0,,,
2025-01-08,298.10193,1.6076117753982544,1.4745197,2765842.0,,,
2025-01-09,295.31973,2.5427439212799072,1.2828488,3418070.0,,,
2025-01-10,295.35706,0.0085234642028808,1.3552696,3947496.0,,,
2025-01-11,296.24677,0.0155568122863769,1.6685324,3584088.0,62.87437500000005,71.22457052940405,5.0
2025-01-12,297.2599,0.0211745500564575,1.6472368,3722132.0,,,
2025-01-13,297.29346,0.0008523463038727,1.5201565,3833596.0,43.610317460317454,67.63563179892692,4.0
2025-01-14,298.43185,0.000852346420288,1.7758207,3926184.0,,,
2025-01-15,299.46494,0.1135766506195068,1.7246555,3841340.0,,,
2025-01-16,299.04654,1.2908726930618286,1.6210175,3305456.0,50.83218446601943,69.13887642032833,4.0
2025-01-17,297.55417,1.071713924407959,1.5747837,3122084.0,,,
2025-01-18,295.09555,0.9022057056427002,1.5328506,3134080.0,,,
2025-01-19,293.6163,0.0,2.3966706,4028202.0,,,
2025-01-20,293.49628,0.0008597968844696,1.7411842,3954676.0,,,
2025-01-21,295.67813,0.3989636898040771,1.663858,3220944.0,64.54374999999999,71.48163765957264,5.0
2025-01-22,297.23758,0.200631096959114,1.956205,3157016.0,,,
2025-01-23,296.88358,2.0933876037597656,2.5634544,3663550.0,74.87582770270268,72.93830319728792,5.0
2025-01-24,298.1598,2.355262756347656,1.6807305,3135470.0,,,
2025-01-25,296.55032,0.987023115158081,1.4421936,3380404.0,,,
2025-01-26,296.91458,0.2694129943847656,2.2684975,3182418.0,,,
2025-01-27,296.55692,7.061422824859619,1.7881244,2012292.0,,,
2025-01-28,293.5945,0.0581850185990333,1.3775402,2986234.0,,,
2025-01-29,294.93497,0.006452202796936,1.3488687,3828184.0,,,
2025-01-30,296.13272,0.0008523463038727,1.6966578,3880014.0,,,
2025-01-31,296.9602,0.0100135803222656,1.9821125,3786106.0,63.112857142857145,71.26170941365245,5.0
2025-02-01,297.75726,0.0008588509517721,1.7425646,3848792.0,,,
2025-02-02,298.1234,0.0704824924468994,2.481546,3698484.0,44.455911602209945,67.82402486539056,4.0
2025-02-03,299.6831,0.0913739204406738,2.2440977,3350566.0,,,
2025-02-04,297.76315,0.3829598426818847,1.8739386,3070726.0,,,
2025-02-05,296.6985,0.0010859221220016,1.4720026,3908576.0,77.67789883268483,73.29871929886943,5.0
2025-02-06,296.55923,0.4281401634216308,1.5890541,3631254.0,,,
2025-02-07,298.38638,0.0039935111999511,1.7284688,3720450.0,52.66111801242236,69.48563714306533,4.0
2025-02-08,301.2001,0.0008046627044677,2.1358402,3592782.0,,,
2025-02-09,302.7922,0.0008627771749161,2.331339,3787810.0,,,
2025-02-10,302.43262,0.3666728734970093,2.8907118,3454256.0,59.00845394736837,70.60204787187807,5.0
2025-02-11,300.04175,0.8880048990249634,2.230944,2162048.0,,,
2025-02-12,292.34085,0.0388771295547485,2.1537616,3027498.0,,,
2025-02-13,293.08975,0.1733601093292236,1.4915396,2562854.0,,,
2025-02-14,297.22183,5.63475513458252,2.051114,1947626.0,,,
2025-02-15,295.12344,5.846961975097656,1.2857744,2881170.0,,,
2025-02-16,294.94717,0.2185553312301635,1.6273775,3556944.0,,,
2025-02-17,294.81747,0.0143647193908691,1.6597086,3684752.0,76.07188679245286,73.09376875403501,5.0
2025-02-18,293.29678,0.0,2.0825658,3673722.0,,,
2025-02-19,294.92004,0.0008583068847656,2.8443604,3292718.0,,,
2025-02-20,296.40164,0.000435113790445,2.6348898,3087700.0,63.313684210526326,71.2928755781272,5.0
2025-02-21,297.93674,0.0027418136596679,2.080062,3425980.0,,,
2025-02-22,300.14215,0.0008523463038727,2.596847,3520972.0,34.20676258992809,65.25307317208562,4.0
2025-02-23,301.06766,0.0828802585601806,2.5671291,3444986.0,,,
2025-02-24,301.10367,2.7680249214172363,2.2793624,2753340.0,,,
2025-02-25,297.93457,1.6688543558120728,1.5120991,2657522.0,,,
2025-02-26,296.59677,2.161994457244873,0.99527353,2438122.0,,,
2025-02-27,295.69153,1.5148252248764038,1.8917179,2498034.0,,,
2025-02-28,296.31708,1.0713114738464355,1.962143,2025058.0,,,
2025-03-01,295.13284,1.623585820198059,1.4445225,1781404.0,,,
2025-03-02,294.74463,1.4837682247161863,1.8683802,3120910.0,,,
2025-03-03,296.603,0.5389153957366943,2.0223627,3283323.0,,,
2025-03-04,297.80615,0.0765025615692138,2.2879512,3197876.0,,,
2025-03-05,299.25388,0.0836104154586792,2.338229,3303745.0,,,
2025-03-06,299.8141,1.4451146125793457,2.495538,3115082.0,,,
2025-03-07,299.26932,6.882496356964111,2.7830632,2112994.0,52.86415162454872,69.5233866261905,4.0
2025-03-08,292.27075,0.0004276632098481,3.0825756,3082920.5,,,
2025-03-09,288.9757,0.0008523463038727,1.8630962,3289542.5,,,
2025-03-10,290.3295,1.2658237218856812,2.2036924,2733377.5,,,
2025-03-11,291.941,2.9537081718444824,1.4348288,394626.5,,,
2025-03-12,285.35474,0.1179277896881103,2.350065,1287749.5,,,
2025-03-13,285.97458,0.0227760784327983,1.3183303,1930906.75,,,
2025-03-14,287.40417,0.0644624233245849,2.0161479,1899545.0,,,
2025-03-15,289.9675,1.2908936738967896,1.9739116,2847960.0,,,
2025-03-16,292.1884,0.0388324260711669,1.4912896,3109796.5,,,
2025-03-17,293.09793,0.0046789646148681,1.6458645,3321244.0,56.53075000000003,70.18123827870967,5.0
2025-03-18,294.23993,0.0,1.6725721,3309253.0,,,
2025-03-19,295.27023,0.000435113790445,2.634498,3154117.0,57.47345588235294,70.34348063504211,5.0
2025-03-20,294.87036,2.861708402633667,2.6332436,2828510.0,,,
2025-03-21,293.80875,0.1078248023986816,1.2931412,3216662.0,,,
2025-03-22,293.04346,3.3080880641937256,1.4369755,1844882.0,140.45638157894734,79.10943946384008,5.0
2025-03-23,291.676,2.686351537704468,1.4156603,415256.0,,,
2025-03-24,288.04666,1.8631815910339355,1.7247248,1647684.0,,,
2025-03-25,287.1302,1.165913462638855,2.3966367,1510964.0,,,
2025-03-26,290.7314,0.786811113357544,1.5820595,1183770.0,,,
2025-03-27,291.82858,0.4792660474777221,1.0457925,1849448.0,,,
2025-03-28,292.16562,0.2107173502445221,1.201855,1508110.0,,,
2025-03-29,291.571,1.2726484537124634,1.6915442,2622256.0,,,
2025-03-30,294.51254,5.330920219421387,3.0772636,2794696.0,,,
2025-03-31,286.1473,0.000435113790445,3.3393002,3065650.0,,,
2025-04-01,285.53275,0.0004276632098481,1.2961789,3126116.0,,,
2025-04-02,286.63782,0.0161260366439819,1.4445175,3000568.0,,,
2025-04-03,288.01144,0.0176578760147094,2.208083,1012636.0,91.73071428571428,74.92998978258987,5.0
2025-04-04,282.11102,0.0008685360080562,2.1010776,3023528.0,,,
2025-04-05,282.49146,0.0176727771759033,1.6978878,2756378.0,,,
2025-04-06,283.7092,0.104561448097229,1.3595594,2500454.0,,,
2025-04-07,285.8966,0.308295726776123,1.9181204,2560870.0,,,
2025-04-08,286.2836,0.0488869845867157,2.2512896,2672576.0,50.09926315789472,68.99640180844861,4.0
2025-04-09,287.44168,0.1583695411682129,1.5048555,2564322.0,,,
2025-04-10,288.07938,0.060349702835083,1.5610509,1490232.0,,,
2025-04-11,288.9628,4.219442367553711,1.7769672,2087930.0,,,
2025-04-12,288.38467,0.0556707419455051,1.5184349,2011734.0,,,
2025-04-13,287.95297,0.0126361846923828,1.466355,2385586.0,,,
2025-04-14,287.8085,1.2729912996292114,2.0949738,2248640.0,,,
2025-04-15,288.78052,0.0620484352111816,1.2316625,2030456.0,,,
2025-04-16,290.2417,0.0388026237487793,1.841966,2225682.0,,,
2025-04-17,291.38907,0.848233699798584,1.6646395,912210.0,,,
2025-04-18,289.0845,0.2546310424804687,1.8351501,998312.0,,,
2025-04-19,284.96783,0.1692362129688263,1.3564081,1144658.0,,,
2025-04-20,285.10648,0.0008523463038727,1.459421,2737368.0,,,
2025-04-21,286.6188,0.0008523463620804,2.0078132,2653612.0,,,
2025-04-22,288.25015,0.2614259719848633,2.0378902,2210144.0,,,
2025-04-23,289.43594,0.4947781562805176,1.4772886,1393626.0,,,
2025-04-24,290.1344,0.0099465250968933,1.1834658,2293242.0,,,
2025-04-25,290.52414,0.3832727670669555,2.1340368,1811354.0,,,
2025-04-26,286.83347,0.2034604400396347,2.712664,2530682.0,,,
2025-04-27,287.52664,0.0008672475814819,1.2029411,2608018.0,,,
2025-04-28,288.10013,0.0,1.5086093,2614576.0,19.817722772277182,59.89831670945449,4.0
2025-04-29,287.85184,0.0,2.2648954,2537644.0,,,
2025-04-30,288.2991,0.0008597968844696,2.7098238,1935256.0,14.959173553719044,57.139235574665676,4.0
2025-05-01,288.92886,0.0050693745724856,2.3532925,2407584.0,,,
2025-05-02,289.3046,0.0132322311401367,1.546341,2310594.0,,,
2025-05-03,290.70615,0.2253204584121704,2.3198538,1752772.0,38.39020833333337,66.38494189479013,4.0
2025-05-04,292.06033,2.450630187988281,1.8576282,799684.0,,,
2025-05-05,289.67853,0.3028884530067444,1.279739,1848180.0,,,
2025-05-06,290.67654,0.3742501139640808,1.2619122,1562180.0,,,
2025-05-07,289.6338,0.218018889427185,1.322135,1520116.0,,,
2025-05-08,289.34787,0.0906884670257568,1.4362621,1825872.0,,,
2025-05-09,288.70975,0.0008583068847656,0.9729557,2392748.0,,,
2025-05-10,289.2637,0.0008583068847656,1.5736309,2349472.0,,,
2025-05-11,288.47488,0.0008571271901018,2.8374474,2323120.0,47.19853658536588,68.4112999269982,4.0
2025-05-12,288.5241,0.0008583068847656,2.7712452,2321406.0,,,
2025-05-13,287.98624,0.009775161743164,2.5154111,1667754.0,,,
2025-05-14,289.0416,0.3248602151870727,1.4721473,1087264.0,,,
2025-05-15,291.8893,0.4919916987419128,2.1102288,997004.0,,,
2025-05-16,292.70706,1.4256871938705444,1.9304487,1960608.0,,,
2025-05-17,293.1038,0.7719844579696655,2.4645789,2056156.0,,,
2025-05-18,285.71927,0.0008596797706559,3.0440037,2244906.0,,,
2025-05-19,283.89578,0.0008523463038727,0.8189923,2225592.0,,,
2025-05-20,283.24936,0.0156611185520887,1.463678,1409584.0,34.495,65.33538912664109,4.0
2025-05-21,283.91937,0.2027451992034912,1.1324956,976028.0,,,
2025-05-22,284.64352,0.0,1.1030453,1930520.0,,,
2025-05-23,285.04404,0.0600442290306091,2.089831,1812164.0,72.66118483412322,72.64376993881817,5.0
2025-05-24,286.88324,0.0106394290924072,1.1759065,1468128.0,,,
2025-05-25,285.11526,0.0150389969348907,1.4355456,2204784.0,,,
2025-05-26,285.93445,0.9053349494934082,1.2527496,1340900.0,,,
2025-05-27,283.07715,0.0,3.4155233,2227128.0,,,
2025-05-28,278.7372,0.0,1.9167566,2193372.0,17.954403669724744,58.929665417574604,4.0
2025-05-29,279.39725,0.0,1.4795799,2218598.0,,,
2025-05-30,281.06137,0.0008583068847656,1.5761437,2192790.0,,,
2025-05-31,281.34952,0.0004276632098481,1.6191831,2045340.0,29.80270270270272,63.901017015221214,4.0
2025-06-01,281.71518,0.0,1.9649477,2047170.0,,,
2025-06-02,282.45584,0.0008583068847656,1.7487577,2077026.0,,,
2025-06-03,284.03857,0.0008583068847656,1.7399526,2097040.0,,,
2025-06-04,284.09232,0.0,2.0685742,2132580.0,,,
2025-06-05,284.519,0.0,1.7640108,2092704.0,19.804499999999997,59.89176910097729,4.0
2025-06-06,283.62997,0.1400113105773925,1.9111522,1407560.0,,,
2025-06-07,283.3519,0.0181794166564941,1.3744472,2037284.0,,,
2025-06-08,283.15347,0.0008523463038727,1.2033185,2120048.0,,,
2025-06-09,283.00504,0.0008523463038727,1.6409975,2113452.0,17.693548387096822,58.78609273800769,4.0
2025-06-10,282.4302,0.0,2.2085302,2128820.0,,,
2025-06-11,282.18674,0.0008583068847656,2.8668206,2052704.0,,,
2025-06-12,281.81656,0.0056654214859008,2.936613,1704368.0,24.19257142857145,61.855107534922254,4.0
2025-06-13,282.94946,0.1370012760162353,1.5617867,2081476.0,,,
2025-06-14,282.3877,0.0008687342051416,2.316674,2074876.0,,,
2025-06-15,281.68677,0.0008519566035829,2.644107,2055704.0,,,
2025-06-16,283.92474,0.0001490116119384,2.222514,2081120.0,,,
2025-06-17,281.67538,0.0008583068847656,2.2018955,1992560.0,32.80211267605633,64.84173558611931,4.0
2025-06-18,280.9442,0.0,1.7491318,2109792.0,,,
2025-06-19,280.7743,0.0004271386424079,1.6771773,2150792.0,,,
2025-06-20,281.8126,0.0008583069429732,1.9769369,2108700.0,22.583783783783787,61.18004706814461,4.0
2025-06-21,281.2624,0.2761036157608032,1.7466364,2017896.0,,,
2025-06-22,282.17548,0.0106096267700195,2.4481337,2195548.0,,,
2025-06-23,277.55875,0.0008628220530226,2.1943076,2106500.0,,,
2025-06-24,279.55658,0.0008597968844696,2.566639,2086280.0,,,
2025-06-25,280.16235,0.0,3.2650948,2114532.0,51.55738170347,69.27784182725738,4.0
2025-06-26,279.81396,0.0,1.735921,2117480.0,,,
2025-06-27,278.9647,0.0021758112125098,1.8861803,1962316.0,32.9887969924812,64.8974082639576,4.0
2025-06-28,279.0041,0.0852793455123901,2.1084468,1099728.0,,,
2025-06-29,274.6374,0.0196993350982666,2.9353073,1874812.0,,,
2025-06-30,274.55618,5.401670932769776e-05,1.1405264,2094088.0,83.16456375838925,73.96825735259574,5.0
2025-07-01,274.1801,0.0008523463038727,2.21774,2108708.0,,,
2025-07-02,276.5271,0.0004276632098481,2.2912982,2138652.0,23.125202702702712,61.41245510953587,4.0
2025-07-03,279.70755,0.000426173210144,2.8319862,2122440.0,,,
2025-07-04,281.85245,0.000435113790445,2.144253,2084748.0,,,
2025-07-05,281.42944,0.162661075592041,1.6090732,966444.0,,,
2025-07-06,283.8914,0.0845342874526977,1.8375582,1586894.0,,,
2025-07-07,284.89542,0.0046156346797943,1.658238,2014340.0,46.35096938775509,68.23353604387984,4.0
2025-07-08,285.52005,0.1917807906866073,2.1582296,1515366.0,,,
2025-07-09,287.85153,1.1103302240371704,1.7465404,208038.0,,,
2025-07-10,284.47083,0.7435176372528076,1.1824411,1122952.0,,,
2025-07-11,282.9658,0.1845061779022216,0.9693524,1068028.0,,,
2025-07-12,283.67664,0.0068843364715576,2.0502415,2080372.0,,,
2025-07-13,284.07486,0.0263899564743042,1.7175125,1606282.0,,,
2025-07-14,284.69238,0.0008583070011809,2.6631224,1840168.0,,,
2025-07-15,288.73712,0.4981234669685364,2.49918,2231914.0,,,
2025-07-16,283.48203,0.0008523463038727,3.792112,2303042.0,,,
2025-07-17,280.2449,0.0008696636650711,1.6309195,2272346.0,17.902424242424225,58.90122349626148,4.0
2025-07-18,282.7851,0.0008583068847656,2.4706993,2278944.0,,,
2025-07-19,284.57388,0.000426173210144,2.462165,2261178.0,14.320425531914909,56.71114826343707,4.0
2025-07-20,284.64133,0.0,1.799518,2212766.0,23.25725609756099,61.468314472633615,4.0
2025-07-21,284.7301,0.1135617494583129,1.4470295,1488168.0,,,
2025-07-22,283.0831,0.2714693546295166,1.6461049,322304.0,,,
2025-07-23,278.94644,0.0595450401306152,1.2598847,957380.0,,,
2025-07-24,279.6856,0.0048577785491943,1.6214863,2146054.0,,,
2025-07-25,283.33145,0.2819299697875976,1.6746501,738024.0,,,
2025-07-26,280.65146,0.1899227499961853,2.0780275,805604.0,,,
2025-07-27,277.93436,0.0941008329391479,2.5634744,1740636.0,,,
2025-07-28,278.90234,0.0028759241104125,1.4507165,2232092.0,,,
2025-07-29,280.15286,0.0,2.5541499,2339594.0,,,
2025-07-30,283.42923,0.0008553265943191,3.7017963,2024916.0,,,
2025-07-31,286.2058,0.0885277986526489,3.1408465,1794980.0,,,
2025-08-01,288.0831,0.6362795829772949,1.7676927,2247494.0,,,
2025-08-02,284.5163,0.0132471323013305,1.5991122,2303254.0,,,
2025-08-03,283.0861,0.0018104910850524,1.5135134,2414588.0,,,
2025-08-04,281.3085,0.0008523464784957,1.5460085,2451492.0,,,
2025-08-05,282.13602,0.0008583068847656,1.506831,2453964.0,,,
2025-08-06,282.11313,0.024154782295227,1.8492535,1392604.0,,,
2025-08-07,281.83936,0.0,2.3515232,2605260.0,,,
2025-08-08,279.86194,0.0008514045039191,1.5571814,2585094.0,28.852042253521084,63.58299344328768,4.0
2025-08-09,281.01147,0.0008583068847656,2.226395,2560418.0,21.382818181818152,60.643985443340014,4.0
2025-08-10,282.61487,0.0,2.016454,2585126.0,,,
2025-08-11,284.159,0.0008628952782601,1.8823684,2572652.0,30.367090909090926,64.0850565592475,4.0
2025-08-12,287.21225,0.0,2.6871433,2390044.0,,,
2025-08-13,284.81284,0.0006556510925292,3.0004241,2587670.0,,,
2025-08-14,281.47665,0.0028908252716064,1.4625355,2024112.0,,,
2025-08-15,280.6028,0.4698708653450012,1.4200974,2477884.0,,,
2025-08-16,283.06824,0.0021681189537048,0.92037994,2549892.0,37.42658536585368,66.13556046033023,4.0
2025-08-17,283.09033,0.4629194736480713,1.4766556,1629114.0,,,
2025-08-18,282.8533,2.079889297485352,1.4597219,904726.0,,,
2025-08-19,282.1097,0.0008523463038727,2.6472733,2541028.0,,,
2025-08-20,285.3901,0.0008597968844696,2.470995,2672686.0,,,
2025-08-21,286.65213,0.0578761100769043,3.5102856,2570988.0,31.195529411764703,64.34909575331433,4.0
2025-08-22,283.35165,0.0109076499938964,3.6689236,2829816.0,,,
2025-08-23,281.15854,0.0,2.0144703,2887102.0,,,
2025-08-24,281.29263,0.0,2.4434402,2817858.0,33.52724637681159,65.05623622716763,4.0
2025-08-25,285.12747,0.0008523463038727,2.14843,2860702.0,,,
2025-08-26,287.09402,0.0,2.0058959,2851514.0,55.80617021276597,70.0546863619305,5.0
2025-08-27,286.33212,0.0008583068847656,2.404143,2861612.0,,,
2025-08-28,286.26245,0.0008597969426773,2.6996634,2687316.0,59.05096774193547,70.60911313336696,5.0
2025-08-29,286.542,3.9135451316833496,2.7136543,438356.0,86.12515463917524,74.31141295880192,5.0
2025-08-30,285.72476,5.948253154754639,2.0328152,939570.0,,,
2025-08-31,284.47757,0.004516914486885,2.4093502,2900986.0,,,
2025-09-01,282.6561,0.000430643587606,1.42876,2949036.0,,,
2025-09-02,284.66443,0.000426173210144,1.8768158,2902830.0,,,
2025-09-03,283.38077,0.0126153230667114,2.0141628,2449750.0,36.31613636363635,65.84009189183398,4.0
2025-09-04,281.2095,0.0018477439880371,1.6464119,2471800.0,,,
2025-09-05,280.1519,0.0008583068847656,1.3860222,2990292.0,,,
2025-09-06,280.61618,0.000426173210144,2.1162636,2775026.0,,,
2025-09-07,281.4761,0.0176578760147094,2.417023,3017516.0,,,
2025-09-08,284.97855,0.0008583070593886,1.6194061,3081062.0,,,
2025-09-09,286.96365,0.0008553265361115,2.3688326,3044668.0,,,
2025-09-10,289.08188,0.0,4.0398293,3117466.0,28.125692307692297,63.33286489569728,4.0
2025-09-11,286.54562,0.0008523463038727,1.7445046,3123184.0,,,
2025-09-12,286.09103,0.0008523463038727,2.2574399,3068608.0,,,
2025-09-13,288.87057,0.0379383489489555,2.5796003,2112728.0,,,
2025-09-14,287.7917,0.0271722674369812,2.0834377,2862570.0,,,
2025-09-15,289.60855,0.0052154064178466,1.4020224,2910530.0,,,
2025-09-16,289.4505,0.8920133113861084,2.1859217,963738.0,,,
2025-09-17,289.13876,0.0704936683177948,1.3379903,1979780.0,,,
2025-09-18,291.85593,0.9420067071914672,1.4193913,2919126.0,,,
2025-09-19,294.90762,5.201402187347412,2.0536215,2346940.0,,,
2025-09-20,292.7045,1.040130853652954,1.4545313,2259910.0,,,
2025-09-21,286.58273,0.0008672475814819,3.1111813,3346290.0,,,
2025-09-22,285.366,0.0,1.4313806,3291559.0,,,
2025-09-23,287.33115,0.0,2.9431143,3263613.0,55.06891891891891,69.92422348078104,4.0
2025-09-24,287.5575,0.0,1.9171454,3337906.0,,,
2025-09-25,286.93588,0.0186860561370849,3.011158,2604925.5,49.1109871244635,68.80095207300954,4.0
2025-09-26,288.90817,4.1635260581970215,3.1975334,3399300.0,,,
2025-09-27,287.92258,0.0008678455487824,3.2456636,3456856.0,,,
2025-09-28,287.94296,0.0008563456358388,2.170926,3366035.0,62.90472727272724,71.22930511242863,5.0
2025-09-29,290.20627,0.0511109828948974,2.1813676,2017031.5,,,
2025-09-30,288.84097,0.2421438694000244,2.487796,2701610.0,,,
2025-10-01,288.15695,0.0133812427520751,1.4316206,3413764.0,,,
2025-10-02,289.4506,0.0008523463038727,1.8799027,3430074.0,,,
2025-10-03,292.09042,0.0779628753662109,3.0381298,3375749.0,61.03155844155844,70.93274651338132,5.0
2025-10-04,295.62744,1.0556578636169434,2.8160632,3448703.0,,,
2025-10-05,291.40005,0.0008672475814819,3.3113735,3586632.0,55.98909871244635,70.08679022823335,5.0
2025-10-06,285.7944,0.0,1.9556193,3645288.0,,,
2025-10-07,287.8038,0.000852346420288,2.361195,3604828.0,39.18184905660376,66.58517546792073,4.0
2025-10-08,288.97977,0.0008702278719283,2.5987422,3631896.0,51.215039370078735,69.21248595304255,4.0
2025-10-09,291.4774,0.0,2.9432049,3511874.0,,,
2025-10-10,293.55923,0.000435113790445,3.1840856,3577114.0,,,
2025-10-11,294.33203,0.000426173210144,2.9044082,3658538.0,,,
2025-10-12,289.8362,0.0004276632098481,2.6152523,3686494.0,,,
2025-10-13,291.47342,0.0008583070593886,1.7200438,3696348.0,34.266057142857136,65.27006326280778,4.0
2025-10-14,292.50378,0.0859200954437255,3.0300453,3603346.0,,,
2025-10-15,293.67026,0.1243278384208679,2.437767,2587368.0,72.38452488687781,72.60634673782758,5.0
2025-10-16,293.5408,1.1151729822158811,2.1063871,2432172.0,,,
2025-10-17,290.2233,0.0852644443511962,2.3015103,3676242.0,,,
2025-10-18,288.2775,0.0,2.130113,3586152.0,33.2297894736842,64.96881258725705,4.0
2025-10-19,289.47397,0.0017166137695312,3.240611,3564188.0,,,
2025-10-20,291.02808,0.0,3.160733,3573864.0,,,
2025-10-21,293.94833,0.1053113639354705,3.1820076,3300690.0,,,
2025-10-22,295.43445,0.830233097076416,2.1871278,3316696.0,,,
2025-10-23,297.08035,1.92280113697052,2.4411395,1417800.0,55.38081135902636,69.97962738194875,4.0
2025-10-24,293.48657,0.4648156464099884,1.9446034,3164830.0,,,
2025-10-25,288.14072,0.0008500386029481,3.8404305,3824774.0,50.21280769230771,69.01860995047696,4.0
2025-10-26,289.15182,0.2788305282592773,2.0205162,2042774.0,,,
2025-10-27,285.0835,0.9958595037460328,2.734946,2108072.0,,,
2025-10-28,278.60532,0.001169741153717,2.7111022,3537820.0,,,
2025-10-29,282.96317,0.0095069408416748,1.8391591,2224340.0,,,
2025-10-30,285.65854,0.0,1.7947696,3787574.0,,,
2025-10-31,289.78506,1.1517852544784546,3.0406234,2430422.0,,,
2025-11-01,290.45023,1.8944423198699951,1.2543217,3434934.0,,,
2025-11-02,291.09952,0.0328868627548217,1.4876083,3768074.0,20.01773109243696,59.99682685145457,4.0
2025-11-03,294.1201,0.2566874027252197,2.2662103,3038446.0,,,
2025-11-04,292.95975,0.0418812036514282,2.4745944,2824962.0,,,
2025-11-05,290.88437,0.2518892288208008,2.103237,2264466.0,,,
2025-11-06,288.66672,2.535484790802002,2.8579419,2658956.0,,,
2025-11-07,285.49356,0.0039339065551757,2.3976786,3695834.0,,,
2025-11-08,285.9656,0.0046156346797943,1.8456311,3744598.0,,,
2025-11-09,287.67743,0.0008642673492431,1.8874003,2952000.0,30.625085227272702,64.16804882208316,4.0
2025-11-10,290.32526,0.1120120286941528,2.3826993,3811672.0,,,
2025-11-11,293.64334,2.390235662460327,2.4488661,2964578.0,,,
2025-11-12,289.52237,0.0050365924835205,2.6529083,2887446.0,,,
2025-11-13,290.65018,0.0711022913455963,1.677684,2363180.0,,,
2025-11-14,292.01697,0.4810094833374023,2.214786,2792914.0,,,
2025-11-15,294.4484,3.2855868339538574,3.0975494,3574880.0,,,
2025-11-16,292.72482,0.0004276632098481,3.1996853,3962884.0,39.94190332326284,66.77364887768746,4.0
2025-11-17,291.29855,0.0008523463038727,1.1127151,3939440.0,46.64374193548386,68.29530532390552,4.0
2025-11-18,295.55734,0.0008583068847656,2.0961025,3859016.0,,,
2025-11-19,296.3953,0.5308836698532104,1.879386,3786832.0,42.32725563909771,67.34268026725138,4.0
2025-11-20,296.85825,0.3475584089756012,2.7023337,4036930.0,,,
2025-11-21,292.65366,0.0462532006204128,3.3958366,3912842.0,,,
2025-11-22,291.1727,0.0318735837936401,1.7114424,3807350.0,58.90049896049894,70.5840842026062,5.0
2025-11-23,292.12714,0.0,1.8671635,3987160.0,,,
2025-11-24,294.27078,0.0004410743713378,2.2690108,3936532.0,39.24847457627119,66.60184240170045,4.0
2025-11-25,296.69376,0.0,2.2289908,3883428.0,,,
2025-11-26,296.57135,0.7018595933914185,2.2295413,3855928.0,,,
2025-11-27,297.07663,1.2808440923690796,1.7013493,3474504.0,44.63933503836316,67.864417288526,4.0
2025-11-28,297.38846,4.946112632751465,1.9455382,2733492.0,,,
2025-11-29,296.2847,2.093791961669922,2.0484145,2510768.0,,,
2025-11-30,293.93884,2.384438991546631,1.3825836,1770336.0,,,
2025-12-01,291.6766,0.1366287469863891,1.6954793,3871890.0,,,
2025-12-02,292.17715,0.0008523463038727,1.2904209,3960820.0,,,
2025-12-03,294.26248,0.0,1.890894,3787328.0,,,
2025-12-04,297.17517,0.1120567321777343,2.4960308,3753846.0,35.09899497487436,65.50567219426938,4.0
2025-12-05,298.66977,0.6060302257537842,2.2308686,2812316.0,,,
2025-12-06,296.21136,2.2464990615844727,2.0515468,1301784.0,,,
2025-12-07,289.83365,0.0100135803222656,2.5433776,3114540.0,,,
2025-12-08,291.2585,0.0,2.7197723,4005124.0,,,
2025-12-09,292.32355,0.4712045192718506,1.8407246,3833404.0,30.190495867768604,64.02784152283888,4.0
2025-12-10,295.25073,4.4796319007873535,1.4804834,3116620.0,,,
2025-12-11,294.63916,0.0105947256088256,1.5658294,3918192.0,,,
2025-12-12,295.81497,0.2180337905883789,1.5201923,3952024.0,56.46612903225804,70.17001793761553,5.0
2025-12-13,297.77487,2.275660514831543,2.7891428,2641940.0,,,
2025-12-14,293.09045,1.493513584136963,2.0825303,3943296.0,,,
2025-12-15,290.6176,0.0410526990890502,2.5626607,3120208.0,,,
2025-12-16,293.28397,0.0004276632098481,1.5037231,4022880.0,,,
2025-12-17,295.25662,0.0008685397915542,3.6906853,3991568.0,66.40196832579184,71.76007892213178,5.0
2025-12-18,296.11203,0.0020265579223632,2.114237,3920828.0,,,
2025-12-19,297.37253,2.975895881652832,3.028199,2623206.0,71.0420975609756,72.42270444855924,5.0
2025-12-20,297.0222,1.5781818628311155,1.900704,3136920.0,,,
2025-12-21,295.36676,1.2444555759429932,1.4279436,3117548.0,,,
2025-12-22,294.38083,2.075834274291992,1.8574085,3602060.0,,,
2025-12-23,295.9206,2.6790499687194824,1.578158,3612032.0,,,
2025-12-24,297.02237,2.8520822525024414,1.7036386,3878180.0,46.62477064220183,68.2913145153353,4.0
2025-12-25,295.43814,0.0004276632098481,1.9946889,3816752.0,,,
2025-12-26,296.67886,0.2889633178710937,2.3358622,3913340.0,38.296788321167824,66.36104082126622,4.0
2025-12-27,296.97955,0.2634597420692444,2.6263745,3852680.0,67.2213613861386,71.88039244365643,5.0
2025-12-28,296.43616,0.3874674439430237,1.8372059,2951564.0,,,
2025-12-29,296.70383,0.0508725643157959,1.3940881,3884652.0,,,
2025-12-30,298.47604,0.7079463601112366,1.47617,3420692.0,,,
2025-12-31,298.54993,2.8681981563568115,1.2985722,3694948.0,,,
2026-01-01,299.1793,0.0,1.2176851,0.0,59.58020771513353,70.69664288363771,5.0
