yy-mm-dd,TP-ERA5_K,TP-EDAMCP_K,PP-ERA5_mm,WM-ERA5_ms,WD-EDAMCP_ms
2020-01-01,295.67264,298.0,0.046566128730773926,2.0636396,1.3888900000000002
2020-01-02,293.1273,295.25,0.016376376152038574,1.7307078,0.555556
2020-01-03,294.13663,297.5,0.0015784025890752673,1.6960777,0.833334
2020-01-04,295.40845,298.5,0.0008699289755895734,1.7470641,1.3888900000000002
2020-01-05,297.78854,300.95,1.5379860401153564,2.566181,1.666668
2020-01-06,293.9064,295.15,0.0,2.3987334,1.3888900000000002
2020-01-07,294.41833,297.1,0.10369718074798584,2.6123493,1.3888900000000002
2020-01-08,296.77444,300.0,0.15236437320709229,3.5842388,1.3888900000000002
2020-01-09,296.31522,298.4,2.4105162620544434,2.341919,1.111112
2020-01-10,294.04016,297.15,0.10223686695098877,1.892733,1.111112
2020-01-11,294.8539,299.05,2.6546120643615723,1.6666278,1.111112
2020-01-12,295.91458,298.85,0.5460977554321289,1.5363716,1.3888900000000002
2020-01-13,296.4109,300.6,1.2788474559783936,1.939699,0.833334
2020-01-14,298.3091,301.65,7.056236267089844,1.4240211,1.111112
2020-01-15,295.73706,297.45,0.0008523464202880859,2.517021,1.9444460000000001
2020-01-16,292.40097,295.1,0.00043511390686035156,1.9401474,1.111112
2020-01-17,293.00092,297.05,0.02655084617435932,2.1942155,1.111112
2020-01-18,294.2573,297.85,0.18033385276794434,2.4092107,1.3888900000000002
2020-01-19,296.64233,300.4,2.2631735801696777,2.0767581,1.111112
2020-01-20,298.18802,301.6,2.8208346366882324,1.3705686,1.111112
2020-01-21,296.2109,299.8,0.09942054748535156,2.0633852,1.666668
2020-01-22,295.55093,298.1,0.000852346362080425,2.4860075,1.3888900000000002
2020-01-23,296.42358,299.5,0.0,1.8630925,1.3888900000000002
2020-01-24,297.71597,300.45,0.21381676197052002,1.935985,1.111112
2020-01-25,299.11963,301.55,1.271367073059082,1.645517,1.111112
2020-01-26,298.6913,298.75,0.1288987696170807,1.207779,0.833334
2020-01-27,295.5428,297.7,1.3689696788787842,2.1083906,0.833334
2020-01-28,295.20303,297.85,5.276650428771973,2.3280656,1.3888900000000002
2020-01-29,293.34897,294.45,0.11463463306427002,2.3913422,1.111112
2020-01-30,292.80896,296.3,0.05805492773652077,1.6677723,1.111112
2020-01-31,295.09888,298.2,0.0008491923799738288,1.804595,1.3888900000000002
2020-02-01,296.92874,299.45,0.2583712339401245,2.3150842,1.3888900000000002
2020-02-02,297.6068,300.5,0.010627508163452148,2.1943698,1.111112
2020-02-03,298.3585,301.0,0.2371370792388916,3.0152957,1.3888900000000002
2020-02-04,298.5706,301.45,4.508674144744873,3.056342,1.3888900000000002
2020-02-05,295.30228,296.4,0.18650293350219727,1.418563,1.3888900000000002
2020-02-06,294.5228,298.55,1.1480748653411865,1.392285,1.111112
2020-02-07,294.21906,298.6,1.208957314491272,1.7065934,1.111112
2020-02-08,293.62912,296.85,3.132373094558716,1.6837158,1.111112
2020-02-09,291.79672,292.95,0.18930435180664062,1.7474619,1.111112
2020-02-10,291.11038,293.55,0.04553794860839844,1.6541138,1.111112
2020-02-11,292.18262,296.0,0.0008523463038727641,1.7057406,1.111112
2020-02-12,292.6804,296.1,0.015124678611755371,2.4299762,1.3888900000000002
2020-02-13,293.9943,298.55,0.5726069211959839,1.9494547,0.833334
2020-02-14,294.94516,297.45,0.004887580871582031,1.816877,1.111112
2020-02-15,295.9229,292.9,2.4952142238616943,1.9640945,0.277778
2020-02-16,296.7142,295.95,7.2523512840271,2.0545847,0.833334
2020-02-17,297.50476,301.65,0.19946694374084473,2.1028495,2.222224
2020-02-18,292.95593,297.1,0.0008672475814819336,2.8333623,1.3888900000000002
2020-02-19,293.3472,296.85,0.031441450119018555,1.8202261,1.3888900000000002
2020-02-20,291.55325,293.55,0.2308189868927002,2.403836,1.3888900000000002
2020-02-21,288.45193,291.8,0.0008597968844696879,1.8911299,0.833334
2020-02-22,288.8082,292.2,0.0008597968844696879,1.3934864,1.111112
2020-02-23,289.72385,294.2,0.009432435035705566,2.149029,1.111112
2020-02-24,292.6711,298.35,2.8806328773498535,2.1036499,1.666668
2020-02-25,292.45926,294.55,0.0008553265361115336,1.7685747,1.3888900000000002
2020-02-26,292.09848,294.75,0.01755356788635254,1.4469534,1.111112
2020-02-27,293.45618,296.7,0.06338953971862793,1.54823,1.111112
2020-02-28,294.9896,297.6,0.0013262033462524414,1.6744982,1.111112
2020-02-29,295.8727,298.15,0.0,1.9406465,1.111112
2020-03-01,294.77237,296.45,0.0008523463038727641,2.7030382,1.3888900000000002
2020-03-02,294.6151,296.5,0.0008597970008850098,2.6527963,1.3888900000000002
2020-03-03,295.6321,297.9,0.09907782077789307,1.9455419,1.111112
2020-03-04,296.05917,298.4,0.0,1.5956689,1.111112
2020-03-05,296.38016,298.8,0.006571412086486816,2.1742141,1.3888900000000002
2020-03-06,296.521,300.5,0.0008523464202880859,2.175342,1.3888900000000002
2020-03-07,297.02274,300.55,0.14230920374393463,2.3256853,1.3888900000000002
2020-03-08,298.22263,301.2,1.697048544883728,2.2900503,1.3888900000000002
2020-03-09,297.9172,301.5,0.9770169854164124,1.4099408,1.3888900000000002
2020-03-10,296.1382,300.85,7.511452674865723,1.6314856,1.111112
2020-03-11,296.9073,302.3,0.24987757205963135,1.7961646,1.9444460000000001
2020-03-12,295.99356,299.95,0.05412101745605469,2.1216233,1.111112
2020-03-13,298.408,301.4,0.8622556924819946,2.798785,1.111112
2020-03-14,295.82205,293.8,1.7364025115966797,2.7028434,1.666668
2020-03-15,287.66812,289.5,0.20653940737247467,2.0540793,0.833334
2020-03-16,289.89124,293.35,0.9006410837173462,1.3693367,0.833334
2020-03-17,293.00412,297.15,0.01932680606842041,1.5583944,1.3888900000000002
2020-03-18,291.18814,294.1,0.10117888450622559,2.279743,0.833334
2020-03-19,292.40842,295.95,0.022351741790771484,1.4741474,1.111112
2020-03-20,293.4036,296.25,0.0008672476396895945,1.5709534,1.111112
2020-03-21,292.8989,296.8,0.0,2.4887886,1.3888900000000002
2020-03-22,292.9067,296.15,0.00043511379044502974,2.569608,1.3888900000000002
2020-03-23,293.9103,297.65,0.10274350643157959,2.6530638,1.111112
2020-03-24,295.72244,298.65,4.010185718536377,2.3654683,1.111112
2020-03-25,292.31448,295.0,0.6906613707542419,1.436031,1.3888900000000002
2020-03-26,290.87387,293.6,0.225067138671875,1.152686,0.833334
2020-03-27,291.03845,294.4,0.017181038856506348,1.3460402,0.833334
2020-03-28,291.89792,295.75,0.01045316457748413,1.6088625,0.833334
2020-03-29,292.2972,296.5,0.1233220100402832,1.4747964,0.833334
2020-03-30,292.87357,296.55,0.27292966842651367,1.3541871,0.833334
2020-03-31,293.7291,296.2,1.0994970798492432,1.2829002,0.555556
2020-04-01,293.06885,297.5,0.08064508438110352,1.4705148,0.833334
2020-04-02,289.46606,291.4643249511719,0.00042617321014404297,3.0870984,1.3964520692825317
2020-04-03,289.20258,291.2071228027344,0.0008761882781982422,1.4165993,0.7133815288543701
2020-04-04,289.6058,291.6007385253906,0.11001527309417725,1.9680163,0.9388570785522461
2020-04-05,291.22885,293.18511962890625,0.03512948751449585,1.8161316,0.8767511248588562
2020-04-06,289.80185,291.7921142578125,0.1539289802312851,2.5380974,1.171964406967163
2020-04-07,286.07034,288.14947509765625,0.0008523463038727641,1.4438944,0.7245425581932068
2020-04-08,286.80142,288.8631286621094,0.0,1.5204363,0.7558406591415405
2020-04-09,287.2899,289.3399658203125,0.0008583070593886077,1.339146,0.6817107200622559
2020-04-10,287.52438,289.5688781738281,0.0,1.6907543,0.8254840970039368
2020-04-11,287.57278,289.6161193847656,0.05257129669189453,2.3864293,1.1099469661712646
2020-04-12,288.89456,290.90643310546875,1.6425549983978271,1.9956208,0.9501446485519409
2020-04-13,288.59695,290.61590576171875,0.0,1.9323076,0.9242557287216187
2020-04-14,286.62845,288.69427490234375,0.000858306884765625,1.3236564,0.6753770112991333
2020-04-15,288.05563,290.0874938964844,0.000858306884765625,1.4698906,0.73517245054245
2020-04-16,288.6917,290.7084045410156,0.000858306884765625,2.0792701,0.9843490123748779
2020-04-17,289.20242,291.20697021484375,0.0008672475814819336,2.3122323,1.0796077251434326
2020-04-18,289.90253,291.890380859375,0.0,2.6434793,1.2150553464889526
2020-04-19,290.6941,292.6631164550781,0.000858306884765625,2.4678826,1.1432534456253052
2020-04-20,291.6608,293.6067810058594,0.007975101470947266,1.8713884,0.8993457555770874
2020-04-21,291.71384,293.6585693359375,0.04454515874385834,1.4886123,0.7428277730941772
2020-04-22,291.22083,293.17730712890625,0.00286102294921875,1.525663,0.7579779028892517
2020-04-23,292.41068,294.33880615234375,0.000858306884765625,2.514685,1.1623910665512085
2020-04-24,294.99933,296.8658142089844,0.17348863184452057,2.8467376,1.2981680631637573
2020-04-25,292.04764,293.9844055175781,0.8008331060409546,2.0802166,0.9847360253334045
2020-04-26,288.24203,290.2694396972656,0.7800310850143433,1.6821855,0.8219802975654602
2020-04-27,289.22073,291.2248229980469,0.604875385761261,1.1332866,0.5975343585014343
2020-04-28,291.39703,293.34930419921875,0.0008523464202880859,2.1748385,1.023427128791809
2020-04-29,287.24527,289.2964172363281,0.000858306884765625,1.3822527,0.6993371248245239
2020-04-30,287.14655,289.2000427246094,0.000858306884765625,1.7966051,0.8687666654586792
2020-05-01,287.74844,289.78759765625,0.000858306884765625,1.6574125,0.8118505477905273
2020-05-02,287.00012,289.0570983886719,0.01589953899383545,1.6395874,0.8045617938041687
2020-05-03,287.54904,289.59295654296875,0.015193840488791466,2.0669575,0.9793143272399902
2020-05-04,289.07397,291.0815734863281,0.003032386302947998,1.1308216,0.5965263843536377
2020-05-05,286.33777,288.4105224609375,0.0,2.9328127,1.3333643674850464
2020-05-06,282.45758,284.62274169921875,0.0,1.1540575,0.6060276031494141
2020-05-07,282.60873,284.7702941894531,0.0008285045623779297,1.845127,0.888607382774353
2020-05-08,284.78372,286.89349365234375,0.0,2.6515782,1.2183669805526733
2020-05-09,287.53506,289.5793151855469,0.000858306884765625,2.233922,1.047586441040039
2020-05-10,289.2828,291.2854309082031,7.450580596923828e-05,2.269111,1.0619752407073975
2020-05-11,286.1721,292.2,0.0008597968844696879,2.914095,1.3888900000000002
2020-05-12,285.4825,290.35,0.0,1.2666837,0.833334
2020-05-13,284.76617,287.15,0.0,1.9735694,1.111112
2020-05-14,284.87366,286.45,0.0008523463038727641,1.250399,1.3888900000000002
2020-05-15,287.2368,291.55,0.0,2.0504162,1.111112
2020-05-16,290.5588,292.4,0.000858306884765625,2.3362172,1.111112
2020-05-17,290.58264,293.25,0.0,1.9821806,1.111112
2020-05-18,289.79712,291.45,0.0,2.484587,1.111112
2020-05-19,290.39175,292.4,0.06575882434844971,2.824159,1.3888900000000002
2020-05-20,289.84216,292.4,0.34999847412109375,1.7325255,1.111112
2020-05-21,283.96036,286.7,0.4133880138397217,3.2422523,1.9444460000000001
2020-05-22,281.20773,284.2,0.0,3.624739,1.9444460000000001
2020-05-23,279.8851,282.6,0.000858306884765625,1.4249139,0.833334
2020-05-24,284.73804,289.6,0.0,1.9309882,0.833334
2020-05-25,287.4197,288.9,0.0008672475814819336,1.8543596,0.833334
2020-05-26,286.01804,288.2,0.0008523463038727641,2.2955327,1.666668
2020-05-27,288.15543,294.1,0.000858306884765625,2.7896926,1.3888900000000002
2020-05-28,287.07886,291.45,0.0,1.632027,0.833334
2020-05-29,287.2983,290.9,0.05902348458766937,1.6785465,0.833334
2020-05-30,283.40866,284.1,0.061914317309856415,1.7122163,0.833334
2020-05-31,281.6942,284.05,0.0,1.099413,1.111112
2020-06-01,281.4888,284.0,0.0008523463038727641,1.2174358,0.833334
2020-06-02,281.92966,285.55,0.041025880724191666,1.9131012,1.3888900000000002
2020-06-03,280.08243,279.5,0.12420117855072021,1.7777494,0.833334
2020-06-04,281.47534,284.65,0.0,1.126597,0.555556
2020-06-05,282.62442,286.55,0.000858306884765625,1.721505,1.111112
2020-06-06,282.79788,285.95,0.0,1.5693064,0.833334
2020-06-07,283.12527,286.8,0.0,1.9161701,0.833334
2020-06-08,284.61765,289.0,0.0008523463038727641,1.5419211,0.833334
2020-06-09,285.8871,287.3,0.0011622905731201172,1.3180336,0.555556
2020-06-10,284.96368,289.4,0.02810359001159668,1.6706222,0.833334
2020-06-11,285.2284,287.35,0.00042766332626342773,2.357311,1.666668
2020-06-12,285.73404,288.3,0.0014360994100570679,2.8094165,1.9444460000000001
2020-06-13,281.18362,282.65,0.0008523463038727641,1.6888866,0.833334
2020-06-14,280.4686,282.35,0.0008597968844696879,2.8793328,1.111112
2020-06-15,282.12186,286.15,0.015527009963989258,2.6880805,1.9444460000000001
2020-06-16,286.30682,294.1,0.3319084644317627,3.0897796,1.9444460000000001
2020-06-17,289.30002,292.3,0.0008523463038727641,1.5309426,1.111112
2020-06-18,284.7147,287.25,0.0008597970008850098,1.8896724,0.833334
2020-06-19,285.98987,289.45,1.3665157894138247e-07,2.566921,1.9444460000000001
2020-06-20,284.84045,289.85,0.00043511379044502974,1.6455499,1.111112
2020-06-21,284.0552,286.6,0.0,2.2676468,1.9444460000000001
2020-06-22,284.31128,286.9,0.0002086162567138672,2.0427463,1.3888900000000002
2020-06-23,283.73825,285.4,0.27461349964141846,2.0500877,1.3888900000000002
2020-06-24,281.18283,280.8,0.0799819827079773,1.8006712,1.3888900000000002
2020-06-25,279.40048,281.15,0.00042617321014404297,1.8339347,0.833334
2020-06-26,278.59848,281.25,0.0,2.3970797,1.111112
2020-06-27,278.94348,281.9,0.000858306884765625,1.7061812,0.833334
2020-06-28,279.83234,282.9,0.000858306884765625,2.0385432,0.833334
2020-06-29,280.26352,283.25,0.001173466444015503,2.0058405,1.111112
2020-06-30,281.53128,283.95,0.35685300827026367,2.7297928,1.9444460000000001
2020-07-01,278.764,280.1,0.0008523463038727641,0.99873716,0.555556
2020-07-02,279.28073,282.55,0.00043511379044502974,1.1935123,0.833334
2020-07-03,280.68958,284.0,0.016108155250549316,3.1154642,2.7777800000000004
2020-07-04,281.4819,283.35,0.028561800718307495,2.2763548,1.9444460000000001
2020-07-05,279.55814,281.55,0.0013113021850585938,1.9523735,1.111112
2020-07-06,278.34897,276.9,0.6183981895446777,1.2204257,0.555556
2020-07-07,276.71634,281.8,0.0004172325134277344,1.0081433,0.833334
2020-07-08,276.82095,280.25,0.00043819090933538973,1.4913594,0.833334
2020-07-09,278.26587,279.75,2.980414137709886e-06,2.4095848,1.9444460000000001
2020-07-10,283.3132,288.1,0.0008523463038727641,2.6679218,2.222224
2020-07-11,281.49994,284.25,0.0008597968844696879,2.0845044,0.833334
2020-07-12,281.11084,282.7,0.00042915335507132113,1.8661504,1.111112
2020-07-13,279.179,280.45,0.0008672475814819336,1.3421577,0.833334
2020-07-14,279.65298,282.95,0.000858306884765625,2.0276039,1.111112
2020-07-15,281.2737,283.1,0.001722574234008789,2.3185852,1.111112
2020-07-16,282.1932,286.5,0.0008523463038727641,1.5449891,0.833334
2020-07-17,283.5157,285.6,0.0,2.3461945,1.9444460000000001
2020-07-18,287.5186,291.7,0.005751848220825195,2.1824605,1.111112
2020-07-19,287.61926,287.55,0.09188521653413773,1.5285469,1.111112
2020-07-20,285.62976,283.85,0.1405421644449234,0.93541414,0.833334
2020-07-21,283.1386,284.7,0.22724270820617676,0.89419633,0.833334
2020-07-22,282.62,285.95,0.4073530435562134,1.2802368,1.111112
2020-07-23,280.2404,280.2,0.00042617321014404297,1.2153317,0.833334
2020-07-24,278.90775,281.35,0.0,1.1209775,1.111112
2020-07-25,279.33273,281.75,0.0,2.4159737,1.111112
2020-07-26,283.30835,289.3,0.000858306884765625,2.5630667,2.5000020000000003
2020-07-27,281.3307,283.85,0.024050474166870117,2.9633706,1.3888900000000002
2020-07-28,280.1279,281.5,0.00043511390686035156,1.1099988,0.833334
2020-07-29,279.06006,281.55,0.0008592648082412779,2.2181637,1.111112
2020-07-30,280.24246,283.5,0.00043511379044502974,3.1847413,2.222224
2020-07-31,282.002,287.7,0.00043511379044502974,1.8605973,1.111112
2020-08-01,284.5591,287.65,0.0,3.1929617,2.222224
2020-08-02,289.20963,293.75,0.0,2.3964639,1.666668
2020-08-03,289.97604,293.1,0.000858306884765625,2.82038,1.3888900000000002
2020-08-04,292.58347,294.6,0.0,3.0710003,1.3888900000000002
2020-08-05,293.98376,296.35,0.003814697265625,2.629136,2.222224
2020-08-06,285.9586,286.75,0.0,3.666559,2.222224
2020-08-07,283.16953,284.4,0.0,1.3655761,1.111112
2020-08-08,285.20554,287.75,0.000862431654240936,1.3354219,0.833334
2020-08-09,287.6174,289.75,0.0,2.617406,1.666668
2020-08-10,287.26193,288.3,0.00042617321014404297,2.9188783,2.222224
2020-08-11,280.35007,282.4,0.0008523463038727641,2.0171795,1.111112
2020-08-12,280.55014,282.7,0.0008604458998888731,1.555243,1.111112
2020-08-13,281.87296,284.55,0.0008523463038727641,1.8305416,1.111112
2020-08-14,283.92905,285.4,0.0,2.5523732,2.222224
2020-08-15,282.79672,283.7,0.0,1.7082208,0.833334
2020-08-16,284.00247,284.1,0.0,1.9335192,1.666668
2020-08-17,285.20938,286.85,0.12883543968200684,1.9254392,0.833334
2020-08-18,285.23587,285.85,0.2588927149772644,2.3687823,2.222224
2020-08-19,279.01483,278.65,0.0034918775781989098,2.952576,1.9444460000000001
2020-08-20,277.52695,278.6,0.0008523463038727641,1.0357212,1.111112
2020-08-21,279.52936,282.6,0.000858306884765625,1.9541048,1.3888900000000002
2020-08-22,281.36856,286.0,0.0008523463038727641,2.9400513,1.666668
2020-08-23,283.36206,284.45,0.008851289749145508,3.3089154,1.3888900000000002
2020-08-24,286.46768,289.15,0.012010335922241211,2.7351694,1.3888900000000002
2020-08-25,289.99277,293.15,1.076240062713623,1.4340682,1.111112
2020-08-26,288.6088,290.5,0.0,2.069638,1.3888900000000002
2020-08-27,285.20657,286.55,0.0008523463038727641,1.7994657,1.111112
2020-08-28,286.3919,288.05,0.7247626781463623,1.7324451,0.833334
2020-08-29,283.58817,284.7,0.001996755599975586,2.92953,1.9444460000000001
2020-08-30,281.5623,286.05,0.012964010238647461,1.7034715,1.3888900000000002
2020-08-31,281.55392,284.85,0.7373839616775513,1.1835147,0.833334
2020-09-01,277.8384,280.3,0.626102089881897,1.8573351,1.3888900000000002
2020-09-02,279.46033,283.25,0.0,2.0047166,0.833334
2020-09-03,281.74496,284.6,0.0008597968844696879,1.4262546,1.3888900000000002
2020-09-04,283.65482,287.15,0.23220482468605042,2.0421503,1.3888900000000002
2020-09-05,284.64932,289.6,0.04503130167722702,1.3087955,1.111112
2020-09-06,283.27945,285.05,0.06625056266784668,2.1167002,1.666668
2020-09-07,283.74326,289.35,0.00043511379044502974,1.3993737,0.833334
2020-09-08,284.4495,288.05,0.03550201654434204,2.54999,1.111112
2020-09-09,287.6437,291.5,0.00043511379044502974,2.0348084,1.3888900000000002
2020-09-10,289.9159,292.15,0.13017654418945312,2.4578183,1.666668
2020-09-11,286.8986,289.35,0.0,3.066491,2.222224
2020-09-12,286.50198,290.95,0.0,1.7801431,1.111112
2020-09-13,287.28714,288.4,0.0008597968844696879,2.2488816,1.9444460000000001
2020-09-14,284.47495,286.95,0.0008523463038727641,2.1127055,1.111112
2020-09-15,285.86838,288.6,0.0,2.37996,1.666668
2020-09-16,287.5355,289.45,0.00043511379044502974,1.8253851,1.3888900000000002
2020-09-17,290.66513,292.55,0.0008597043924964964,1.6636311,1.111112
2020-09-18,290.0547,291.15,0.0,2.5848842,1.666668
2020-09-19,285.51382,287.05,0.001722574234008789,2.5252821,1.9444460000000001
2020-09-20,285.10397,286.0,0.00043511379044502974,1.6332566,1.111112
2020-09-21,286.61115,287.75,0.00042617321014404297,2.1790736,1.3888900000000002
2020-09-22,288.50137,289.9,0.0,3.0305347,1.3888900000000002
2020-09-23,290.89572,292.6,0.0,2.2606785,1.111112
2020-09-24,293.72583,294.2,0.14203786849975586,2.0168188,0.833334
2020-09-25,295.63153,298.95,0.6219595670700073,1.5369262,1.3888900000000002
2020-09-26,292.2313,292.4,0.001989305019378662,2.3438127,2.5000020000000003
2020-09-27,288.80606,290.8,0.0,3.3927536,1.9444460000000001
2020-09-28,288.63992,289.9,0.000858306884765625,2.3649414,1.111112
2020-09-29,292.23114,294.5,0.0014603137969970703,3.438078,1.3888900000000002
2020-09-30,296.0161,297.4,0.0,2.1923754,1.666668
2020-10-01,289.50168,291.0,0.0,3.3516762,1.9444460000000001
2020-10-02,286.02628,287.2,0.09903311729431152,2.7834408,1.9444460000000001
2020-10-03,282.31216,285.85,0.1345910131931305,3.1804821,1.666668
2020-10-04,282.47266,286.65,0.002469867467880249,1.7708672,1.3888900000000002
2020-10-05,285.30325,287.3,0.0008597968844696879,1.4489201,0.833334
2020-10-06,288.17578,291.05,0.0,1.8740898,1.111112
2020-10-07,290.30197,291.6,0.0031888484954833984,1.929437,1.666668
2020-10-08,290.8714,293.3,0.0004276632098481059,1.5989014,1.111112
2020-10-09,292.38675,293.8,0.0,1.484942,1.111112
2020-10-10,293.68768,294.6,0.00042617321014404297,2.330571,1.666668
2020-10-11,291.51022,293.9,0.0008702277555130422,2.303559,1.3888900000000002
2020-10-12,292.34317,292.1,0.0004276632098481059,1.4691944,1.111112
2020-10-13,292.91483,293.25,0.6929934024810791,2.2072752,1.111112
2020-10-14,292.26578,293.75,0.29206275939941406,1.5229675,0.833334
2020-10-15,290.7524,293.7,0.00043511379044502974,1.6964954,1.111112
2020-10-16,292.8187,293.8,0.00928342342376709,2.223463,0.833334
2020-10-17,296.42993,299.2,0.0005960464477539062,2.1911118,0.833334
2020-10-18,300.21292,302.4,0.12791156768798828,3.2462032,1.3888900000000002
2020-10-19,296.88235,296.5,2.4920477867126465,3.1067448,2.222224
2020-10-20,285.5415,288.05,0.2689287066459656,3.322048,1.3888900000000002
2020-10-21,283.5851,285.9,0.3015100955963135,1.6892372,0.833334
2020-10-22,287.61526,290.45,0.08103251457214355,1.0244642,0.833334
2020-10-23,290.082,292.9,0.3665238618850708,1.2621919,0.833334
2020-10-24,292.73624,297.4,2.23425030708313,1.4210998,0.833334
2020-10-25,291.95102,292.05,0.0004276632098481059,2.6325552,1.9444460000000001
2020-10-26,289.86514,292.2,0.0,2.3504722,0.833334
2020-10-27,291.36414,294.4,0.5237013101577759,2.765086,1.666668
2020-10-28,288.0636,289.95,0.000858306884765625,2.392463,1.666668
2020-10-29,286.02576,287.2,0.16823410987854004,2.353525,1.3888900000000002
2020-10-30,286.45486,290.2,0.0008523463038727641,1.6390942,1.111112
2020-10-31,288.60977,291.15,0.0,1.8872166,1.111112
2020-11-01,290.3996,292.25,0.20182132720947266,1.9978142,1.111112
2020-11-02,291.64584,293.45,0.00043511379044502974,1.8016077,1.111112
2020-11-03,293.01697,294.8,0.0008597968844696879,2.299517,1.3888900000000002
2020-11-04,292.7264,294.7,1.78813479578821e-05,2.8653705,1.3888900000000002
2020-11-05,293.11874,295.15,0.0008583069429732859,2.1106622,1.3888900000000002
2020-11-06,293.96786,296.35,0.0008612872334197164,2.064522,1.3888900000000002
2020-11-07,294.35626,297.15,0.9943842887878418,1.9737097,1.111112
2020-11-08,292.23843,292.55,0.5028098821640015,1.4956808,0.833334
2020-11-09,290.88895,293.6,3.9236252307891846,1.4905497,0.555556
2020-11-10,292.3776,295.85,1.9150525331497192,1.3418785,0.555556
2020-11-11,291.55563,295.29999999999995,0.05786120891571045,1.5087134,0.277778
2020-11-12,293.6602,296.975,0.0413060188293457,1.9730228,0.555556
2020-11-13,294.80392,298.475,7.4098219871521,2.5713499,0.555556
2020-11-14,290.78885,292.8,0.4290863871574402,2.2788777,0.6944450000000001
2020-11-15,289.89243,294.125,1.1686980724334717,2.1673706,0.555556
2020-11-16,292.10074,296.15,0.443928062915802,1.1681623,0.555556
2020-11-17,291.35687,291.575,0.5873441696166992,1.4606797,0.555556
2020-11-18,291.0651,294.925,0.13662874698638916,1.246976,0.416667
2020-11-19,290.76224,293.575,0.9979456663131714,1.71442,0.416667
2020-11-20,292.00897,294.675,0.06304681301116943,1.6830711,0.555556
2020-11-21,293.04733,296.2,0.0,1.8829466,0.6944450000000001
2020-11-22,294.96854,297.17499999999995,0.0,2.8299105,0.6944450000000001
2020-11-23,297.0878,294.3,0.8012800812721252,3.5262597,0.833334
2020-11-24,299.78802,297.2,0.3773495554924011,2.0528316,0.6944450000000001
2020-11-25,295.48306,299.675,0.2257823944091797,2.5739963,0.6944450000000001
2020-11-26,292.58685,295.525,0.00426173210144043,2.2701805,0.555556
2020-11-27,293.44766,295.1,0.5223453044891357,2.4021132,0.555556
2020-11-28,295.93756,301.2,1.6126930713653564,1.3807372,0.416667
2020-11-29,295.3768,298.35,1.500457525253296,1.933671,0.555556
2020-11-30,291.82736,295.875,0.06827712059020996,2.5646596,0.555556
2020-12-01,293.46262,298.15,4.671483993530273,1.8668823,0.416667
2020-12-02,293.5804,296.225,0.4302561283111572,2.2913535,0.833334
2020-12-03,293.58932,295.375,2.4266419410705566,1.8560991,0.555556
2020-12-04,287.41797,290.925,0.0,2.49285,0.555556
2020-12-05,288.62772,291.05,0.0064373016357421875,1.4588952,0.555556
2020-12-06,290.80032,293.375,0.0,1.7175905,0.555556
2020-12-07,292.34198,295.0,0.13649463653564453,2.2187564,0.555556
2020-12-08,294.47067,297.625,1.0469555854797363,2.0880666,0.555556
2020-12-09,297.49512,299.65,0.0,2.0788677,0.416667
2020-12-10,299.53195,293.675,0.004440545570105314,3.9298515,0.555556
2020-12-11,295.11386,296.9776306152344,0.0,3.6701488,1.6348626613616943
2020-12-12,295.44458,297.3004455566406,1.0640472173690796,2.0247757,0.9620661735534668
2020-12-13,292.31802,294.24835205078125,0.0008523463038727641,3.301789,1.4842395782470703
2020-12-14,293.7951,295.6902770996094,0.0,2.9718106,1.3493106365203857
2020-12-15,293.79446,295.68963623046875,0.013353927060961723,3.438182,1.5400110483169556
2020-12-16,294.4631,296.34234619140625,0.1262873411178589,1.9134718,0.9165537357330322
2020-12-17,296.19934,305.05,0.9776949882507324,2.4538834,1.3888900000000002
2020-12-18,298.4557,299.05,3.5736019611358643,3.4032204,1.666668
2020-12-19,294.53864,295.05,0.21839141845703125,2.7393072,1.111112
2020-12-20,291.4629,293.6,0.000858306884765625,1.5082299,0.833334
2020-12-21,293.93588,296.4,0.0,2.0950756,1.111112
2020-12-22,295.3727,297.95,0.0008523463038727641,3.0510452,1.111112
2020-12-23,296.78513,299.4,0.30985474586486816,2.372935,1.111112
2020-12-24,297.8115,300.5,1.8466291427612305,1.8994775,1.3888900000000002
2020-12-25,296.34244,298.85,0.008630752563476562,1.4406949,1.111112
2020-12-26,296.63388,299.75,0.17055869102478027,1.724021,0.833334
2020-12-27,297.26132,300.1,4.007071495056152,1.8385316,0.833334
2020-12-28,296.3264,296.9,0.02767890691757202,1.3034694,0.833334
2020-12-29,296.85825,298.4,0.9919852018356323,1.2952787,0.833334
2020-12-30,293.86017,293.55,0.00043511379044502974,2.8185005,1.666668
2020-12-31,293.62012,295.4,0.0,1.8240747,0.833334
2021-01-01,295.0261,297.55,0.0,2.7685251,1.111112
2021-01-02,296.11554,299.25,2.244546890258789,2.3662179,1.111112
2021-01-03,292.19016,296.4,0.44985121488571167,1.2481365,0.555556
2021-01-04,293.84662,297.7,1.6977860927581787,1.1976117,1.111112
2021-01-05,293.48682,293.9,3.7057995796203613,2.3259106,1.666668
2021-01-06,292.01718,295.9,0.0034868717193603516,0.9385917,0.833334
2021-01-07,294.20908,295.8,0.21752715110778809,1.4845943,1.111112
2021-01-08,294.72546,296.5,3.5767927169799805,1.8905424,1.3888900000000002
2021-01-09,293.2037,297.35,0.4531964659690857,1.5420603,1.111112
2021-01-10,294.76883,299.25,2.6445837020874023,2.5406687,1.111112
2021-01-11,295.25143,295.45,0.5335919857025146,1.9171863,1.3888900000000002
2021-01-12,291.5659,295.35,0.3897473216056824,2.4952946,1.3888900000000002
2021-01-13,291.34018,296.6,0.5885735154151917,1.3968738,0.833334
2021-01-14,293.18048,298.0,2.946704626083374,2.1175687,0.833334
2021-01-15,294.0745,297.65,2.4649648666381836,1.2986971,1.111112
2021-01-16,292.1548,292.45,0.0,1.7559385,1.3888900000000002
2021-01-17,290.92728,293.6,0.00043511379044502974,2.3052523,1.111112
2021-01-18,293.7017,295.7,0.0,1.6588877,1.111112
2021-01-19,293.69104,296.4,0.0,1.894475,1.111112
2021-01-20,293.7958,296.45,0.0,1.7689432,1.111112
2021-01-21,294.93472,298.1,0.00046193599700927734,1.635755,1.111112
2021-01-22,295.907,299.0,0.19174812734127045,1.470304,1.111112
2021-01-23,296.51566,301.25,1.3789087533950806,1.7237606,1.111112
2021-01-24,296.81247,300.5,9.506672859191895,1.4200029,1.111112
2021-01-25,296.48697,301.1,0.34287571907043457,1.2689393,0.833334
2021-01-26,295.73587,297.7,1.7778575420379639,1.635664,0.833334
2021-01-27,296.04153,299.4,3.5004348754882812,1.8169438,0.833334
2021-01-28,295.70895,299.45,0.3388330340385437,2.050522,1.111112
2021-01-29,294.17563,296.65,12.369040489196777,1.6312103,1.111112
2021-01-30,291.1726,292.8,1.422800064086914,2.3569076,1.666668
2021-01-31,287.8731,290.25,0.5607492923736572,2.4775867,1.111112
2021-02-01,288.35962,291.85,1.0928287506103516,1.7958485,1.111112
2021-02-02,287.94034,292.7,0.31495094299316406,2.1960263,1.3888900000000002
2021-02-03,289.60477,293.65,0.0004351139650680125,1.6349525,0.833334
2021-02-04,291.51352,294.0,0.0031888484954833984,1.7767,1.111112
2021-02-05,292.8295,295.7,0.0004351138195488602,1.6044534,0.833334
2021-02-06,293.97086,297.15,0.16717612743377686,1.953824,1.3888900000000002
2021-02-07,294.63718,297.6,0.6857812404632568,2.1085722,1.111112
2021-02-08,293.2808,294.85,1.0214922428131104,1.3593937,1.3888900000000002
2021-02-09,289.28134,292.8,2.254054069519043,2.2570744,1.3888900000000002
2021-02-10,290.25192,294.35,0.2927333116531372,1.2755828,0.833334
2021-02-11,291.15366,295.8,3.965303421020508,1.0574446,0.833334
2021-02-12,291.83823,296.8,0.21699070930480957,0.9206707,0.833334
2021-02-13,292.9823,296.9,0.200306698679924,1.0477517,1.111112
2021-02-14,294.5704,297.9,0.8921325206756592,1.4919338,1.111112
2021-02-15,293.58948,296.4,4.351228713989258,1.5510174,1.3888900000000002
2021-02-16,291.85208,295.2,0.21415945887565613,1.1105213,0.833334
2021-02-17,292.75717,297.85,0.13214349746704102,1.0240495,0.833334
2021-02-18,294.87274,299.55,4.0690155029296875,1.9732307,1.111112
2021-02-19,292.24167,294.1,0.2650134265422821,2.0396323,1.3888900000000002
2021-02-20,292.38748,295.55,0.12111663818359375,1.7622527,0.833334
2021-02-21,293.00278,298.25,0.06982088088989258,2.1192734,0.833334
2021-02-22,295.59866,299.15,1.9451379776000977,1.9393944,1.3888900000000002
2021-02-23,292.35828,293.45,0.0235140323638916,1.8528528,0.555556
2021-02-24,292.79868,296.75,0.00451505184173584,1.542193,0.833334
2021-02-25,294.46555,297.8,0.029653310775756836,1.8502787,1.111112
2021-02-26,294.45914,297.7,0.0979112908244133,2.2013073,1.111112
2021-02-27,294.5773,297.85,4.005238056182861,1.6725054,1.111112
2021-02-28,294.84128,299.65,4.055171966552734,1.3631595,0.833334
2021-03-01,294.26755,297.7,2.9386134147644043,1.2840403,0.833334
2021-03-02,293.6879,298.8,1.541048288345337,0.9713796,0.555556
2021-03-03,293.12686,296.4,0.18727779388427734,0.9757781,0.277778
2021-03-04,293.80725,297.9,0.07870792597532272,1.6459483,0.833334
2021-03-05,294.51895,298.95,0.00928342342376709,1.6813484,0.833334
2021-03-06,295.28226,299.85,0.002905726432800293,1.4624382,0.833334
2021-03-07,295.6419,299.7,0.3827810287475586,1.5384394,0.833334
2021-03-08,293.3842,298.5,0.016391277313232422,2.1532962,1.3888900000000002
2021-03-09,293.56796,297.65,0.0008597968844696879,1.6458898,1.111112
2021-03-10,294.7342,298.9,0.3251284658908844,2.595834,1.3888900000000002
2021-03-11,294.42087,297.4,2.79073429107666,1.5744995,1.3888900000000002
2021-03-12,292.4632,295.65,0.4391670227050781,1.3700479,0.833334
2021-03-13,292.49106,298.1,0.7077884078025818,1.6613096,0.555556
2021-03-14,294.14917,297.9,1.517951488494873,1.6479622,0.833334
2021-03-15,292.2609,296.3,2.5243310928344727,1.3434926,0.833334
2021-03-16,292.93936,295.35,0.26038289070129395,1.903592,1.111112
2021-03-17,288.48505,290.5,0.3262935280799866,2.316788,1.666668
2021-03-18,286.2441,289.2,0.05687400698661804,2.0322382,0.833334
2021-03-19,286.3998,289.9,0.7389560341835022,1.4597057,0.555556
2021-03-20,290.04825,293.15,0.0013113021850585938,1.9146544,1.3888900000000002
2021-03-21,289.0205,291.5,0.0007152557373046875,1.9018589,0.833334
2021-03-22,289.57925,294.45,0.0004276632098481059,1.1333532,0.833334
2021-03-23,290.4728,293.4,0.22557377815246582,1.9784368,0.833334
2021-03-24,291.03836,293.5,1.0824426412582397,1.9355739,0.833334
2021-03-25,292.39197,294.3,0.5184710025787354,1.2324761,1.111112
2021-03-26,289.3311,291.2,0.0008672475232742727,1.9951377,1.3888900000000002
2021-03-27,287.51892,290.3,0.0008523464202880859,1.6153446,1.111112
2021-03-28,287.36676,290.35,0.0008597970008850098,1.3586106,1.111112
2021-03-29,288.45425,292.7,0.0008523463038727641,1.3756342,0.833334
2021-03-30,289.0869,291.95,0.0008583069429732859,1.6908103,0.833334
2021-03-31,288.34918,292.05,0.1594962626695633,1.8922997,1.111112
2021-04-01,288.02762,290.7,0.08188188076019287,1.5645705,0.833334
2021-04-02,289.32455,294.2,0.000852346362080425,1.7498951,1.111112
2021-04-03,290.30325,295.6,0.009462237358093262,1.744984,0.833334
2021-04-04,291.0765,295.15,0.12530386447906494,2.0245955,1.111112
2021-04-05,291.6967,296.3,0.1525282859802246,1.8658396,0.833334
2021-04-06,291.35703,295.35,0.303611159324646,1.8000368,0.833334
2021-04-07,291.293,293.1,0.8167028427124023,2.1804354,0.833334
2021-04-08,293.58865,299.15,2.995863437652588,2.1053035,1.3888900000000002
2021-04-09,291.5097,293.25,2.824462890625,1.3603387,0.833334
2021-04-10,290.45706,291.2,0.46424567699432373,1.1379732,1.111112
2021-04-11,287.2775,290.35,0.0008678783779032528,1.5865574,0.833334
2021-04-12,286.73474,290.5,0.0008523706928826869,1.7547803,0.833334
2021-04-13,286.7983,291.45,0.0004276632098481059,1.7138888,0.833334
2021-04-14,287.75586,293.1,0.0008521893760189414,2.1077394,1.111112
2021-04-15,290.7582,295.25,0.004631459712982178,1.5481592,0.833334
2021-04-16,292.15146,295.45,0.0788569450378418,1.6388406,0.555556
2021-04-17,291.77762,296.1,0.18934905529022217,1.7306343,0.833334
2021-04-18,291.63846,296.0,0.09582936763763428,2.0988529,0.833334
2021-04-19,291.24307,295.5,0.29414892196655273,2.371362,0.833334
2021-04-20,290.8221,297.1,1.5924125909805298,2.7217598,1.111112
2021-04-21,290.42773,295.55,0.5506165027618408,2.207889,1.111112
2021-04-22,288.9823,292.5,0.7530600428581238,1.2670685,0.833334
2021-04-23,290.18143,295.15,0.3246814012527466,1.1393274,1.111112
2021-04-24,288.67603,292.7,0.0,2.049766,1.111112
2021-04-25,286.49493,289.3,0.0,1.3720652,0.555556
2021-04-26,286.78165,289.9,0.0004284940368961543,1.3566527,0.833334
2021-04-27,286.5791,290.65,0.00043511379044502974,1.7890358,0.833334
2021-04-28,287.275,291.25,0.000858306884765625,1.7121454,0.833334
2021-04-29,287.10617,290.8,0.0004276632098481059,2.3247705,0.833334
2021-04-30,286.65482,289.25,0.0,2.67652,1.111112
2021-05-01,287.23102,291.05,0.0,2.3387773,1.111112
2021-05-02,289.15073,292.6,0.692516565322876,2.4467123,0.833334
2021-05-03,291.06534,296.25,0.2848803997039795,1.7373775,1.111112
2021-05-04,283.51077,284.15,1.2239962816238403,3.8191001,1.666668
2021-05-05,280.354,281.5,0.00286102294921875,1.1243299,0.277778
2021-05-06,283.06534,287.7,0.00042617321014404297,1.314704,0.555556
2021-05-07,282.02515,285.7,0.0,2.018475,0.833334
2021-05-08,281.71738,285.6,0.0008559343405067921,2.1174831,0.833334
2021-05-09,283.5041,285.9,0.005781650543212891,1.1351491,0.555556
2021-05-10,283.9199,287.6,0.11292845010757446,2.010543,0.833334
2021-05-11,282.46942,287.5,0.0008672475814819336,1.1543804,0.555556
2021-05-12,282.97482,286.5,0.000862760643940419,2.0139413,1.3888900000000002
2021-05-13,283.95755,289.75,0.0008790116989985108,2.340376,1.3888900000000002
2021-05-14,283.7154,287.7,0.0008597968844696879,1.9857559,1.111112
2021-05-15,284.53036,288.2,0.0008597968844696879,1.6175508,0.833334
2021-05-16,286.4541,289.75,0.0008523463038727641,1.4603682,0.555556
2021-05-17,286.6764,289.3,0.05622208118438721,1.507553,0.555556
2021-05-18,286.09912,290.9,0.07514655590057373,2.330682,0.555556
2021-05-19,287.24265,292.85,0.16270576417446136,1.787953,0.833334
2021-05-20,286.05353,288.1,2.1816344261169434,0.8801599,0.555556
2021-05-21,285.6298,287.1,0.0,1.4090959,1.111112
2021-05-22,281.81296,284.4,0.0,2.8678112,2.222224
2021-05-23,281.26093,284.85,0.000858306884765625,1.5571963,0.833334
2021-05-24,282.24295,284.8,0.0,2.2043877,1.666668
2021-05-25,283.58707,286.45,0.0008716578013263643,2.1895049,0.833334
2021-05-26,284.2745,287.65,0.0,1.6996101,1.111112
2021-05-27,285.35757,287.95,0.0,2.3874,1.9444460000000001
2021-05-28,286.75308,289.75,0.0,2.5875585,1.3888900000000002
2021-05-29,283.6848,287.4,0.0008597968844696879,1.4647369,0.833334
2021-05-30,282.85245,285.25,0.0,2.0153391,1.666668
2021-05-31,285.27563,288.5,0.0008527869358658791,2.2882197,1.111112
2021-06-01,286.9076,289.65,0.0,2.6993506,1.666668
2021-06-02,285.66617,288.9,0.00043511384865269065,1.8369476,0.555556
2021-06-03,286.82083,289.5,0.0,2.7757542,1.9444460000000001
2021-06-04,288.55054,293.65,0.18973462283611298,2.2372398,1.3888900000000002
2021-06-05,286.77844,287.95,0.0,2.7090807,1.666668
2021-06-06,282.72003,286.55,0.008851289749145508,1.5141726,0.833334
2021-06-07,282.61667,284.7,0.00043511379044502974,0.98856336,1.111112
2021-06-08,282.82254,287.35,0.00813603401184082,1.6910347,0.833334
2021-06-09,284.56906,289.65,0.0011771917343139648,2.1498377,1.666668
2021-06-10,283.35062,286.9,0.0,1.9578396,1.111112
2021-06-11,284.33865,286.4,0.0,1.4147062,0.833334
2021-06-12,285.50815,288.85,0.0008597968844696879,2.4962962,1.666668
2021-06-13,286.70935,291.6,0.00043213367462158203,2.8032112,2.222224
2021-06-14,283.67294,286.1,0.016689300537109375,2.638378,1.666668
2021-06-15,279.00174,280.7,0.3880709409713745,2.0367794,1.3888900000000002
2021-06-16,275.01108,276.0,0.03161430358886719,1.3121108,0.555556
2021-06-17,274.19382,276.6,0.0244826078414917,0.81563884,0.833334
2021-06-18,274.30167,278.55,0.011041760444641113,0.9379279,0.555556
2021-06-19,277.28824,280.7,0.0008648807997815311,1.1723553,0.555556
2021-06-20,277.17654,281.8,0.0,2.1354334,0.833334
2021-06-21,279.0565,284.45,0.003382563591003418,1.6267122,0.833334
2021-06-22,279.4154,282.8,0.009641051292419434,2.3901012,1.111112
2021-06-23,282.40775,288.65,0.0008523463038727641,1.9036609,1.111112
2021-06-24,281.90927,286.75,0.0008523463038727641,1.7343429,0.555556
2021-06-25,282.4831,284.0,0.7018297910690308,2.4667218,1.3888900000000002
2021-06-26,279.29025,281.85,0.00016391277313232422,3.06121,1.9444460000000001
2021-06-27,275.9916,278.9,0.0008597968844696879,1.926994,1.3888900000000002
2021-06-28,275.18112,279.05,0.000858306884765625,1.32315,0.833334
2021-06-29,275.91562,280.35,0.0008642673492431641,1.4168739,0.833334
2021-06-30,277.90396,280.55,0.0,2.7047493,1.3888900000000002
2021-07-01,280.32938,286.25,0.0,2.835866,2.7777800000000004
2021-07-02,280.1617,283.75,0.0008614336256869137,2.3737571,0.833334
2021-07-03,280.34778,283.85,0.0008649697992950678,2.1014218,0.833334
2021-07-04,282.23483,285.7,5.102265276946127e-07,2.3720217,1.666668
2021-07-05,282.24097,286.9,0.0,1.9303597,0.833334
2021-07-06,284.54886,288.35,0.14328211545944214,2.9102275,1.111112
2021-07-07,285.52698,290.8,0.004202127456665039,1.927371,0.833334
2021-07-08,285.68884,288.15,0.0008626177441328764,2.1138313,1.111112
2021-07-09,289.9299,294.25,0.015169382095336914,3.6553771,1.9444460000000001
2021-07-10,284.80997,287.2,0.0008597968844696879,2.5782845,1.3888900000000002
2021-07-11,283.12643,287.4,0.000858306884765625,2.0846338,0.833334
2021-07-12,285.78952,289.45,0.06722657382488251,1.6928893,1.111112
2021-07-13,284.166,288.25,0.9002983570098877,2.0101223,1.3888900000000002
2021-07-14,282.67993,285.6,0.0008523463038727641,1.6634709,1.111112
2021-07-15,281.19073,284.25,0.0,1.4152964,0.833334
2021-07-16,281.2321,284.3,0.0008523463038727641,2.6069186,1.9444460000000001
2021-07-17,280.7994,283.15,0.0008583069429732859,2.3766162,1.111112
2021-07-18,277.7596,279.7,0.0,1.4558864,0.833334
2021-07-19,278.67746,281.85,0.0,2.0397801,1.3888900000000002
2021-07-20,281.60904,288.1,0.0,2.3519595,1.666668
2021-07-21,284.31613,288.1,0.0,2.4822984,1.3888900000000002
2021-07-22,284.16092,289.35,0.000858306884765625,2.4631715,1.666668
2021-07-23,286.64682,292.7,0.000858306884765625,2.2254782,1.111112
2021-07-24,287.0019,289.95,0.000858306884765625,1.4511666,0.833334
2021-07-25,284.02402,285.65,0.019788742065429688,1.4775939,1.111112
2021-07-26,281.51938,284.5,0.0,2.3151686,1.3888900000000002
2021-07-27,279.46143,281.8,0.0008523463038727641,1.4658251,0.833334
2021-07-28,278.26877,280.6,0.0008672475814819336,1.5864154,1.111112
2021-07-29,277.96353,281.4,0.000858306884765625,1.3852223,1.111112
2021-07-30,279.16986,285.6,0.0008672475814819336,2.8096097,2.7777800000000004
2021-07-31,281.46988,283.95,0.00043511379044502974,2.0880551,1.9444460000000001
2021-08-01,282.12524,284.2,0.000858306884765625,1.4839784,0.833334
2021-08-02,282.59293,286.15,0.0008523463038727641,2.0908177,1.111112
2021-08-03,283.9991,288.3,0.0,2.2154217,1.111112
2021-08-04,284.10568,287.05,0.0,1.9056116,1.111112
2021-08-05,284.32892,287.6,0.0008523463038727641,2.1522079,0.833334
2021-08-06,286.46875,289.8,0.00043511379044502974,2.7295983,1.3888900000000002
2021-08-07,288.49753,290.5,0.009246365167200565,2.3615627,1.3888900000000002
2021-08-08,284.97604,287.2,0.08745212107896805,2.9316275,2.5000020000000003
2021-08-09,278.67087,282.1,0.0,3.67196,2.5000020000000003
2021-08-10,279.1287,281.9,0.0008546806639060378,1.1219549,0.833334
2021-08-11,279.80103,282.6,0.0005811452865600586,1.5443535,1.111112
2021-08-12,280.46115,282.3,0.000858306884765625,1.2965684,1.111112
2021-08-13,279.2876,281.95,0.000858306884765625,1.5076904,1.111112
2021-08-14,280.9707,284.45,0.0,1.5381507,0.833334
2021-08-15,282.9371,286.0,0.0008672475814819336,2.1692972,1.111112
2021-08-16,286.6996,293.75,0.00043511379044502974,2.7097912,1.9444460000000001
2021-08-17,289.3424,292.0,0.00171661376953125,2.0745685,1.111112
2021-08-18,292.49417,296.4,0.0004351138195488602,2.4527316,1.9444460000000001
2021-08-19,288.40314,288.45,0.08954107761383057,2.3592384,1.666668
2021-08-20,283.12448,284.9,0.0023171305656433105,2.228451,1.3888900000000002
2021-08-21,284.44907,287.9,0.00042617321014404297,2.30887,1.3888900000000002
2021-08-22,286.2435,288.65,0.00043511379044502974,2.9195025,1.666668
2021-08-23,282.7584,282.35,0.000438024930190295,2.0105937,1.3888900000000002
2021-08-24,281.27396,284.4,0.04879385232925415,1.8029699,1.111112
2021-08-25,282.78537,284.45,0.0004291535005904734,1.2616602,1.111112
2021-08-26,283.77567,284.9,0.000858306884765625,2.752723,1.666668
2021-08-27,283.55624,286.8,0.00042617321014404297,2.3010504,1.111112
2021-08-28,287.15018,290.3,0.0008672475232742727,2.317812,1.111112
2021-08-29,288.2382,289.7,0.00042617321014404297,2.151408,1.111112
2021-08-30,289.6305,292.75,0.00362396240234375,2.8961856,1.3888900000000002
2021-08-31,293.21854,296.15,1.908823847770691,2.7867603,1.111112
2021-09-01,293.17368,297.35,2.9812753200531006,1.9490131,2.222224
2021-09-02,287.8181,288.8,0.1287907361984253,2.4397714,1.666668
2021-09-03,286.42972,288.15,0.21055340766906738,1.5178522,0.833334
2021-09-04,287.39236,291.9,0.09322911500930786,1.6637044,1.666668
2021-09-05,286.27048,288.7,0.11305510997772217,1.4729358,1.111112
2021-09-06,286.30185,292.15,1.0171383619308472,1.4695158,1.111112
2021-09-07,285.9069,287.15,0.23052096366882324,1.7100192,1.3888900000000002
2021-09-08,283.32654,287.4,0.0008523463038727641,3.7617207,3.0555580000000004
2021-09-09,283.4791,286.85,6.492086868092883e-06,1.8268099,1.111112
2021-09-10,285.15186,287.3,0.0,1.3695074,1.111112
2021-09-11,287.02145,290.45,0.37467479705810547,3.6153314,1.666668
2021-09-12,291.33896,296.25,0.42559245228767395,2.8191102,2.222224
2021-09-13,288.70093,293.1,0.0045299530029296875,2.0556865,1.9444460000000001
2021-09-14,284.48532,286.95,0.0008672475814819336,2.6697295,1.111112
2021-09-15,285.5156,286.85,0.0008602836751379073,2.0060525,1.111112
2021-09-16,286.31873,288.75,0.0008597968844696879,2.4117322,1.111112
2021-09-17,288.01862,291.65,0.0,2.3069117,1.3888900000000002
2021-09-18,289.80804,291.3,0.006139278411865234,2.1765373,1.111112
2021-09-19,290.9036,294.0,0.3961324691772461,1.5004088,1.111112
2021-09-20,287.84146,289.85,0.01831352710723877,2.9433603,2.222224
2021-09-21,284.97546,288.05,0.04200637340545654,2.0711443,1.111112
2021-09-22,284.36795,289.95,0.0008521033450961113,1.5027548,1.111112
2021-09-23,286.57617,289.25,5.90443960390985e-06,1.5213767,1.3888900000000002
2021-09-24,288.65665,290.6,0.00043511379044502974,1.6086639,1.111112
2021-09-25,289.0977,292.05,0.00043511379044502974,2.8976686,1.3888900000000002
2021-09-26,291.26306,292.2,0.0,2.1301649,1.666668
2021-09-27,290.04672,291.9,0.06580352783203125,1.7817545,1.666668
2021-09-28,287.22266,287.75,0.030338764190673828,2.082997,1.111112
2021-09-29,288.01022,294.6,0.9712130427360535,1.991332,1.111112
2021-09-30,290.6885,293.95,0.011913478374481201,3.2526824,2.5000020000000003
2021-10-01,287.70844,292.7,0.16451776027679443,2.0351963,1.111112
2021-10-02,289.30603,291.45,0.0016316771507263184,3.061203,2.5000020000000003
2021-10-03,285.88565,289.85,0.0,2.3867776,1.3888900000000002
2021-10-04,286.6396,288.25,0.0008523463038727641,1.8324237,1.111112
2021-10-05,288.86618,290.9,0.0008672475814819336,3.229433,1.3888900000000002
2021-10-06,286.28748,287.7,0.0,2.9659843,2.222224
2021-10-07,285.3837,286.75,0.1084059476852417,1.8835577,1.111112
2021-10-08,286.49448,292.7,0.15306472778320312,1.4500314,1.111112
2021-10-09,287.52264,290.9,0.7161572575569153,1.5919853,1.111112
2021-10-10,288.0331,292.6,0.00171661376953125,1.2411841,0.833334
2021-10-11,289.1837,292.0,0.009149312973022461,1.3548013,0.833334
2021-10-12,291.11575,293.75,3.9586572647094727,2.4615195,1.111112
2021-10-13,290.88925,293.7,3.964707374572754,2.4015703,1.3888900000000002
2021-10-14,288.28683,293.6,0.18423795700073242,2.6596403,1.9444460000000001
2021-10-15,284.00177,287.85,0.0,2.6735268,1.3888900000000002
2021-10-16,286.28708,288.25,0.07617770880460739,1.7068857,1.111112
2021-10-17,287.3499,289.9,0.13083219528198242,1.9466716,1.111112
2021-10-18,288.61975,293.0,0.0004291534423828125,1.2713909,1.111112
2021-10-19,289.83237,292.15,0.0,2.2674,1.111112
2021-10-20,291.26706,293.05,0.21985173225402832,2.9089663,1.111112
2021-10-21,293.13452,294.8,0.30609965324401855,2.3901181,1.3888900000000002
2021-10-22,293.63333,297.45,1.356579303741455,2.3689396,1.666668
2021-10-23,289.1113,293.0,0.0,2.8079853,1.9444460000000001
2021-10-24,290.7021,292.25,0.0008745423401705921,1.8080591,1.111112
2021-10-25,295.814,302.05,0.0008523463038727641,2.550072,1.3888900000000002
2021-10-26,298.75085,300.45,0.0008597968844696879,3.3428395,1.3888900000000002
2021-10-27,297.04996,299.15,0.5074143409729004,2.9461243,1.111112
2021-10-28,298.16348,299.75,0.002905726432800293,2.3489542,1.3888900000000002
2021-10-29,298.49356,299.75,1.1846423149108887,1.734944,1.111112
2021-10-30,298.07388,300.55,0.725865364074707,1.6233425,0.833334
2021-10-31,294.05215,291.65,7.504954814910889,2.2226546,1.3888900000000002
2021-11-01,287.34747,290.45,0.10782480239868164,1.6320105,1.111112
2021-11-02,289.07443,292.125,0.0008672475232742727,1.2157911,0.694445
2021-11-03,291.845,295.425,5.146697044372559,1.8339959,0.694445
2021-11-04,290.52176,291.025,2.55061674118042,2.1816254,0.9722230000000001
2021-11-05,281.54562,284.5,0.05358457565307617,4.0457644,1.111112
2021-11-06,284.67435,288.0,0.016942620277404785,1.631704,0.555556
2021-11-07,288.1489,290.6,0.9018033742904663,1.5672394,0.555556
2021-11-08,290.8777,293.0,5.83098840713501,1.7324967,0.694445
2021-11-09,290.29446,291.70000000000005,2.2660207748413086,1.4092613,0.6944450000000001
2021-11-10,289.6261,291.45,0.1361370086669922,1.2364548,0.555556
2021-11-11,291.5328,293.225,0.00043511379044502974,2.1179683,0.9722230000000001
2021-11-12,292.49252,294.75,3.9520411491394043,1.9877229,0.9722230000000001
2021-11-13,294.2062,298.05,2.3290178775787354,3.0708249,1.5277790000000002
2021-11-14,290.59,292.525,0.004872679710388184,2.5806103,0.694445
2021-11-15,291.57532,294.4,1.4764890670776367,2.2346892,1.111112
2021-11-16,286.62247,289.15,0.0016391277313232422,3.7586753,1.8055570000000003
2021-11-17,286.20514,288.1,0.000858306884765625,1.5327282,0.6944450000000001
2021-11-18,290.55957,292.05,0.0008597968844696879,1.9408102,0.833334
2021-11-19,293.30273,294.775,0.0008523463038727641,2.176567,0.694445
2021-11-20,294.55298,295.8,1.3030444279138464e-05,2.7063208,0.694445
2021-11-21,296.152,297.775,0.24899840354919434,2.4858565,0.9722230000000001
2021-11-22,297.21765,299.35,0.06108731031417847,2.1028686,0.833334
2021-11-23,294.47888,296.875,0.12949830293655396,2.4113123,0.9722230000000001
2021-11-24,294.9359,296.55,1.7805099487304688,3.426697,0.9722230000000001
2021-11-25,296.41406,297.8,0.0,2.3978846,0.9722230000000001
2021-11-26,294.50232,295.025,1.3922454118728638,2.1383142,0.833334
2021-11-27,293.9981,297.4,3.031782865524292,2.265993,1.38889
2021-11-28,292.36398,293.0,0.00043511379044502974,3.0883827,1.111112
2021-11-29,292.50302,293.775,0.10728836059570312,1.4676517,0.833334
2021-11-30,294.70422,295.05,1.472577452659607,2.3508081,0.9722230000000001
2021-12-01,292.96048,295.57500000000005,0.08955597877502441,1.6387259,0.833334
2021-12-02,294.83194,296.325,0.025987625122070312,2.2297032,0.9722230000000001
2021-12-03,294.9274,297.225,0.20726321637630463,2.196123,0.833334
2021-12-04,293.90137,295.65,0.25141239166259766,1.317699,0.694445
2021-12-05,292.4661,292.375,0.522140383720398,1.350771,0.8333340000000001
2021-12-06,292.8768,295.775,0.008303672075271606,1.5472506,0.555556
2021-12-07,295.22592,297.04999999999995,0.08855760097503662,2.364275,0.9722230000000001
2021-12-08,295.082,296.57500000000005,2.070769786834717,1.7792158,0.9722230000000001
2021-12-09,292.2122,291.3,1.1948347091674805,1.3735123,0.277778
2021-12-10,291.4891,293.0,0.017839670181274414,1.2675954,0.416667
2021-12-11,294.03415,296.75,2.39524245262146,1.70493,0.9722230000000001
2021-12-12,293.60693,293.54999999999995,3.681518077850342,1.5486689,0.9722230000000001
2021-12-13,290.09647,293.07500000000005,1.53946852684021,2.4845235,0.6944450000000001
2021-12-14,292.04636,295.925,1.781076192855835,1.426911,0.694445
2021-12-15,292.65558,294.67499999999995,0.007763504981994629,1.4547478,0.9722230000000001
2021-12-16,294.61203,296.67499999999995,0.00043511379044502974,1.5282825,0.833334
2021-12-17,295.17294,297.525,0.0,1.6699762,0.833334
2021-12-18,296.14478,297.85,0.001996755599975586,1.8615743,0.833334
2021-12-19,298.01297,300.075,0.024408487603068352,1.681846,0.694445
2021-12-20,299.35098,300.175,3.7170052528381348,1.7719201,0.833334
2021-12-21,298.16367,299.20000000000005,6.214858055114746,1.6478504,1.2500010000000001
2021-12-22,294.82333,296.65,0.011041760444641113,2.1323607,0.833334
2021-12-23,295.78568,298.925,0.002044439082965255,1.7452682,0.694445
2021-12-24,297.35458,299.475,0.7316172122955322,1.7715396,0.694445
2021-12-25,297.19333,299.82500000000005,0.05695223808288574,1.7263597,0.6944450000000001
2021-12-26,296.38882,299.9,0.40878355503082275,1.5171448,0.6944450000000001
2021-12-27,298.3695,300.125,0.3231540322303772,1.440456,0.694445
2021-12-28,297.48764,300.92499999999995,0.0008597970008850098,1.9326897,0.833334
2021-12-29,298.7316,300.07500000000005,1.0235905647277832,2.6721032,0.833334
2021-12-30,298.9799,299.75,0.048354268074035645,2.3080451,1.2500010000000001
2021-12-31,297.97018,301.05,0.12774765491485596,2.1758463,0.9722230000000001
2022-01-01,299.87766,300.42499999999995,0.997692346572876,2.3156672,1.2500010000000001
2022-01-02,298.83212,302.6,0.8956942558288574,2.156567,1.2500010000000001
2022-01-03,298.359,300.07500000000005,1.3269782066345215,1.8993155,0.9722230000000001
2022-01-04,297.26007,297.4,0.0005960464477539062,2.1172142,1.666668
2022-01-05,295.11224,298.025,0.011764466762542725,2.0035682,0.833334
2022-01-06,295.08963,298.0,0.10132789611816406,1.8252937,1.111112
2022-01-07,295.84418,297.075,0.06768852472305298,1.4535831,0.833334
2022-01-08,296.66824,298.225,0.00043511379044502974,1.9712877,0.833334
2022-01-09,298.10806,299.5,0.000858306884765625,1.8002162,0.833334
2022-01-10,299.93185,301.0,0.00043511384865269065,1.6179112,0.694445
2022-01-11,301.3629,296.85,0.0,1.7687687,0.694445
2022-01-12,302.72684,302.45000000000005,0.0004278960986994207,2.148103,0.833334
2022-01-13,302.84,302.1,0.0008553267689421773,2.9461403,0.9722230000000001
2022-01-14,302.48666,297.225,0.0756978988647461,3.0898418,0.9722230000000001
2022-01-15,303.2792,298.975,0.5162656307220459,2.612312,0.9722230000000001
2022-01-16,301.45517,301.575,0.8961905241012573,1.5100832,1.111112
2022-01-17,297.293,295.9,1.1475943326950073,2.0392075,0.9722230000000001
2022-01-18,291.92648,290.25,0.22779405117034912,2.4608319,0.9722230000000001
2022-01-19,291.88754,293.525,0.5310475826263428,1.6767975,0.833334
2022-01-20,294.9482,298.75,0.4658997058868408,2.3074944,0.416667
2022-01-21,299.495,303.45,4.761860370635986,2.7213135,1.2500010000000001
2022-01-22,297.7232,297.42499999999995,5.2811055183410645,2.0109572,0.9722230000000001
2022-01-23,294.65573,296.6,2.434685707092285,1.5179526,0.694445
2022-01-24,295.87216,298.0,5.270332336425781,1.4375366,0.555556
2022-01-25,296.11356,299.075,0.3115534782409668,1.2309113,0.555556
2022-01-26,295.94876,297.225,1.0441653728485107,1.9416288,1.2500010000000001
2022-01-27,291.78217,292.475,0.00042617321014404297,2.8678405,0.9722230000000001
2022-01-28,291.8751,293.3,0.009447336196899414,1.4317344,0.694445
2022-01-29,293.83615,295.55,0.10901689529418945,1.6333094,0.833334
2022-01-30,295.54062,297.70000000000005,1.8590986728668213,1.5713825,0.833334
2022-01-31,294.54727,296.35,0.03680586814880371,1.8353996,0.6944450000000001
2022-02-01,296.24722,298.9,4.385173320770264,2.0767787,0.9722230000000001
2022-02-02,296.7399,296.725,0.9025558829307556,1.8884478,0.555556
2022-02-03,295.07593,297.175,4.474252700805664,1.1016151,0.555556
2022-02-04,293.49893,294.82500000000005,0.9023845791816711,1.2638137,0.833334
2022-02-05,291.33804,291.0,0.0012814998626708984,2.1316905,0.8333340000000001
2022-02-06,290.5337,291.32500000000005,0.0014483928680419922,1.2771412,0.833334
2022-02-07,292.61957,292.65,0.07471442222595215,1.5035248,0.833334
2022-02-08,293.97897,295.775,0.0008523465949110687,1.6120886,0.833334
2022-02-09,295.1713,296.54999999999995,0.0007301568984985352,2.2806404,0.9722230000000001
2022-02-10,296.01846,296.75,2.1614954471588135,2.5510542,0.833334
2022-02-11,292.66083,292.375,0.5834158658981323,2.4074185,1.2500010000000001
2022-02-12,288.1008,290.6,0.000858306884765625,3.1775265,1.111112
2022-02-13,290.743,292.025,0.10500050336122513,1.3301622,0.833334
2022-02-14,293.49796,295.79999999999995,0.00043511379044502974,1.601889,0.833334
2022-02-15,296.18832,297.0,2.0886807441711426,2.3008106,0.833334
2022-02-16,297.3123,298.9,0.03294646739959717,1.759368,0.833334
2022-02-17,295.35318,295.55,0.011935830116271973,2.0537033,0.6944450000000001
2022-02-18,295.43765,296.85,4.1387529373168945,1.692886,0.833334
2022-02-19,294.16617,294.525,0.003471970558166504,1.3305475,0.6944450000000001
2022-02-20,293.51205,294.475,0.4422515630722046,1.6688801,0.6944450000000001
2022-02-21,291.94202,293.975,0.17546117305755615,1.6902183,0.6944450000000001
2022-02-22,290.25537,293.0,1.4966577291488647,1.5689548,0.555556
2022-02-23,291.3112,294.15,3.321781635284424,1.641675,0.277778
2022-02-24,292.22357,293.17499999999995,0.03595650568604469,2.2327366,0.9722230000000001
2022-02-25,291.11966,294.45000000000005,0.34405291080474854,1.2828858,0.555556
2022-02-26,296.088,301.025,2.2943317890167236,2.1524274,0.833334
2022-02-27,297.96945,300.2,2.2520647048950195,1.494676,0.9722230000000001
2022-02-28,292.85086,295.0,0.0,2.8771296,0.9722230000000001
2022-03-01,292.31204,293.725,0.0004276632098481059,2.0334663,1.111112
2022-03-02,294.19125,295.45,0.08494556695222855,1.8910259,0.6944450000000001
2022-03-03,294.92328,296.225,2.389207363128662,1.9365643,0.833334
2022-03-04,295.96243,297.475,4.786864280700684,1.4192406,0.6944450000000001
2022-03-05,294.03244,294.55,0.3235817551612854,1.2005877,0.555556
2022-03-06,292.9694,293.9,0.00451505184173584,1.8112718,0.555556
2022-03-07,293.49582,295.725,0.011473894119262695,2.18341,0.9722230000000001
2022-03-08,290.88644,292.95,0.6909430027008057,2.014348,0.694445
2022-03-09,292.5975,295.95000000000005,0.7476583123207092,1.6072264,0.833334
2022-03-10,290.7749,290.625,0.000858306884765625,2.7421343,0.6944450000000001
2022-03-11,289.9404,291.7,0.00043741680565290153,1.8269238,0.555556
2022-03-12,290.8062,292.35,1.5592575073242188,1.6906837,0.833334
2022-03-13,290.55212,291.975,0.0008523463038727641,1.2390751,0.416667
2022-03-14,292.09262,294.425,0.0,1.4492316,0.555556
2022-03-15,294.62662,295.525,0.00043511379044502974,1.7600797,0.555556
2022-03-16,295.16113,296.625,0.5075185894966125,2.251343,0.833334
2022-03-17,294.28513,296.75,2.7989892959594727,1.8371716,0.833334
2022-03-18,289.00858,289.65,0.0067427754402160645,3.1826658,0.9722230000000001
2022-03-19,286.88644,286.875,0.0041425228118896484,2.038609,1.2500010000000001
2022-03-20,285.31558,287.225,0.00889599323272705,1.9384915,0.833334
2022-03-21,288.54395,288.95,0.10415911674499512,2.3978567,1.111112
2022-03-22,291.41675,289.95,0.12771785259246826,1.32335,0.555556
2022-03-23,292.44254,289.725,0.41621363162994385,2.2861521,1.5277790000000002
2022-03-24,287.8641,286.7,0.0008702277555130422,2.943947,1.38889
2022-03-25,287.79477,286.45,0.0,2.398527,0.8333340000000001
2022-03-26,289.09763,286.775,0.0008520312258042395,1.475648,0.694445
2022-03-27,291.0218,287.95,0.0,2.0413268,0.833334
2022-03-28,293.06137,289.1,0.05561113357543945,3.1059601,1.111112
2022-03-29,293.74802,290.325,0.02925097942352295,2.380975,1.2500010000000001
2022-03-30,285.41397,284.875,0.0,3.0289516,1.38889
2022-03-31,285.149,284.575,0.0008639448205940425,1.1520842,0.833334
2022-04-01,284.83255,285.025,0.0008650366798974574,2.2670305,1.111112
2022-04-02,285.48032,287.475,0.0008597968844696879,2.6240056,1.38889
2022-04-03,288.00305,287.825,0.0004351809329818934,2.5325089,1.2500010000000001
2022-04-04,287.6782,286.0,0.0008597969426773489,1.583253,0.833334
2022-04-05,289.20535,287.45,0.0008618885767646134,1.7449528,0.833334
2022-04-06,291.43854,288.6,0.20676851272583008,1.8884438,0.833334
2022-04-07,292.0232,288.65,0.0,1.6186486,0.694445
2022-04-08,292.8564,288.95,0.0005960464477539062,1.5999842,0.694445
2022-04-09,291.23944,288.6,0.5266368389129639,2.532817,0.694445
2022-04-10,291.40814,290.42499999999995,0.5517080426216125,1.5035138,0.694445
2022-04-11,289.4755,288.075,0.4385411739349365,2.0412517,0.9722230000000001
2022-04-12,287.37997,286.375,0.10368227958679199,1.142039,0.555556
2022-04-13,287.03806,286.85,0.0,1.369218,0.555556
2022-04-14,287.55234,286.075,0.05602836608886719,1.8534905,0.694445
2022-04-15,286.00064,285.375,0.1455843448638916,2.1598167,0.555556
2022-04-16,286.6014,286.0,0.1952722668647766,1.5640703,0.555556
2022-04-17,287.26022,286.65,0.0008523463038727641,1.3962504,0.555556
2022-04-18,287.5903,286.775,0.00043511379044502974,2.2231877,0.833334
2022-04-19,287.97446,286.9,0.13123451173305511,2.3948815,0.833334
2022-04-20,289.91678,288.85,0.05581602454185486,2.001333,1.2500010000000001
2022-04-21,289.41354,287.625,0.01831352710723877,1.7386107,0.833334
2022-04-22,286.8007,284.975,0.0008523463038727641,2.4376423,1.5277790000000002
2022-04-23,287.5099,287.3,0.0012442469596862793,2.7958298,1.666668
2022-04-24,290.7443,295.8,0.0004276632098481059,3.5081463,2.5000020000000003
2022-04-25,291.59314,290.45,0.000889185699634254,2.274669,0.833334
2022-04-26,291.49603,291.9,0.23348629474639893,2.610903,1.111112
2022-04-27,288.71152,287.225,0.0008642673492431641,2.5906088,0.833334
2022-04-28,284.01035,284.4,0.0008523463038727641,2.54242,0.9722230000000001
2022-04-29,283.11377,283.65,0.0008523463038727641,1.3824167,0.555556
2022-04-30,284.16895,286.225,0.0008672475814819336,1.1566608,0.555556
2022-05-01,284.4606,285.275,0.29438361525535583,1.7035898,0.6944450000000001
2022-05-02,283.96,286.6,0.010624527931213379,1.3739033,0.555556
2022-05-03,284.36087,284.925,0.000858306884765625,1.1473348,0.555556
2022-05-04,285.1845,287.025,0.00043511379044502974,1.881185,0.555556
2022-05-05,286.57574,287.15,0.0,2.2696207,0.9722230000000001
2022-05-06,287.29575,288.525,0.0,1.7417425,0.555556
2022-05-07,287.78207,288.175,0.000858306884765625,2.2652216,0.833334
2022-05-08,289.1691,290.975,0.04989653825759888,2.4593081,0.9722230000000001
2022-05-09,289.59457,292.825,0.03695487976074219,1.5002323,0.277778
2022-05-10,288.47827,289.5,0.37828272581100464,1.4320492,0.555556
2022-05-11,288.10236,288.75,0.020995736122131348,1.2992389,0.416667
2022-05-12,285.95145,288.925,0.017136335372924805,2.105327,0.416667
2022-05-13,286.2679,290.275,0.6457001566886902,1.3010526,0.555556
2022-05-14,285.4324,286.5,0.9524747729301453,1.3177834,0.6944450000000001
2022-05-15,281.64407,282.1,0.000855419784784317,1.5446326,0.277778
2022-05-16,281.6067,282.20000000000005,0.0,1.2653807,0.694445
2022-05-17,279.92163,281.0,0.0008523463038727641,1.677627,0.555556
2022-05-18,279.57016,280.8,0.0,1.3809694,0.555556
2022-05-19,280.54672,282.8,0.0,2.0643144,0.833334
2022-05-20,283.9697,286.225,0.00087323336629197,2.1982548,1.111112
2022-05-21,284.43005,286.45,0.0008523463038727641,1.7753798,0.555556
2022-05-22,284.58203,285.175,0.000858306884765625,2.3196814,1.111112
2022-05-23,286.23962,289.475,0.0008553261286579072,2.1179514,0.694445
2022-05-24,286.4349,287.775,0.1185983419418335,1.934482,0.6944450000000001
2022-05-25,283.8646,283.725,0.12896955013275146,2.1728811,0.9722230000000001
2022-05-26,281.22092,285.0,0.007711350917816162,1.5439992,0.416667
2022-05-27,282.16855,286.0,0.012189149856567383,1.2170709,0.6944450000000001
2022-05-28,282.59973,286.475,0.47497451305389404,1.1266338,0.416667
2022-05-29,281.71805,281.5,0.08100271224975586,1.5552748,0.833334
2022-05-30,279.765,278.925,0.02773106098175049,0.87668604,0.555556
2022-05-31,279.40018,282.92499999999995,0.022359192371368408,1.7473726,0.555556
2022-06-01,279.53592,282.025,0.10381639003753662,1.1883135,0.555556
2022-06-02,279.5839,282.725,0.000858306884765625,1.4182268,0.555556
2022-06-03,278.25195,280.275,0.000858306884765625,2.5432742,0.833334
2022-06-04,280.34512,282.85,0.0008597968844696879,2.1287947,0.9722230000000001
2022-06-05,281.55185,284.025,0.00043511379044502974,1.5515975,0.6944450000000001
2022-06-06,283.31387,285.75,0.00043511379044502974,1.5882038,0.416667
2022-06-07,284.08118,285.625,0.0008523463038727641,2.0533974,0.833334
2022-06-08,283.8302,286.07500000000005,0.0008594315149821341,1.5407372,0.416667
2022-06-09,283.1733,285.775,0.00043509897659532726,2.44949,0.9722230000000001
2022-06-10,280.86343,281.825,0.0008672475232742727,1.241912,0.555556
2022-06-11,281.3707,283.775,0.00043511379044502974,1.7691412,1.111112
2022-06-12,283.24805,284.0,0.00042617321014404297,2.5500753,1.111112
2022-06-13,284.83047,288.225,0.0008672475814819336,3.4200068,1.111112
2022-06-14,284.2025,286.70000000000005,0.00043511379044502974,2.657639,1.111112
2022-06-15,283.19653,283.85,0.0,1.4983267,0.555556
2022-06-16,282.4591,283.575,0.0004410743713378906,1.531972,0.555556
2022-06-17,281.7769,282.57500000000005,0.00043511384865269065,1.4386047,0.416667
2022-06-18,281.6642,282.04999999999995,0.00043511379044502974,2.795641,1.3888900000000002
2022-06-19,282.56262,286.975,0.0,2.3077624,1.38889
2022-06-20,281.78464,282.54999999999995,0.0,1.8686303,0.9722230000000001
2022-06-21,280.0917,281.675,0.19742551445960999,2.3184211,0.833334
2022-06-22,277.1312,278.375,0.006690621376037598,2.2415693,0.9722230000000001
2022-06-23,277.32718,280.525,0.0008530740160495043,1.0664277,0.555556
2022-06-24,277.59995,278.6,0.05447864532470703,1.3210899,0.833334
2022-06-25,277.536,279.525,0.1041218638420105,1.3070426,0.555556
2022-06-26,278.64355,281.725,0.7745175361633301,1.3436028,0.416667
2022-06-27,279.9498,281.975,0.9094588756561279,1.0010649,0.416667
2022-06-28,282.26062,285.1,0.00043511379044502974,1.7395984,0.694445
2022-06-29,283.81613,288.95000000000005,0.0,3.3849957,1.666668
2022-06-30,282.25867,283.975,0.004872679710388184,2.4784453,0.833334
2022-07-01,282.43594,283.475,0.0014603137969970703,2.7262042,2.083335
2022-07-02,281.79636,281.95,0.00043511379044502974,2.3017826,0.555556
2022-07-03,280.74893,281.0,0.000858306884765625,1.5619674,0.555556
2022-07-04,281.39426,282.65,0.0008625459158793092,1.256513,0.555556
2022-07-05,282.32303,283.2,0.00043511379044502974,1.6540414,0.555556
2022-07-06,283.1317,287.075,0.007428228855133057,2.8278027,1.8055570000000003
2022-07-07,280.75452,281.425,0.03026425838470459,2.1632674,0.694445
2022-07-08,280.80264,283.32500000000005,0.0008713254937902093,1.6417485,0.555556
2022-07-09,284.85617,288.825,0.11803209036588669,2.7418137,1.805557
2022-07-10,284.92288,286.55,0.33501535654067993,3.8106697,1.2500010000000001
2022-07-11,281.44775,281.85,0.00043511384865269065,3.4437177,1.2500010000000001
2022-07-12,278.93857,279.525,0.000865814508870244,2.2093322,1.5277790000000002
2022-07-13,281.4061,285.85,0.000858306884765625,3.1257098,2.222224
2022-07-14,282.94394,287.5,0.0111311674118042,2.0463989,1.5277790000000002
2022-07-15,280.61697,282.225,0.0430569052696228,2.945083,1.111112
2022-07-16,279.3915,280.04999999999995,0.0008672475814819336,2.2121732,0.555556
2022-07-17,278.61386,284.65,0.0,2.7332954,2.083335
2022-07-18,280.63583,282.325,0.00043511379044502974,2.7584763,1.38889
2022-07-19,280.18045,282.04999999999995,0.0008525782031938434,1.9777015,0.694445
2022-07-20,283.42258,284.5,0.0008589731296524405,2.5326488,1.5277790000000002
2022-07-21,284.0718,286.15,0.000858306884765625,1.9066485,0.555556
2022-07-22,285.38248,286.275,0.0014454126358032227,1.7541059,0.6944450000000001
2022-07-23,288.40512,289.8,0.025817304849624634,1.6614257,0.694445
2022-07-24,289.05225,291.5,0.5159452557563782,1.4214101,0.555556
2022-07-25,289.15283,292.675,0.04629790782928467,1.2731601,0.555556
2022-07-26,289.31754,289.67499999999995,0.3281600773334503,1.2289807,0.833334
2022-07-27,288.28345,286.4,0.28316211700439453,1.2017123,0.6944450000000001
2022-07-28,284.9516,285.55,0.0008553265943191946,2.3349125,0.833334
2022-07-29,283.56213,284.925,0.0008610408985987306,1.8365363,0.555556
2022-07-30,284.42422,285.775,0.000858306884765625,2.5475461,1.111112
2022-07-31,285.10684,286.725,0.00043511379044502974,1.6555996,0.555556
2022-08-01,286.22144,287.375,0.0008523464202880859,1.8128086,0.694445
2022-08-02,286.49936,287.35,0.14364123344421387,1.4233965,0.555556
2022-08-03,284.73093,287.70000000000005,0.9864717721939087,1.9694496,0.8333340000000001
2022-08-04,284.00073,287.07500000000005,0.000858306884765625,1.8343159,0.555556
2022-08-05,283.291,284.70000000000005,0.0008553265361115336,2.0395803,0.833334
2022-08-06,282.70898,285.275,0.16751885414123535,1.5020648,0.833334
2022-08-07,281.27005,282.32500000000005,0.40328502655029297,1.3192884,0.6944450000000001
2022-08-08,279.46936,281.175,0.43500959873199463,1.4283375,1.111112
2022-08-09,279.39987,282.675,0.00042617321014404297,1.7131742,0.833334
2022-08-10,279.81152,282.975,0.000858306884765625,2.901577,1.5277790000000002
2022-08-11,282.49054,286.45,0.00042617321014404297,2.3620834,1.2500010000000001
2022-08-12,285.2506,287.925,0.00043511379044502974,2.2970493,1.5277790000000002
2022-08-13,286.25272,287.275,0.0004306435876060277,2.4302242,0.694445
2022-08-14,289.17325,291.75,0.00042617321014404297,2.4930866,1.2500010000000001
2022-08-15,284.91245,283.25,0.0008597970008850098,2.8767846,1.2500010000000001
2022-08-16,284.99222,285.925,0.0012516975402832031,2.7935636,1.9444460000000001
2022-08-17,283.6167,286.275,0.0008821486844681203,3.69234,1.9444460000000001
2022-08-18,280.37924,281.04999999999995,0.0008523464202880859,2.057624,0.9722230000000001
2022-08-19,281.20828,282.225,0.0008583069429732859,1.9967642,0.833334
2022-08-20,283.04425,286.82500000000005,0.00043511379044502974,2.5632083,1.805557
2022-08-21,283.35895,283.875,0.0,1.8513098,0.6944450000000001
2022-08-22,285.032,283.875,0.0008523463038727641,1.6033617,0.833334
2022-08-23,285.48657,286.5,0.0008523463038727641,2.07301,0.833334
2022-08-24,288.1406,288.5,0.20328164100646973,2.298646,0.694445
2022-08-25,291.1205,292.5,0.03110431134700775,1.599987,0.555556
2022-08-26,292.01108,292.95000000000005,0.03477931022644043,1.6783127,0.416667
2022-08-27,288.5348,287.525,0.00042617321014404297,3.295859,1.9444460000000001
2022-08-28,282.20718,282.275,0.0,1.9272147,0.9722230000000001
2022-08-29,281.77246,281.65,0.00043511379044502974,2.2418497,0.9722230000000001
2022-08-30,282.8273,283.325,0.0004410743713378906,2.4651089,1.111112
2022-08-31,285.7389,287.375,0.0008523463038727641,2.2667768,1.111112
2022-09-01,287.77615,289.225,0.00043511379044502974,2.9625123,1.38889
2022-09-02,285.30225,285.225,0.00043511379044502974,3.043534,1.111112
2022-09-03,285.18643,284.0,0.0008523463038727641,1.6117841,0.694445
2022-09-04,285.87137,286.3,0.0008342349319718778,2.1091697,1.111112
2022-09-05,286.62878,286.42499999999995,0.0008667956572026014,1.8547064,0.9722230000000001
2022-09-06,287.43353,287.04999999999995,0.0004410743713378906,2.8037226,1.2500010000000001
2022-09-07,290.7499,290.9,0.000858306884765625,3.6201699,1.9444460000000001
2022-09-08,287.87854,287.05,0.00042766332626342773,3.2015858,1.5277790000000002
2022-09-09,283.75403,283.675,0.000858306884765625,2.6409361,0.9722230000000001
2022-09-10,284.2814,283.85,0.01989305019378662,1.9964575,0.9722230000000001
2022-09-11,285.22205,286.4,0.0,2.1618392,1.111112
2022-09-12,286.35526,286.375,0.0008587974589318037,1.7589792,0.833334
2022-09-13,288.15457,286.475,0.0008597968844696879,1.6505796,0.694445
2022-09-14,287.68704,287.275,0.0004276632098481059,1.7729017,0.694445
2022-09-15,288.70773,287.575,0.0008523463038727641,3.3413267,1.2500010000000001
2022-09-16,289.0991,289.425,0.0008613112149760127,3.9724019,1.111112
2022-09-17,291.12003,292.0,1.8517076969146729,3.3514557,1.2500010000000001
2022-09-18,291.1249,289.7,0.01592189073562622,1.3780107,1.38889
2022-09-19,285.94968,287.65,0.20964443683624268,1.7964039,0.9722230000000001
2022-09-20,282.53275,284.9,1.2939274311065674,1.2074293,0.9722230000000001
2022-09-21,281.03458,279.775,0.0014603137969970703,1.8679267,1.111112
2022-09-22,282.7004,284.125,0.0008609413634985685,1.4739538,0.555556
2022-09-23,286.30698,286.575,0.0008586360490880907,2.196396,0.833334
2022-09-24,287.62637,288.075,1.6331106424331665,2.5282917,0.9722230000000001
2022-09-25,287.38013,289.25,0.00044107428402639925,1.0611033,0.833334
2022-09-26,286.23718,287.57500000000005,1.3808012008666992,1.7629472,0.833334
2022-09-27,285.58493,285.25,0.48731547594070435,1.958568,0.9722230000000001
2022-09-28,284.46753,285.29999999999995,0.07133185863494873,1.8436413,0.555556
2022-09-29,285.67993,287.75,0.0,1.5104042,0.416667
2022-09-30,287.09555,288.2,0.0008430684683844447,1.4991398,0.694445
2022-10-01,289.582,289.725,0.0,2.0598326,0.833334
2022-10-02,290.64767,291.225,0.00043511384865269065,1.7870998,0.833334
2022-10-03,289.8784,290.625,0.0008745644590817392,2.548401,1.111112
2022-10-04,290.0098,291.95000000000005,2.6965885162353516,3.0058708,1.38889
2022-10-05,287.2799,287.325,0.011608004570007324,1.5521969,0.9722230000000001
2022-10-06,287.13562,289.2,0.0,2.2810822,0.833334
2022-10-07,290.446,291.125,0.0,2.7507274,1.3888900000000002
2022-10-08,289.0025,289.4,0.0004276632098481059,4.37229,2.0833350000000004
2022-10-09,284.58875,284.15,0.046315789222717285,1.8401612,0.9722230000000001
2022-10-10,284.1418,285.5,0.0,2.2796338,1.111112
2022-10-11,286.50015,287.25,0.000858306884765625,1.6087693,0.833334
2022-10-12,290.04446,289.95,0.041097402572631836,2.51809,1.2500010000000001
2022-10-13,287.45242,287.475,0.19116699695587158,3.5358984,1.666668
2022-10-14,283.22665,282.8,0.06574392318725586,1.7624044,0.833334
2022-10-15,285.0117,288.6,0.002592802047729492,1.5626398,0.833334
2022-10-16,287.3544,291.75,0.0670701190829277,1.576809,0.9722230000000001
2022-10-17,285.0414,288.825,0.12922286987304688,1.7689075,0.694445
2022-10-18,285.9379,289.225,1.0676532983779907,1.7019895,0.555556
2022-10-19,287.11676,289.85,1.3520522117614746,1.0570921,0.416667
2022-10-20,288.37817,291.975,0.06414949893951416,1.9299747,0.833334
2022-10-21,291.12546,291.9,0.005580484867095947,1.6709706,0.833334
2022-10-22,287.7592,288.375,0.0004261731810402125,2.3271334,0.9722230000000001
2022-10-23,288.1546,290.04999999999995,0.08340179920196533,2.1067903,0.833334
2022-10-24,292.81085,294.125,2.9706954956054688,2.990532,0.9722230000000001
2022-10-25,295.37616,297.25,3.6330370903015137,2.899006,1.2500010000000001
2022-10-26,292.49875,293.25,0.06896257400512695,2.8598864,1.2500010000000001
2022-10-27,293.18323,294.225,0.001043081283569336,1.846104,0.9722230000000001
2022-10-28,295.62576,296.57500000000005,0.00044371557305566967,2.6483743,1.111112
2022-10-29,297.35852,298.275,0.0021710991859436035,2.260367,0.9722230000000001
2022-10-30,289.5302,289.975,0.000858306884765625,4.37293,2.0833350000000004
2022-10-31,284.13235,285.375,0.0008427368593402207,3.9595635,1.666668
2022-11-01,285.6367,285.79999999999995,0.00043511390686035156,1.4277462,0.833334
2022-11-02,288.7134,288.5,0.000858306884765625,2.7475588,1.111112
2022-11-03,289.4728,289.07500000000005,0.0008811175357550383,2.8124764,0.9722230000000001
2022-11-04,291.40115,291.7,0.0008523463038727641,2.460314,1.111112
2022-11-05,292.67163,294.0,0.0004351138777565211,2.2550457,1.111112
2022-11-06,292.5264,293.125,0.3152787685394287,2.1108615,0.9722230000000001
2022-11-07,292.9175,293.75,0.0021785497665405273,2.0910738,1.111112
2022-11-08,293.5138,294.225,0.010281801223754883,2.399233,1.2500010000000001
2022-11-09,293.6721,294.6,1.1390149593353271,2.7225296,1.111112
2022-11-10,294.42682,295.57500000000005,1.2178272008895874,2.006129,1.111112
2022-11-11,293.6937,296.6,3.3993945121765137,1.8231139,1.2500010000000001
2022-11-12,291.61658,293.275,1.8915534019470215,1.4622474,0.9722230000000001
2022-11-13,291.41714,292.225,0.0008523463038727641,2.1279955,1.2500010000000001
2022-11-14,291.2994,292.5,0.0,1.5061356,0.694445
2022-11-15,295.30298,296.57500000000005,0.000858306884765625,2.1632543,0.833334
2022-11-16,297.43207,298.25,0.0,3.661383,1.2500010000000001
2022-11-17,297.90384,299.075,0.000858306884765625,3.5032208,1.111112
2022-11-18,298.69702,300.175,0.4006028175354004,2.778041,1.111112
2022-11-19,298.36398,298.775,0.5515217781066895,2.081416,1.2500010000000001
2022-11-20,293.82602,292.45000000000005,1.1547645330429077,2.2316568,0.9722230000000001
2022-11-21,289.34738,290.875,0.0,3.5067043,1.2500010000000001
2022-11-22,291.35498,291.875,0.0008523463038727641,1.3556198,0.833334
2022-11-23,295.9241,296.75,0.0,1.8845185,0.833334
2022-11-24,299.7194,299.45000000000005,0.0008597968844696879,2.509691,0.833334
2022-11-25,299.87473,300.20000000000005,9.153495739155915e-06,2.934311,0.9722230000000001
2022-11-26,300.10776,300.575,0.0004276632098481059,3.2246857,1.111112
2022-11-27,300.41177,300.95000000000005,0.31816959381103516,2.3336055,1.111112
2022-11-28,299.40982,300.15,1.3564108610153198,2.0633028,0.9722230000000001
2022-11-29,299.41315,300.125,4.822082996368408,1.8340515,0.9722230000000001
2022-11-30,294.58255,293.525,0.03874395042657852,1.7732166,0.9722230000000001
2022-12-01,292.97116,295.225,0.057399265468120575,2.3856049,0.9722230000000001
2022-12-02,293.4722,296.20000000000005,0.0,1.102856,0.833334
2022-12-03,296.48425,297.04999999999995,0.07605552673339844,1.5826184,0.833334
2022-12-04,298.46353,298.475,0.000441074458649382,1.6473814,0.833334
2022-12-05,299.64102,300.025,0.1056235209107399,2.76215,1.111112
2022-12-06,300.58563,301.95,0.40969252586364746,2.0755758,0.833334
2022-12-07,302.0637,302.875,0.16995501518249512,2.3254735,0.833334
2022-12-08,301.09256,301.175,0.9477883577346802,2.1974084,1.111112
2022-12-09,301.9746,298.15,3.9691367149353027,2.5111508,1.111112
2022-12-10,296.68216,300.525,0.001385807991027832,1.6095763,0.833334
2022-12-11,299.0172,302.275,0.36156177520751953,1.4072404,0.9722230000000001
2022-12-12,297.75375,300.15,0.0,2.0064545,1.111112
2022-12-13,295.40005,296.975,0.0689476728439331,1.9065968,0.833334
2022-12-14,298.34753,299.65,1.1183247566223145,2.8522656,1.111112
2022-12-15,297.34628,298.875,0.10132790356874466,2.9939766,1.38889
2022-12-16,294.73602,296.32500000000005,1.89813232421875,2.7074287,1.2500010000000001
2022-12-17,291.44064,295.1,0.0008597968844696879,2.125143,0.833334
2022-12-18,292.16537,294.275,0.00042617321014404297,1.7951641,0.833334
2022-12-19,294.5759,296.1,0.00046193599700927734,2.0450773,0.9722230000000001
2022-12-20,297.15884,298.45,0.09146332740783691,2.064868,1.111112
2022-12-21,298.43045,299.7,0.17215311527252197,2.2106774,1.2500010000000001
2022-12-22,297.94763,298.0,3.647789239883423,2.0742705,1.111112
2022-12-23,294.8583,292.775,0.4768967628479004,2.0372107,0.833334
2022-12-24,291.9566,293.42499999999995,0.7481045126914978,3.3262024,1.2500010000000001
2022-12-25,290.2572,291.04999999999995,0.046133995056152344,1.9120389,0.6944450000000001
2022-12-26,291.66467,293.04999999999995,2.6984663009643555,1.6068263,0.694445
2022-12-27,293.78134,294.525,3.067880868911743,1.3839498,0.694445
2022-12-28,293.29828,294.15,0.0,1.77354,0.555556
2022-12-29,294.19507,295.2,0.081673264503479,1.4319302,0.694445
2022-12-30,297.54306,297.75,0.26245415210723877,1.9951044,0.694445
2022-12-31,298.5372,296.85,1.8496215343475342,2.381377,0.555556
2023-01-01,295.7217,296.20000000000005,0.293731689453125,2.2360146,0.9722230000000001
2023-01-02,294.56003,294.5,1.131156086921692,1.4618145,0.694445
2023-01-03,294.49945,294.925,0.0018805265426635742,1.6028203,0.555556
2023-01-04,295.61148,296.75,0.0008553267689421773,1.5245689,0.694445
2023-01-05,297.53647,297.20000000000005,0.00043511379044502974,1.880835,0.833334
2023-01-06,297.9845,298.1,0.29431581497192383,2.1436594,0.833334
2023-01-07,299.3539,299.725,0.19994378089904785,2.4283433,0.833334
2023-01-08,299.67307,300.225,0.1135021448135376,1.8523116,0.694445
2023-01-09,298.8384,299.54999999999995,0.4288405179977417,2.2043965,0.694445
2023-01-10,299.83044,300.67499999999995,0.5672872066497803,2.1949008,0.694445
2023-01-11,297.39722,297.04999999999995,6.675213813781738,1.635055,0.694445
2023-01-12,292.43265,290.65,0.03988565132021904,1.4602866,0.833334
2023-01-13,291.96603,294.35,0.0,1.6167141,0.694445
2023-01-14,295.41556,296.25,0.12725591659545898,1.7169828,0.833334
2023-01-15,296.81027,297.175,0.0753348171710968,1.6400732,0.694445
2023-01-16,298.12946,299.875,0.09953975677490234,2.0680745,0.833334
2023-01-17,298.4393,299.1,0.9657368063926697,1.5623436,0.833334
2023-01-18,296.5548,298.95000000000005,0.07760822027921677,1.7299467,0.833334
2023-01-19,297.86615,300.875,1.0124473571777344,1.9568634,0.833334
2023-01-20,300.86063,303.85,5.200192451477051,2.7743511,1.5277790000000002
2023-01-21,296.35104,298.29999999999995,0.14609098434448242,2.278311,0.833334
2023-01-22,297.1852,298.65,0.02705305814743042,1.690529,0.694445
2023-01-23,297.30536,297.525,0.27179718017578125,1.9977149,0.833334
2023-01-24,298.13455,298.475,3.2990612983703613,1.7339233,0.9722230000000001
2023-01-25,295.5606,298.07500000000005,0.1500248908996582,1.5644306,0.9722230000000001
2023-01-26,296.2168,298.4,8.655444145202637,1.7038435,0.833334
2023-01-27,295.60617,295.375,0.5335062742233276,1.4075063,0.6944450000000001
2023-01-28,294.20956,296.125,0.44652819633483887,1.4891981,0.555556
2023-01-29,294.68832,295.57500000000005,1.1128634214401245,1.2631154,0.277778
2023-01-30,295.13925,298.45000000000005,1.2964814901351929,1.330064,0.694445
2023-01-31,297.07648,299.42499999999995,2.312600612640381,1.1886212,0.555556
2023-02-01,296.89462,297.875,7.035300254821777,1.5811992,0.9722230000000001
2023-02-02,293.47717,294.9,0.19966065883636475,1.3684597,0.833334
2023-02-03,293.2042,294.975,0.09578466415405273,2.2866838,0.9722230000000001
2023-02-04,292.95682,296.0,0.0038444995880126953,1.5984119,0.694445
2023-02-05,295.62607,296.65,0.00043511379044502974,1.8503379,0.9722230000000001
2023-02-06,297.00558,297.725,0.31988322734832764,1.9355282,0.694445
2023-02-07,298.51846,299.67499999999995,1.418337106704712,1.9963278,0.833334
2023-02-08,297.20724,297.825,0.6546556949615479,1.4293975,0.833334
2023-02-09,297.4608,299.65,0.0008597968844696879,1.310782,0.9722230000000001
2023-02-10,297.10886,298.225,0.00042766332626342773,1.7667732,0.833334
2023-02-11,298.23233,299.1,0.9010434150695801,2.5666811,0.694445
2023-02-12,300.12054,302.25,0.14987587928771973,2.8580115,1.111112
2023-02-13,298.37296,298.425,0.7727295160293579,2.6955059,1.111112
2023-02-14,296.37753,297.95000000000005,0.07008315622806549,1.529291,0.9722230000000001
2023-02-15,297.42703,299.70000000000005,8.315913200378418,1.7968026,0.9722230000000001
2023-02-16,294.7556,293.45000000000005,0.00038743019104003906,2.486136,1.666668
2023-02-17,286.05844,284.0,0.0008523464202880859,3.0830295,1.111112
2023-02-18,285.66272,287.0,0.0008680065511725843,1.8486953,0.9722230000000001
2023-02-19,289.07578,290.42499999999995,0.0,2.711599,0.9722230000000001
2023-02-20,291.69254,293.775,0.0008702276973053813,2.50592,1.111112
2023-02-21,294.00723,295.8,2.0727663040161133,2.2969463,0.9722230000000001
2023-02-22,293.36813,294.975,0.4274442195892334,1.7859589,1.111112
2023-02-23,294.3003,295.70000000000005,2.2550673484802246,1.8086201,0.833334
2023-02-24,293.3904,295.85,1.5631914138793945,1.1607262,0.694445
2023-02-25,294.57697,295.9,1.7413792610168457,1.8199425,0.694445
2023-02-26,294.17078,295.425,0.07861852645874023,1.5460958,0.833334
2023-02-27,295.40945,296.975,0.0077491458505392075,1.9006017,0.833334
2023-02-28,296.75436,298.275,3.305286169052124,2.5615253,0.694445
2023-03-01,296.8147,297.95000000000005,0.0,1.3258324,0.694445
2023-03-02,296.06427,298.45000000000005,0.0008523463038727641,1.9586962,0.694445
2023-03-03,296.266,298.125,0.00043511379044502974,2.0075796,0.694445
2023-03-04,297.2803,299.3,0.010415911674499512,1.6286474,0.694445
2023-03-05,297.97928,299.55,0.5617619156837463,2.5215588,0.833334
2023-03-06,296.6354,298.4,0.01049041748046875,2.6555502,1.111112
2023-03-07,295.63498,296.3,0.04222989082336426,1.9197859,0.833334
2023-03-08,296.37354,297.92499999999995,6.111804395914078e-07,1.8362247,0.833334
2023-03-09,298.45364,299.42499999999995,0.00043511379044502974,2.2607834,0.694445
2023-03-10,298.63455,300.1,0.000858306884765625,2.077317,0.9722230000000001
2023-03-11,299.16843,300.8,0.0004368268128018826,2.8274715,0.694445
2023-03-12,299.33365,300.875,0.09423494338989258,2.5296752,0.833334
2023-03-13,299.57974,300.8,4.066124439239502,2.281833,0.833334
2023-03-14,296.1077,298.275,0.45919421315193176,1.2007118,0.694445
2023-03-15,296.63437,299.125,0.08527003228664398,1.3022193,0.833334
2023-03-16,296.78183,299.475,0.0008525970042683184,1.452198,0.555556
2023-03-17,296.94955,298.975,0.0,1.3978133,0.694445
2023-03-18,297.0471,298.925,0.19858777523040771,1.6590109,0.694445
2023-03-19,297.25333,299.525,0.4081757366657257,1.5190401,0.9722230000000001
2023-03-20,295.58047,294.9,0.7634460926055908,1.5496999,0.555556
2023-03-21,294.82254,293.725,2.102196216583252,1.4662896,0.6944450000000001
2023-03-22,293.38904,292.92499999999995,4.238086700439453,1.1708766,0.416667
2023-03-23,293.21823,294.225,1.6036033630371094,1.1544387,0.416667
2023-03-24,292.28818,294.6,0.2291947603225708,1.1499404,0.277778
2023-03-25,292.80612,296.1,0.01800060272216797,1.6069878,0.833334
2023-03-26,291.4602,293.925,0.07709860801696777,1.5491022,0.694445
2023-03-27,291.86237,295.225,0.00043213367462158203,2.7528698,0.9722230000000001
2023-03-28,294.86557,298.425,0.009611248970031738,2.9062824,1.5277790000000002
2023-03-29,293.07455,294.375,0.005327165126800537,2.9749153,1.5277790000000002
2023-03-30,290.79742,293.375,0.6858706474304199,1.6817698,0.555556
2023-03-31,289.36893,290.675,0.000858306884765625,2.1151772,0.9722230000000001
2023-04-01,288.3887,291.925,0.17246371507644653,1.855544,0.833334
2023-04-02,289.54068,290.25,0.6388574838638306,1.7973565,0.416667
2023-04-03,291.42038,295.15,1.1061429977416992,1.294948,0.555556
2023-04-04,289.78012,293.42499999999995,0.12794137001037598,1.921842,0.555556
2023-04-05,289.83545,293.95,0.23248791694641113,1.6722344,0.694445
2023-04-06,291.2566,293.9,0.3534201979637146,1.534689,0.555556
2023-04-07,292.31058,295.975,0.012099742889404297,1.1212424,0.555556
2023-04-08,292.4668,295.20000000000005,0.000852346362080425,1.9944648,0.833334
2023-04-09,292.5911,294.4,0.005751848220825195,2.5430558,0.9722230000000001
2023-04-10,292.5342,293.775,0.0008761869394220412,2.1057718,0.555556
2023-04-11,293.62506,295.35,0.4047602415084839,2.4449332,0.833334
2023-04-12,290.51804,290.6,1.1629276275634766,2.1962376,0.9722230000000001
2023-04-13,283.79663,285.32500000000005,0.13324618339538574,2.169141,0.416667
2023-04-14,283.91666,287.75,0.03593355044722557,1.5221978,0.555556
2023-04-15,284.82205,288.5,0.0983700156211853,0.76203126,0.416667
2023-04-16,286.79968,289.725,0.0979062169790268,0.86023647,0.555556
2023-04-17,286.6279,289.75,0.1082196831703186,1.3531548,0.694445
2023-04-18,287.62692,288.725,0.0008702276973053813,1.3469619,0.694445
2023-04-19,288.3109,289.79999999999995,0.0,2.0179713,0.694445
2023-04-20,288.45618,289.775,0.0,2.0032148,0.555556
2023-04-21,287.98242,291.4,0.03892183303833008,2.4147694,0.9722230000000001
2023-04-22,288.60294,291.85,0.48038363456726074,1.4261848,0.416667
2023-04-23,288.30353,290.8,1.7339885234832764,1.0152794,0.416667
2023-04-24,287.4988,289.675,0.01713191159069538,0.824776,0.416667
2023-04-25,287.7396,291.32500000000005,0.0,1.2269255,0.416667
2023-04-26,289.0311,291.25,0.0,1.5064253,0.416667
2023-04-27,289.9335,291.725,0.0008523463038727641,2.2544336,0.833334
2023-04-28,290.83548,294.475,0.0008523463038727641,3.6345851,1.3888900000000002
2023-04-29,292.23877,298.975,0.5649775266647339,3.4386866,2.222224
2023-04-30,291.6671,292.75,0.353790819644928,3.530487,1.8055570000000003
2023-05-01,284.34195,288.475,0.0004276632098481059,2.0253158,0.555556
2023-05-02,284.62503,288.45000000000005,0.0,1.227752,0.555556
2023-05-03,284.1735,287.05,0.08054971694946289,1.1609538,0.416667
2023-05-04,284.5403,286.225,1.7324090003967285,1.3073856,0.416667
2023-05-05,285.05704,286.475,0.054195523262023926,1.2813491,0.416667
2023-05-06,286.07065,288.25,0.000858306884765625,1.4260205,0.416667
2023-05-07,286.54434,289.075,0.000858306884765625,1.5349878,0.416667
2023-05-08,287.5275,288.225,0.000858306884765625,1.5515814,0.416667
2023-05-09,287.2203,288.75,0.0037103891372680664,2.0173674,0.9722230000000001
2023-05-10,287.15332,288.7,0.009514390490949154,1.6217963,0.555556
2023-05-11,288.46594,290.75,0.0008681182516738772,1.1510645,0.416667
2023-05-12,288.2085,290.175,0.000858306884765625,1.7758112,0.694445
2023-05-13,288.8683,289.45000000000005,0.0,2.0358593,0.694445
2023-05-14,289.81335,292.35,0.0008598481072112918,2.109187,0.416667
2023-05-15,289.77774,291.7,0.000882148917298764,2.7135231,0.9722230000000001
2023-05-16,290.5862,293.475,0.18268823623657227,2.9914124,1.8055570000000003
2023-05-17,290.13577,293.5,1.1976063251495361,2.0626395,1.2500010000000001
2023-05-18,287.36423,288.85,0.27589499950408936,1.9349966,0.555556
2023-05-19,287.90442,293.20000000000005,0.07046759128570557,1.1722804,0.833334
2023-05-20,284.97034,287.25,0.07034093141555786,2.044338,0.6944450000000001
2023-05-21,286.47318,290.325,0.002436339855194092,1.6446935,0.694445
2023-05-22,287.63998,290.79999999999995,0.013366341590881348,1.7619256,0.694445
2023-05-23,288.08517,291.975,0.036753714084625244,2.5808594,1.666668
2023-05-24,289.3242,293.2,0.2638325095176697,1.5375417,0.555556
2023-05-25,290.0725,293.875,1.2587831020355225,1.1535615,0.416667
2023-05-26,289.9117,291.075,0.1115649938583374,1.7805892,0.6944450000000001
2023-05-27,283.33902,285.35,0.0062659382820129395,2.4445078,0.9722230000000001
2023-05-28,282.2031,284.35,0.036776065826416016,1.3354421,0.555556
2023-05-29,282.21323,284.92499999999995,0.0008523463038727641,1.8875489,0.9722230000000001
2023-05-30,284.33463,285.95000000000005,0.0,1.5782446,0.416667
2023-05-31,286.3752,286.475,0.000858306884765625,1.9296209,1.111112
2023-06-01,286.2745,288.3487854003906,0.0028721988201141357,2.183236,1.0268608331680298
2023-06-02,288.8782,290.8904724121094,0.024273991584777832,2.9721754,1.3494598865509033
2023-06-03,287.9751,290.00885009765625,0.7335842251777649,1.4733042,0.7365682721138
2023-06-04,286.04272,288.12249755859375,0.001341104507446289,2.3330727,1.0881294012069702
2023-06-05,286.23245,288.3077087402344,0.009387731552124023,1.4517193,0.7277421355247498
2023-06-06,288.21506,290.24310302734375,0.0953972339630127,2.3738084,1.1047863960266113
2023-06-07,286.68265,288.7471923828125,0.005349516868591309,1.3564863,0.6888011693954468
2023-06-08,290.05063,292.03497314453125,0.003039836883544922,2.621328,1.2059977054595947
2023-06-09,287.93307,289.96783447265625,0.002175569301471114,3.4765074,1.5556823015213013
2023-06-10,282.19238,284.3638610839844,0.026784837245941162,1.9549804,0.9335266947746277
2023-06-11,281.21936,283.41400146484375,0.000858306884765625,1.3865877,0.7011097073554993
2023-06-12,279.0753,281.3210144042969,0.0008762739016674459,1.3218415,0.6746348142623901
2023-06-13,278.90625,281.156005859375,0.000858306884765625,1.0966054,0.5825353860855103
2023-06-14,278.84525,281.096435546875,0.0008733910508453846,1.9068922,0.9138633012771606
2023-06-15,279.35645,281.595458984375,0.0008845485863275826,1.7498068,0.8496307730674744
2023-06-16,280.0071,282.2306213378906,0.0008631195523776114,1.8335744,0.883883535861969
2023-06-17,279.8774,282.1040344238281,0.00017881393432617188,1.2697135,0.6533195972442627
2023-06-18,279.82272,282.0506286621094,0.16200542449951172,2.466304,1.1426080465316772
2023-06-19,281.78323,283.9644470214844,0.10757520794868469,1.536377,0.7623588442802429
2023-06-20,282.68137,284.8412170410156,0.3248974680900574,1.076878,0.574468731880188
2023-06-21,282.4622,284.62725830078125,0.0008597970008850098,1.1059041,0.5863375663757324
2023-06-22,282.58936,284.7513732910156,0.000882148917298764,2.1126778,0.9980095028877258
2023-06-23,285.74536,287.83221435546875,0.0008597968844696879,1.9874862,0.9468184113502502
2023-06-24,287.8749,289.91107177734375,0.000852346362080425,2.1985166,1.033109188079834
2023-06-25,285.76306,287.8495178222656,0.00042617321014404297,1.7835003,0.863408088684082
2023-06-26,286.6331,288.6988220214844,0.1951754093170166,2.6330366,1.2107852697372437
2023-06-27,284.6787,286.7909851074219,0.015158206224441528,1.300024,0.6657136678695679
2023-06-28,283.0453,285.19647216796875,0.000858306884765625,2.0505197,0.9725928902626038
2023-06-29,281.26404,283.4576416015625,0.000858306884765625,1.9933916,0.9492331147193909
2023-06-30,282.2631,284.4328918457031,0.000858306884765625,1.9176556,0.9182645082473755
2023-07-01,283.0287,285.18023681640625,0.013589859008789062,2.2790701,1.0660476684570312
2023-07-02,289.0522,291.060302734375,0.0008612872334197164,3.3926477,1.5213918685913086
2023-07-03,288.9069,290.91845703125,0.0020265583880245686,2.5182757,1.1638593673706055
2023-07-04,290.30972,292.28790283203125,0.2833753824234009,2.2312977,1.0465134382247925
2023-07-05,287.0781,289.1332092285156,0.1897662878036499,1.6053449,0.7905600070953369
2023-07-06,284.77243,286.8824768066406,0.15200674533843994,1.4214922,0.7153822183609009
2023-07-07,282.97934,285.132080078125,0.001996755599975586,1.53833,0.7631574273109436
2023-07-08,283.7565,285.8907470703125,0.07347762584686279,1.2485813,0.6446785926818848
2023-07-09,284.76675,286.8769226074219,1.0379105806350708,1.1646439,0.6103564500808716
2023-07-10,285.12515,287.2267761230469,0.8016228675842285,1.1262367,0.5946516394615173
2023-07-11,282.32263,284.4909973144531,0.6755292415618896,1.3082088,0.6690604090690613
2023-07-12,280.51688,282.728271484375,0.006901100277900696,2.1655517,1.019629716873169
2023-07-13,278.38284,280.6450500488281,0.000858306884765625,1.5233756,0.7570425868034363
2023-07-14,277.84592,280.12091064453125,0.0,2.1514452,1.0138615369796753
2023-07-15,279.46155,281.69805908203125,0.017562881112098694,1.8398987,0.8864695429801941
2023-07-16,280.0869,282.30853271484375,0.016301870346069336,1.2142576,0.6306436061859131
2023-07-17,278.7073,280.9617919921875,0.000858306884765625,1.2949615,0.6636435389518738
2023-07-18,278.09473,280.3638000488281,0.0008672475814819336,1.945073,0.9294755458831787
2023-07-19,279.07208,281.31787109375,0.0008383042295463383,2.7162094,1.2447948455810547
2023-07-20,282.6349,284.79583740234375,0.000858306884765625,2.679806,1.2299094200134277
2023-07-21,286.91965,288.9785461425781,0.007755029480904341,3.1280801,1.4132096767425537
2023-07-22,288.46716,290.48919677734375,0.004762410651892424,2.4063432,1.1180899143218994
2023-07-23,282.80887,284.9656677246094,0.001670420286245644,2.502518,1.1574159860610962
2023-07-24,281.29358,283.4864807128906,0.012117605656385422,1.5142974,0.7533304691314697
2023-07-25,280.76596,282.9714050292969,0.0004410743713378906,1.2186931,0.6324572563171387
2023-07-26,281.3013,283.4939880371094,0.00042617321014404297,1.7057624,0.8316209316253662
2023-07-27,282.57327,284.7356872558594,0.0,1.9501919,0.9315686225891113
2023-07-28,282.50497,284.66900634765625,0.0008597968844696879,1.6382779,0.8040263652801514
2023-07-29,284.9819,287.0869445800781,0.0,2.923849,1.329699158668518
2023-07-30,287.61856,289.66082763671875,0.0008523463038727641,2.1347606,1.007039189338684
2023-07-31,287.52408,289.5685729980469,0.0008523463038727641,2.4028943,1.1166796684265137
2023-08-01,292.0962,294.03179931640625,0.003620981937274337,2.70119,1.238653302192688
2023-08-02,291.6038,293.5511474609375,0.255778431892395,2.2529852,1.0553815364837646
2023-08-03,286.4149,288.4858093261719,0.000858306884765625,2.3632917,1.1004860401153564
2023-08-04,285.73154,287.8187255859375,0.000858306884765625,1.4370055,0.7217256426811218
2023-08-05,286.5952,288.6618347167969,0.0,1.6886133,0.8246086239814758
2023-08-06,288.16653,290.19573974609375,0.0008523463038727641,2.5871913,1.1920390129089355
2023-08-07,284.34702,286.4671936035156,0.23868680000305176,2.6944609,1.2359018325805664
2023-08-08,281.41266,283.60272216796875,0.000858306884765625,1.0307267,0.5555974245071411
2023-08-09,282.7443,284.9026184082031,0.0,1.8051363,0.8722551465034485
2023-08-10,287.1388,289.1924743652344,0.00042617321014404297,2.8775444,1.310765027999878
2023-08-11,284.30383,286.4250183105469,0.000858306884765625,1.9702826,0.9397837519645691
2023-08-12,282.8202,284.9767150878906,0.00043511384865269065,1.2451905,0.6432920694351196
2023-08-13,284.29697,286.4183349609375,0.0,2.6513155,1.218259572982788
2023-08-14,288.72815,290.7439880371094,0.0,2.4941099,1.153977870941162
2023-08-15,290.57925,292.5509948730469,0.0,3.1679688,1.4295201301574707
2023-08-16,291.8861,293.82672119140625,0.09888410568237305,2.0527294,0.9734964370727539
2023-08-17,288.79712,290.8113098144531,0.04860013723373413,1.695652,0.8274867534637451
2023-08-18,284.5222,286.63818359375,0.0,2.3313348,1.087418794631958
2023-08-19,284.1951,286.3188781738281,0.00043511379044502974,2.4204257,1.1238481998443604
2023-08-20,284.53207,286.6478271484375,0.00042766332626342773,2.0805836,0.984886109828949
2023-08-21,289.80237,291.7926025390625,0.0027567148208618164,3.5518131,1.586474895477295
2023-08-22,286.48373,288.5530090332031,0.0008579699206165969,2.4197652,1.1235781908035278
2023-08-23,282.924,285.07806396484375,0.05348771810531616,1.7522761,0.8506404757499695
2023-08-24,284.61252,286.72637939453125,0.04427134990692139,2.0137951,0.9575761556625366
2023-08-25,283.83517,285.967529296875,0.0863000750541687,1.2046293,0.6267065405845642
2023-08-26,282.18173,284.35345458984375,0.0021010637283325195,1.6973389,0.8281765580177307
2023-08-27,283.12943,285.2785949707031,0.0,1.970966,0.9400632381439209
2023-08-28,283.78293,285.9165344238281,0.0017166138859465718,3.1603978,1.4264243841171265
2023-08-29,285.68454,287.7728576660156,0.0004336237325333059,1.8455194,0.8887678384780884
2023-08-30,289.44595,291.4447021484375,0.00043511379044502974,2.961878,1.3452492952346802
2023-08-31,286.2847,288.3587341308594,0.000858306884765625,2.6371324,1.2124600410461426
2023-09-01,289.619,291.6136169433594,1.2192726135253906,1.8647572,0.8966342210769653
2023-09-02,285.8759,287.95965576171875,1.6315877437591553,2.5485747,1.1762486696243286
2023-09-03,282.21274,284.38372802734375,0.10207295417785645,2.161302,1.0178921222686768
2023-09-04,282.56772,284.7302551269531,0.0,2.2755253,1.0645982027053833
2023-09-05,282.36618,284.53350830078125,0.0594407320022583,1.7960306,0.8685317635536194
2023-09-06,282.06073,284.2353515625,0.12099742889404297,1.8959599,0.9093930721282959
2023-09-07,285.0162,287.12042236328125,0.09705871343612671,1.356599,0.6888472437858582
2023-09-08,282.96094,285.1141052246094,0.00171661376953125,0.99204797,0.5397815704345703
2023-09-09,285.55136,287.6428527832031,0.0008553267689421773,2.2124634,1.0388120412826538
2023-09-10,290.25833,292.23773193359375,0.20430982112884521,2.5549576,1.1788586378097534
2023-09-11,292.55093,294.4757385253906,0.08592009544372559,3.3691988,1.5118036270141602
2023-09-12,284.53183,286.6475830078125,0.028151273727416992,2.79084,1.2753113508224487
2023-09-13,284.2311,286.3540344238281,0.0008628144860267639,1.4209484,0.7151598930358887
2023-09-14,286.63376,288.699462890625,0.00042617321014404297,2.852267,1.300429105758667
2023-09-15,291.4342,293.3855895996094,0.0,3.6745493,1.6366620063781738
2023-09-16,293.58234,295.4825744628906,0.0008597968844696879,2.6587355,1.2212936878204346
2023-09-17,288.25192,290.2790832519531,0.0,3.1246078,1.4117897748947144
2023-09-18,284.3809,286.500244140625,0.000858306884765625,3.1086786,1.4052762985229492
2023-09-19,285.66373,287.7525329589844,0.04306435585021973,1.3590103,0.6898332834243774
2023-09-20,286.90158,288.9609069824219,0.0026188790798187256,1.4222533,0.7156934142112732
2023-09-21,290.69836,292.6672668457031,0.15384209156036377,2.0387185,0.9677673578262329
2023-09-22,290.2946,292.2731018066406,0.09658932685852051,1.7066079,0.8319666385650635
2023-09-23,290.6418,292.612060546875,0.17857179045677185,1.4315653,0.7195011377334595
2023-09-24,288.11346,290.1439208984375,0.061102211475372314,1.6756893,0.8193239569664001
2023-09-25,289.48508,291.4828796386719,0.05621463060379028,1.7322677,0.8424590229988098
2023-09-26,286.397,288.4683532714844,0.0,2.9039078,1.321545124053955
2023-09-27,286.57043,288.6376647949219,0.0,1.8610567,0.8951210975646973
2023-09-28,288.10114,290.13189697265625,0.0008523463038727641,2.5277138,1.167718529701233
2023-09-29,287.53702,287.775,0.000858306884765625,2.4711015,0.9722230000000001
2023-09-30,287.5062,289.4,0.0004410743713378906,1.6592216,0.694445
2023-10-01,289.40936,289.65,0.0,2.76272,0.9722230000000001
2023-10-02,291.0969,292.25,0.11283157765865326,2.912511,0.9722230000000001
2023-10-03,289.45367,289.025,0.1571178436279297,1.635748,1.2500010000000001
2023-10-04,286.16055,286.65,0.0008702277555130422,2.5971909,0.833334
2023-10-05,288.3232,288.375,0.16960501670837402,2.377813,1.2500010000000001
2023-10-06,290.34534,290.475,0.028014183044433594,2.0821362,0.833334
2023-10-07,290.29007,290.35,0.000858306884765625,1.9968868,0.694445
2023-10-08,292.26492,291.975,0.0008523463038727641,2.592761,0.833334
2023-10-09,294.2764,293.9,0.09769201278686523,3.5174897,1.2500010000000001
2023-10-10,296.6644,296.775,0.528290867805481,2.7526543,1.5277790000000002
2023-10-11,288.78137,288.175,0.0008523463038727641,5.0067787,1.8055570000000003
2023-10-12,284.6524,285.32500000000005,0.0008672475814819336,2.0064037,0.833334
2023-10-13,286.12112,287.3,0.000870720308739692,2.0890837,0.9722230000000001
2023-10-14,288.3279,289.075,0.0008523463038727641,2.3456671,1.111112
2023-10-15,292.38235,292.67499999999995,0.000858306884765625,2.3466318,0.9722230000000001
2023-10-16,294.78882,295.07500000000005,0.004500150680541992,2.528848,1.38889
2023-10-17,290.49915,292.875,0.32792985439300537,3.4687088,1.111112
2023-10-18,285.5543,288.29999999999995,0.2528056502342224,1.8161168,0.416667
2023-10-19,288.8132,292.0,0.000870227871928364,1.4564842,0.694445
2023-10-20,292.51474,292.95000000000005,0.07724916189908981,2.1014984,0.9722230000000001
2023-10-21,295.1117,300.025,1.4085099697113037,2.474219,0.833334
2023-10-22,293.3088,295.2,1.2328028678894043,2.1059825,1.2500010000000001
2023-10-23,292.323,292.5,0.6955749988555908,1.9409236,0.833334
2023-10-24,288.50632,290.1,0.10721385478973389,2.750697,0.833334
2023-10-25,287.95898,290.95,0.19390881061553955,1.706945,0.555556
2023-10-26,289.50555,294.375,0.8337945342063904,1.9620919,1.111112
2023-10-27,292.1311,295.975,0.6189206838607788,1.8538008,1.5277790000000002
2023-10-28,293.6479,296.25,0.03509223461151123,2.6369503,1.111112
2023-10-29,298.2432,301.725,0.48895180225372314,2.8387253,1.38889
2023-10-30,288.1821,289.7,0.15601515769958496,3.637638,1.8055570000000003
2023-10-31,287.00635,288.975,0.41327252984046936,2.1933649,1.2500010000000001
2023-11-01,281.04684,282.65,2.2457540035247803,2.3385017,0.9722230000000001
2023-11-02,283.23752,285.225,0.00017043203115463257,3.1443737,1.2500010000000001
2023-11-03,285.6531,287.25,0.0008706265361979604,2.2373421,0.9722230000000001
2023-11-04,289.3818,290.4,0.0008612653473392129,2.573408,0.9722230000000001
2023-11-05,290.3276,293.65,0.0008726499509066343,2.488313,1.111112
2023-11-06,293.55472,295.57500000000005,0.15398859977722168,3.220146,1.2500010000000001
2023-11-07,298.22388,294.29999999999995,0.0008636198472231627,2.8428452,1.9444460000000001
2023-11-08,294.7789,296.4,0.0008523463038727641,3.2685478,0.9722230000000001
2023-11-09,292.7407,293.85,0.17058849334716797,2.3361232,0.833334
2023-11-10,293.82788,298.4,0.07088035345077515,2.1048267,0.694445
2023-11-11,296.07773,298.125,0.8866041898727417,2.4807043,1.111112
2023-11-12,291.4869,291.55,0.025138258934020996,3.172497,1.5277790000000002
2023-11-13,289.94016,291.525,0.05619227886199951,2.3210897,1.111112
2023-11-14,291.60168,292.7,0.7124483585357666,2.0031865,0.694445
2023-11-15,293.82367,295.825,2.748720407485962,1.4042827,0.9722230000000001
2023-11-16,291.6207,293.725,0.1337975263595581,2.178786,1.111112
2023-11-17,295.26584,297.125,0.00043511379044502974,2.6293383,1.5277790000000002
2023-11-18,292.75003,294.025,0.0008648072252981365,2.7560947,1.5277790000000002
2023-11-19,292.58554,294.9,0.00043511390686035156,2.6111133,0.9722230000000001
2023-11-20,297.3032,299.125,5.837857723236084,3.413448,1.3888900000000002
2023-11-21,297.46625,297.17499999999995,2.628028392791748,1.6965904,0.9722230000000001
2023-11-22,291.97903,295.9,0.000858306884765625,2.5982885,1.111112
2023-11-23,292.7074,296.275,0.15720723569393158,1.8857495,0.9722230000000001
2023-11-24,293.3773,296.20000000000005,0.001043081283569336,2.1084428,0.694445
2023-11-25,293.9638,297.125,0.3082633316516876,2.4002125,0.9722230000000001
2023-11-26,295.16287,297.75,0.6722509860992432,2.0336492,0.833334
2023-11-27,295.56277,299.2,0.136449933052063,2.2275374,0.833334
2023-11-28,297.4891,300.57500000000005,3.957256317138672,2.320734,1.2500010000000001
2023-11-29,293.9159,294.425,1.0849535465240479,1.7095872,1.2500010000000001
2023-11-30,292.08926,295.65,1.868515968322754,1.4982961,0.416667
2023-12-01,295.67685,300.85,0.002175569534301758,1.860519,1.111112
2023-12-02,295.84995,298.6,0.2644658088684082,1.6743759,0.9722230000000001
2023-12-03,288.76346,290.7784423828125,0.25413185358047485,3.620896,1.6147230863571167
2023-12-04,285.8942,287.9775085449219,0.41350722312927246,2.0278003,0.9633029103279114
2023-12-05,287.04626,289.1021423339844,0.28058886528015137,1.2546662,0.6471667289733887
2023-12-06,291.3257,293.2796936035156,0.004157423973083496,1.5474863,0.7669014930725098
2023-12-07,293.63367,295.5326843261719,0.006243586540222168,1.8416805,0.8871981501579285
2023-12-08,293.2513,295.159423828125,0.4071146249771118,2.563113,1.182193398475647
2023-12-09,292.1141,294.0492858886719,0.000859796826262027,2.204043,1.0353689193725586
2023-12-10,293.71094,295.60809326171875,0.0008597968844696879,1.7913891,0.8666338324546814
2023-12-11,294.33078,296.21319580078125,0.15267731249332428,3.4347038,1.5385887622833252
2023-12-12,297.1068,298.923095703125,0.9061992168426514,2.6903775,1.2342320680618286
2023-12-13,297.05246,298.87005615234375,0.7131248712539673,1.8292923,0.8821325302124023
2023-12-14,296.2702,298.1064147949219,0.5021244287490845,2.484097,1.1498836278915405
2023-12-15,297.3671,299.17718505859375,0.5981773138046265,2.0866845,0.9873807430267334
2023-12-16,299.60016,301.3570861816406,1.649707555770874,3.525365,1.5756603479385376
2023-12-17,299.39502,301.1568298339844,1.3361871242523193,2.3475616,1.0940539836883545
2023-12-18,290.89053,292.8548583984375,0.5152523517608643,3.8177338,1.6952104568481445
2023-12-19,285.56198,287.6532287597656,0.41703879833221436,2.8364086,1.2939445972442627
2023-12-20,288.20724,290.2354736328125,0.10213255882263184,1.3292583,0.6776676177978516
2023-12-21,292.5179,294.4434814453125,0.09052455425262451,1.5836462,0.781687319278717
2023-12-22,294.1492,296.0359191894531,0.07323537021875381,1.4710575,0.735649585723877
2023-12-23,295.9583,297.8019714355469,0.6590336561203003,1.4965302,0.7460654377937317
2023-12-24,296.2287,298.06591796875,1.0319576263427734,1.3977293,0.7056655287742615
2023-12-25,296.57962,298.4084777832031,0.0008672475814819336,2.60909,1.200993537902832
2023-12-26,295.98706,297.83001708984375,0.005230307579040527,1.9718529,0.9404258728027344
2023-12-27,296.6911,298.5173034667969,0.3351569175720215,3.1277153,1.4130604267120361
2023-12-28,299.00885,300.77984619140625,0.02816319465637207,2.1839702,1.0271611213684082
2023-12-29,298.60727,300.3878173828125,0.006198883056640625,2.217723,1.0409626960754395
2023-12-30,294.75955,296.6317443847656,0.648990273475647,2.4916036,1.152953028678894
2023-12-31,294.1547,296.0412902832031,0.8140355348587036,2.8840587,1.3134287595748901
2024-01-01,294.80054,296.6717529296875,1.1666417121887207,1.2118096,0.6296426057815552
2024-01-02,296.3513,297.525,1.0562241077423096,1.3805342,0.6944450000000001
2024-01-03,296.50607,299.475,0.6143152713775635,1.3794457,0.833334
2024-01-04,297.39157,298.15,0.010594725608825684,1.4945621,0.9722230000000001
2024-01-05,298.18393,299.625,0.4189014434814453,2.18488,0.833334
2024-01-06,297.78506,295.6,8.695099830627441,2.4402883,0.6944450000000001
2024-01-07,293.9877,296.25,0.6184576749801636,1.3456458,0.694445
2024-01-08,294.2046,298.0,0.2669692039489746,1.4854912,0.694445
2024-01-09,293.7128,296.875,0.3584921360015869,1.1017166,0.416667
2024-01-10,294.61227,297.375,1.031853199005127,1.5688481,0.555556
2024-01-11,293.59738,295.0,0.5122125148773193,2.074828,0.555556
2024-01-12,293.44342,296.7,0.46832114458084106,1.9588509,0.416667
2024-01-13,295.74228,300.125,1.694798469543457,2.720136,0.833334
2024-01-14,295.68552,297.525,0.03065168857574463,2.3665736,0.9722230000000001
2024-01-15,295.43298,298.1,5.5289716720581055,2.2551365,0.833334
2024-01-16,293.86252,296.0,0.0005885958671569824,3.2078598,1.2500010000000001
2024-01-17,293.2207,295.25,0.0004544854164123535,2.1157143,0.694445
2024-01-18,294.56442,297.15,0.11199712753295898,1.4618298,0.694445
2024-01-19,295.95642,299.55,0.04413723945617676,1.805338,0.833334
2024-01-20,295.08182,296.475,0.08778274059295654,1.8160986,0.694445
2024-01-21,293.74893,297.32500000000005,0.0008761882781982422,1.6492981,0.555556
2024-01-22,294.27414,295.275,0.000858306884765625,1.5905069,0.694445
2024-01-23,293.87305,295.275,0.00014901161193847656,1.8034395,0.694445
2024-01-24,295.06116,296.45000000000005,0.0008523463038727641,1.766208,0.833334
2024-01-25,296.15372,297.15,0.0,2.331565,0.9722230000000001
2024-01-26,295.71997,296.95000000000005,0.0,2.5362127,0.9722230000000001
2024-01-27,295.79248,297.0,0.00043511379044502974,2.1057677,0.9722230000000001
2024-01-28,296.40213,297.8,0.08809566497802734,2.1177008,1.111112
2024-01-29,298.02307,299.8,0.09840726852416992,1.5871729,0.833334
2024-01-30,299.8394,300.85,0.18776504695415497,1.7813689,0.9722230000000001
2024-01-31,299.34766,302.9,0.0008672475814819336,1.7646557,0.9722230000000001
2024-02-01,300.1661,300.70000000000005,0.0008597968844696879,2.3265865,0.694445
2024-02-02,299.70425,301.45867919921875,0.4829615354537964,2.2505457,1.0543839931488037
2024-02-03,300.94806,302.6728820800781,0.7132440805435181,1.8275334,0.8814133405685425
2024-02-04,297.82217,299.6214294433594,3.001302480697632,2.210267,1.0379139184951782
2024-02-05,298.04517,299.839111328125,5.374163627624512,2.261885,1.0590205192565918
2024-02-06,299.25504,301.0201721191406,0.9755343198776245,2.2269819,1.0447486639022827
2024-02-07,300.56067,302.2947082519531,4.5076904296875,2.1550224,1.015324354171753
2024-02-08,299.58014,301.3375244140625,7.794484615325928,2.0203702,0.9602647423744202
2024-02-09,294.7606,296.63275146484375,0.14826655387878418,1.308647,0.6692395806312561
2024-02-10,295.34933,297.2074890136719,0.48151612281799316,1.1664062,0.6110770106315613
2024-02-11,296.6698,298.4964904785156,3.7667899131774902,1.7878662,0.8651933670043945
2024-02-12,295.27957,297.1393737792969,0.2480689436197281,2.4891152,1.1519355773925781
2024-02-13,290.56265,292.5347900390625,0.0008616452687419951,2.6492476,1.2174140214920044
2024-02-14,290.6642,292.6339416503906,0.0008597968844696879,1.6455215,0.8069882988929749
2024-02-15,292.51254,294.4382629394531,0.0,1.9504051,0.9316558241844177
2024-02-16,294.4514,296.3309326171875,0.007703900337219238,1.9208039,0.9195518493652344
2024-02-17,294.83444,296.7048645019531,0.19285082817077637,1.7931105,0.8673377633094788
2024-02-18,294.6567,296.5313415527344,0.0008665269706398249,1.3971993,0.7054488062858582
2024-02-19,294.2936,296.1769104003906,0.005429123528301716,1.5907732,0.784601628780365
2024-02-20,295.25613,297.1164855957031,0.003635883331298828,1.4636726,0.7326298952102661
2024-02-21,296.28207,298.1180114746094,3.2286224365234375,1.4733715,0.7365958094596863
2024-02-22,296.87537,298.6971740722656,5.55427360534668,1.9806353,0.9440169930458069
2024-02-23,290.80423,292.7706298828125,0.2935081720352173,3.0901642,1.3977056741714478
2024-02-24,291.1477,293.1059265136719,1.3778507709503174,1.7194614,0.8372224569320679
2024-02-25,290.6902,292.6593017578125,0.5348106026649475,1.6776069,0.8201081156730652
2024-02-26,293.04678,294.95977783203125,0.38289278745651245,1.2081962,0.6281650066375732
2024-02-27,295.20584,297.0674133300781,1.1726170778274536,1.2473835,0.6441888213157654
2024-02-28,295.34525,297.2034912109375,0.703960657119751,1.2660568,0.6518243551254272
2024-02-29,295.1215,296.9850769042969,1.1259801387786865,1.2654451,0.6515742540359497
2024-03-01,295.8425,297.68890380859375,1.9578635692596436,1.7900132,0.8660712242126465
2024-03-02,296.39474,298.2279968261719,0.3774911165237427,1.5912914,0.7848135232925415
2024-03-03,291.92508,293.8647766113281,0.005498528480529785,2.8932865,1.3172019720077515
2024-03-04,290.9338,292.8971252441406,0.13854503631591797,1.1953764,0.6229230165481567
2024-03-05,292.22696,294.1594543457031,0.027060510590672493,1.4274158,0.7178044319152832
2024-03-06,291.6826,293.6280517578125,0.1430809497833252,2.6076787,1.2004163265228271
2024-03-07,293.42856,295.33245849609375,0.08787214756011963,2.4322758,1.1286938190460205
2024-03-08,296.97086,298.7903747558594,0.27683377265930176,2.374053,1.1048862934112549
2024-03-09,295.66516,297.5157775878906,0.6524175405502319,1.5828977,0.7813812494277954
2024-03-10,294.70712,296.58056640625,0.2608299255371094,1.8530408,0.8918433785438538
2024-03-11,297.88486,299.6826171875,2.3636817932128906,2.4061127,1.1179956197738647
2024-03-12,300.51163,302.475,0.8455142378807068,2.6754086,1.2500010000000001
2024-03-13,297.69324,299.75,1.6217827796936035,1.8072714,1.111112
2024-03-14,296.23917,296.5,1.0688302516937256,1.3259655,0.833334
2024-03-15,293.983,296.4,0.8075237274169922,1.4553776,0.555556
2024-03-16,294.47427,297.7,0.7108784914016724,1.3837843,1.111112
2024-03-17,294.01248,297.85,0.2250075340270996,2.0120075,0.833334
2024-03-18,295.88394,301.55,0.5043410062789917,1.3300053,0.833334
2024-03-19,296.7678,302.4,1.2003183364868164,1.4188169,0.833334
2024-03-20,298.48972,303.05,1.962620735168457,2.5377305,1.9444460000000001
2024-03-21,289.86154,293.95,0.0008616343839094043,3.4033935,1.3888900000000002
2024-03-22,289.37857,292.9,0.0008523463038727641,1.6586546,1.111112
2024-03-23,290.69064,295.1,0.0008523463038727641,2.6545515,1.111112
2024-03-24,292.4456,296.55,0.21503865718841553,1.592947,0.833334
2024-03-25,293.89938,299.9,0.3254413604736328,1.4840814,0.833334
2024-03-26,294.0189,300.6,1.6219019889831543,1.7910751,0.833334
2024-03-27,294.51227,299.5,2.341881275177002,0.9413748,0.555556
2024-03-28,293.7607,299.4,0.0,1.3108686,0.833334
2024-03-29,294.7753,298.95,0.01519918255507946,2.1018536,0.833334
2024-03-30,296.25803,299.85,0.12237578630447388,1.9450213,1.111112
2024-03-31,292.6703,297.0,0.3682076930999756,1.9882717,1.111112
2024-04-01,288.54703,293.25,0.0034831464290618896,2.1945846,1.3888900000000002
2024-04-02,288.8579,294.0,0.6307363510131836,1.9291229,0.833334
2024-04-03,291.24023,295.65,0.06508827209472656,2.189477,1.3888900000000002
2024-04-04,289.51492,294.75,0.000864267407450825,1.7286663,0.555556
2024-04-05,290.84927,292.75,3.8004369735717773,1.4181653,0.416667
2024-04-06,290.1545,290.17499999999995,0.05054660141468048,1.0382069,0.416667
2024-04-07,289.26855,292.25,0.0008702263585291803,1.3709666,0.416667
2024-04-08,289.90817,293.375,0.2745985984802246,1.7983289,0.694445
2024-04-09,289.76746,293.225,0.5702972412109375,2.1689107,0.9722230000000001
2024-04-10,286.95398,286.70000000000005,0.34642964601516724,2.6133387,1.111112
2024-04-11,282.19522,283.225,0.26813334226608276,1.7420006,0.555556
2024-04-12,283.23264,285.6,0.3414929509162903,1.5911899,0.555556
2024-04-13,284.63217,286.65,0.5922316312789917,2.5098364,0.138889
2024-04-14,287.24463,289.15,1.8142833709716797,1.482441,0.416667
2024-04-15,288.12683,290.875,0.009045004844665527,1.5244551,0.555556
2024-04-16,288.31015,291.70000000000005,0.00042617321014404297,1.4784073,0.555556
2024-04-17,288.72733,290.375,0.0,2.5249188,0.9722230000000001
2024-04-18,289.55502,289.1,0.0008523463038727641,2.3752675,0.694445
2024-04-19,290.85104,292.8163146972656,0.0,3.0950508,1.399703860282898
2024-04-20,290.506,292.4794921875,0.10257959365844727,1.7260557,0.8399189114570618
2024-04-21,291.21262,293.1692810058594,0.11563301086425781,1.2928785,0.6627918481826782
2024-04-22,291.98047,293.9188537597656,0.6723791360855103,1.1493953,0.6041212677955627
2024-04-23,288.48788,290.5094299316406,0.3310889005661011,1.7681776,0.8571426272392273
2024-04-24,284.53253,286.6482849121094,0.02714991569519043,0.94300026,0.5197258591651917
2024-04-25,288.02347,290.05609130859375,0.11397898197174072,1.6308527,0.8009901642799377
2024-04-26,290.227,291.375,0.5841590166091919,1.2776861,0.8333340000000001
2024-04-27,286.8184,290.15,0.002078711986541748,2.227355,0.555556
2024-04-28,285.7859,288.375,0.000858306884765625,1.9083128,0.694445
2024-04-29,287.94952,292.6,0.007688999176025391,2.138098,0.9722230000000001
2024-04-30,291.02304,293.4,0.5716681480407715,2.02338,0.833334
2024-05-01,285.9379,288.57500000000005,0.31115859746932983,2.1941247,0.833334
2024-05-02,282.7443,285.7,0.0032782554626464844,2.2901227,0.6944450000000001
2024-05-03,282.6271,284.17499999999995,0.0008523463038727641,1.2841622,0.277778
2024-05-04,284.7238,286.8349914550781,0.0008702276973053813,2.2548773,1.0561552047729492
2024-05-05,288.13657,290.1664733886719,0.0741034746170044,2.0486066,0.9718106389045715
2024-05-06,286.5701,288.6373291015625,0.05148351192474365,1.3222437,0.6747993230819702
2024-05-07,287.5,289.5450744628906,0.5625933408737183,0.9714677,0.531366229057312
2024-05-08,286.05435,288.13385009765625,0.0008702045306563377,2.560695,1.1812046766281128
2024-05-09,282.46396,284.62896728515625,0.000858306884765625,2.2111948,1.0382932424545288
2024-05-10,282.6974,284.8568420410156,0.00014901161193847656,1.6502906,0.8089383840560913
2024-05-11,282.43982,284.60540771484375,0.309675931930542,1.4770344,0.7380935549736023
2024-05-12,280.7154,282.92205810546875,0.119844451546669,1.8686409,0.8982222676277161
2024-05-13,278.7258,280.9798278808594,0.02294592559337616,2.1721032,1.022308588027954
2024-05-14,279.566,281.800048828125,0.000858306884765625,1.2608093,0.649678647518158
2024-05-15,279.22702,281.4691162109375,0.0008742006029933691,2.3652804,1.1012992858886719
2024-05-16,280.2631,282.48052978515625,0.37148594856262207,1.4511375,0.7275042533874512
2024-05-17,281.46555,283.6543273925781,0.19215792417526245,1.2832148,0.6588402986526489
2024-05-18,280.4103,282.6242370605469,0.001597392838448286,1.1312404,0.5966976881027222
2024-05-19,280.50565,282.71728515625,0.0,1.499949,0.7474633455276489
2024-05-20,282.1058,287.6,0.0008523463038727641,3.233517,2.083335
2024-05-21,282.02515,284.025,0.050127506256103516,1.742108,0.555556
2024-05-22,281.69766,283.6,0.5751550197601318,1.1290358,0.416667
2024-05-23,281.54257,281.5,0.14539343118667603,1.7755123,0.833334
2024-05-24,278.3342,280.675,0.2189353108406067,1.7683506,0.555556
2024-05-25,277.74503,279.4,0.025898218154907227,1.5648347,0.555556
2024-05-26,275.38144,277.875,0.03808736801147461,1.256815,0.555556
2024-05-27,278.45627,278.95,0.0,0.8864114,0.416667
2024-05-28,278.555,280.75,0.000858306884765625,1.7912092,0.694445
2024-05-29,281.83127,285.375,0.0008597968844696879,2.5286562,1.38889
2024-05-30,282.49988,284.7,0.0,1.7588195,0.416667
2024-05-31,282.2357,283.275,0.000858306884765625,1.9915756,0.8333340000000001
2024-06-01,284.84787,290.15,0.03731250762939453,2.1075866,0.833334
2024-06-02,282.30136,283.85,0.0008672475814819336,2.6567848,1.111112
2024-06-03,279.00046,283.225,0.0,1.6302115,0.9722230000000001
2024-06-04,280.68723,283.9,0.0,2.1067982,0.555556
2024-06-05,283.7921,286.625,0.0008523463038727641,1.9287678,0.833334
2024-06-06,286.92398,289.775,0.001043081283569336,1.9456735,0.416667
2024-06-07,288.0663,289.45000000000005,0.0,1.8833709,0.277778
2024-06-08,289.35315,291.65,0.0,2.1745086,0.277778
2024-06-09,289.3262,292.675,0.0008523463038727641,2.4536288,0.833334
2024-06-10,285.29916,285.75,0.0008702276973053813,1.5430651,0.416667
2024-06-11,286.04895,287.925,0.0008523463038727641,1.7271551,0.555556
2024-06-12,288.73373,291.9,0.021189451217651367,2.6046963,1.666668
2024-06-13,292.3102,296.79999999999995,0.2628713846206665,3.0475042,1.9444460000000001
2024-06-14,287.3611,289.57500000000005,0.03495253622531891,3.0057843,1.111112
2024-06-15,284.2463,285.6,0.000858306884765625,1.64827,0.416667
2024-06-16,284.6074,287.875,0.00043511379044502974,1.391715,0.416667
2024-06-17,283.53128,285.55,0.0008523463038727641,1.8709707,0.833334
2024-06-18,285.54724,288.15,0.3229379653930664,2.2891693,0.833334
2024-06-19,282.40555,283.925,0.003293156623840332,1.9959378,0.555556
2024-06-20,282.23923,286.225,0.0034850090742111206,1.7075793,0.416667
2024-06-21,286.595,289.225,0.14865398406982422,2.100576,0.416667
2024-06-22,285.09695,290.75,0.8782073855400085,1.3487588,0.555556
2024-06-23,280.78995,283.35,0.026345252990722656,2.5074244,1.111112
2024-06-24,278.11145,281.55,0.134393572807312,1.4880089,0.6944450000000001
2024-06-25,277.50607,279.5,0.0008522765710949898,1.2359186,0.694445
2024-06-26,278.75024,281.875,0.0,1.8871852,0.555556
2024-06-27,285.4988,286.70000000000005,0.0008612871752120554,3.5675724,1.5277790000000002
2024-06-28,282.20285,281.925,0.000858306884765625,2.4638834,0.9722230000000001
2024-06-29,279.88223,279.65,0.000858306884765625,1.3231181,0.694445
2024-06-30,280.81192,283.45,0.0008523463038727641,2.5180297,1.666668
2024-07-01,282.92972,283.65,0.0,1.7521414,0.416667
2024-07-02,283.4634,286.5,0.0,1.7548691,0.416667
2024-07-03,281.97574,283.5,0.000858306884765625,2.0138626,0.416667
2024-07-04,280.36435,276.45000000000005,0.0008513141074217856,1.5814558,0.555556
2024-07-05,279.32016,282.1,0.00086224201368168,1.2226105,0.694445
2024-07-06,278.38126,281.475,0.0,1.729725,0.555556
2024-07-07,276.8301,277.625,0.0,1.4223205,0.555556
2024-07-08,276.3848,280.0,0.000858306884765625,1.1377646,0.555556
2024-07-09,275.53583,277.4,0.0003110617399215698,1.3905624,0.416667
2024-07-10,275.89276,274.6,0.0008523463038727641,1.067057,0.416667
2024-07-11,275.82196,278.25,0.000858306884765625,1.6376816,0.416667
2024-07-12,276.93997,282.675,0.0,1.5433588,0.694445
2024-07-13,276.6841,283.875,0.000858306884765625,1.6401962,0.555556
2024-07-14,276.50705,284.375,0.00042617321014404297,1.6224192,0.555556
2024-07-15,277.62305,286.75,0.0030025839805603027,2.2665837,0.694445
2024-07-16,281.20404,282.475,0.0,1.9882418,1.111112
2024-07-17,281.27994,284.8,0.0008523463038727641,2.28726,0.555556
2024-07-18,284.19855,292.05,0.23981931805610657,2.3791842,1.9444460000000001
2024-07-19,282.07156,282.92499999999995,0.23633241653442383,2.4519675,0.8333340000000001
2024-07-20,279.92828,279.45000000000005,0.1414477527141571,1.4176426,0.555556
2024-07-21,280.10568,280.975,0.02965889871120453,1.1528764,0.555556
2024-07-22,283.00076,285.625,0.010594725608825684,1.3117603,0.555556
2024-07-23,284.56006,286.7,0.008512288331985474,2.7214768,0.9722230000000001
2024-07-24,286.4779,288.025,0.0008583070593886077,2.0987206,0.833334
2024-07-25,285.12546,286.4,0.0,2.3916388,0.694445
2024-07-26,285.1226,286.525,0.0,1.9262828,0.694445
2024-07-27,284.37173,286.1,0.000858306884765625,1.5590901,0.833334
2024-07-28,281.75986,284.6,0.0008612899109721184,1.9938179,1.111112
2024-07-29,280.8817,281.1,0.000858306884765625,1.8222438,0.416667
2024-07-30,281.3739,283.075,0.0008523463038727641,2.9350398,1.38889
2024-07-31,284.62073,288.45,0.0008601675508543849,2.8429577,1.666668
2024-08-01,288.77246,291.3,0.17648935317993164,2.8667886,0.9722230000000001
2024-08-02,293.58127,293.1,0.5776882171630859,3.3780575,1.666668
2024-08-03,288.39478,290.4185485839844,0.2285689115524292,3.0495949,1.3811168670654297
2024-08-04,283.97995,286.1088562011719,0.0,1.4809055,0.7396764755249023
2024-08-05,284.20377,286.32733154296875,0.0,1.7435856,0.8470869064331055
2024-08-06,284.0533,284.75,0.0032782554626464844,2.3370683,1.6666680000000003
2024-08-07,280.72794,281.5,0.0,2.083594,0.416667
2024-08-08,278.68777,280.25,0.0,2.1027994,0.833334
2024-08-09,278.85797,286.0,0.0,1.2742538,0.416667
2024-08-10,281.84912,283.75,0.000858306884765625,2.5255685,0.9722230000000001
2024-08-11,283.5912,283.25,0.000858306884765625,1.9967599,0.416667
2024-08-12,283.70834,283.0,0.0,1.7626581,0.555556
2024-08-13,284.38904,288.5,0.0,3.317711,2.083335
2024-08-14,286.1902,287.0,0.0,2.2088764,1.111112
2024-08-15,286.69205,286.75,0.000858306884765625,1.7079172,0.416667
2024-08-16,287.6204,285.5,0.051856040954589844,1.5424185,0.6944450000000001
2024-08-17,285.30685,286.0,0.011146068572998047,1.4230636,0.555556
2024-08-18,285.2266,286.25,0.04489719867706299,1.3606672,0.9722230000000001
2024-08-19,282.09225,283.75,0.32469630241394043,2.1265833,0.8333340000000001
2024-08-20,280.5146,282.25,0.16236281394958496,1.8638436,0.555556
2024-08-21,281.53607,281.75,0.07796287536621094,1.4117883,0.9722230000000001
2024-08-22,280.52542,281.25,0.27763843536376953,1.6582226,0.9722230000000001
2024-08-23,278.85748,280.25,0.34058094024658203,1.138153,0.555556
2024-08-24,278.88913,280.5,0.0011622905731201172,1.2785515,0.555556
2024-08-25,279.9014,280.25,0.0,1.7869959,0.694445
2024-08-26,281.67813,283.75,0.0,2.8616588,0.9722230000000001
2024-08-27,282.93835,284.0,0.000858306884765625,2.0312436,0.694445
2024-08-28,283.48035,281.5,0.0008523463038727641,1.9772738,0.555556
2024-08-29,284.09964,286.2257080078125,0.6968080997467041,1.9730835,0.9409290552139282
2024-08-30,283.35812,285.5018310546875,0.2621859014034271,2.2695448,1.0621527433395386
2024-08-31,282.55533,284.7181701660156,0.0008523463038727641,1.790418,0.8662368059158325
2024-09-01,283.23654,285.3831481933594,0.000858306884765625,1.7418251,0.8463670611381531
2024-09-02,289.1388,291.14483642578125,0.0007227063179016113,3.4292831,1.536372184753418
2024-09-03,286.46533,288.5350646972656,0.00043511379044502974,3.2984152,1.4828599691390991
2024-09-04,286.2025,288.27850341796875,0.0,1.4594539,0.7309048771858215
2024-09-05,286.83218,288.8931579589844,0.0,2.9120624,1.32487952709198
2024-09-06,289.2672,291.27020263671875,0.0,2.487338,1.1512088775634766
2024-09-07,288.19473,290.2232666015625,0.0008523463038727641,1.7420444,0.8464567065238953
2024-09-08,289.4691,291.46728515625,0.0008523463038727641,1.6764297,0.8196267485618591
2024-09-09,291.22,293.1764831542969,0.10669231414794922,1.2192729,0.6326943039894104
2024-09-10,292.77628,294.6957092285156,0.5655661225318909,2.5397139,1.1726254224777222
2024-09-11,286.6193,288.6853332519531,0.00043511390686035156,3.2020378,1.4434510469436646
2024-09-12,286.07977,288.1586608886719,0.11815130710601807,1.723838,0.8390120267868042
2024-09-13,286.95645,289.01446533203125,0.00043511379044502974,1.7861382,0.8644867539405823
2024-09-14,286.58304,288.64996337890625,0.03585517406463623,2.099068,0.9924443960189819
2024-09-15,287.49414,289.53936767578125,0.00042617321014404297,2.2092884,1.0375137329101562
2024-09-16,289.00436,291.01361083984375,0.5103200674057007,2.6604388,1.2219901084899902
2024-09-17,290.13107,292.1134948730469,0.000858306884765625,3.025493,1.371261477470398
2024-09-18,292.42838,294.3560791015625,0.0705420970916748,2.6659176,1.224230408668518
2024-09-19,296.10495,297.9450988769531,0.0,3.6031113,1.6074508428573608
2024-09-20,290.7434,292.71124267578125,0.005364418029785156,2.088212,0.9880053400993347
2024-09-21,292.89957,294.8160705566406,0.013428926467895508,2.994768,1.3586980104446411
2024-09-22,295.38846,297.24566650390625,0.002898275852203369,2.881842,1.312522292137146
2024-09-23,289.88586,291.8741149902344,0.0008523463038727641,2.1071682,0.9957565665245056
2024-09-24,289.39975,291.39959716796875,0.18490850925445557,1.946507,0.9300618767738342
2024-09-25,289.29666,291.2989501953125,0.014081597328186035,2.2184143,1.0412453413009644
2024-09-26,286.7417,288.8048400878906,0.0008662028121761978,2.8075647,1.2821502685546875
2024-09-27,288.13806,290.1679382324219,0.0,2.713786,1.243803858757019
2024-09-28,292.45294,294.38006591796875,0.00043511379044502974,2.4544966,1.137779951095581
2024-09-29,295.374,297.2315673828125,0.000858306884765625,2.914345,1.3258129358291626
2024-09-30,299.57373,301.3312683105469,0.0,3.0000246,1.3608474731445312
2024-10-01,291.93454,293.8740234375,0.0008523463038727641,3.1774273,1.4333877563476562
2024-10-02,288.44797,290.470458984375,0.0008557988330721855,2.1252177,1.0031371116638184
2024-10-03,288.8581,290.8708190917969,0.00043511379044502974,1.9896189,0.9476904273033142
2024-10-04,290.3652,292.75,0.00043511379044502974,3.0981853,1.111112
2024-10-05,293.2836,293.25,0.000858306884765625,1.9191093,0.694445
2024-10-06,294.76236,295.5,2.519667148590088,1.7083689,0.694445
2024-10-07,290.28873,291.5,0.4328358769416809,1.568078,0.277778
2024-10-08,287.84872,289.25,0.9609013795852661,3.02889,0.8333340000000001
2024-10-09,285.58347,287.0,0.40861964225769043,2.415516,0.277778
2024-10-10,288.23114,291.5,7.450580596923828e-05,1.1071261,0.416667
2024-10-11,290.8666,292.25,0.04696846008300781,1.953293,0.416667
2024-10-12,289.92636,291.75,2.0502805709838867,2.1634848,0.6944450000000001
2024-10-13,289.70224,288.5,5.948990821838379,1.4586767,0.6944450000000001
2024-10-14,290.05298,291.75,0.6459951400756836,1.3998858,0.416667
2024-10-15,291.0409,293.0,0.029981136322021484,1.6266631,0.555556
2024-10-16,291.50342,293.75,4.00225830078125,2.5117025,0.694445
2024-10-17,291.0961,293.25,0.029832124710083008,2.0203593,0.555556
2024-10-18,290.84842,293.25,0.000858306884765625,1.5117707,0.555556
2024-10-19,291.47263,295.5,0.0008772329892963171,2.7945557,0.9722230000000001
2024-10-20,293.74976,298.0,0.07170438766479492,3.5607116,1.111112
2024-10-21,294.00394,296.25,2.327874183654785,1.8934485,0.833334
2024-10-22,291.7624,292.5,4.396617412567139,1.7926773,0.277778
2024-10-23,292.46838,292.5,0.08083879947662354,1.1588721,0.6944450000000001
2024-10-24,290.87347,295.0,0.07404685020446777,2.8740768,1.666668
2024-10-25,288.55374,289.0,3.5652192309498787e-06,2.7242517,1.111112
2024-10-26,288.32315,289.25,0.0,1.7970661,0.555556
2024-10-27,290.35648,292.0,0.0,2.723849,0.833334
2024-10-28,292.98035,295.0,0.0,2.0663536,0.694445
2024-10-29,294.83328,295.75,0.0,2.3594515,0.694445
2024-10-30,295.61777,296.75,3.892868757247925,2.4004405,0.833334
2024-10-31,293.98965,295.5,0.2413913607597351,1.1359805,0.555556
2024-11-01,295.30353,297.5,0.6321370601654053,2.1999214,0.833334
2024-11-02,291.11407,294.25,0.05008280277252197,3.5456693,1.5277790000000002
2024-11-03,289.60483,294.25,1.3781487941741943,1.9600792,0.833334
2024-11-04,293.0557,294.25,0.08341297507286072,2.0687244,0.9722230000000001
2024-11-05,290.91846,291.75,2.0217747688293457,1.8681055,0.555556
2024-11-06,290.8668,292.75,0.15075504779815674,1.3395833,0.416667
2024-11-07,291.1437,295.0,0.12615323066711426,2.1780026,1.111112
2024-11-08,291.95242,297.0,0.018030405044555664,1.6007237,0.833334
2024-11-09,293.3555,297.5,1.102536916732788,2.8855896,1.111112
2024-11-10,296.2496,300.0,2.6903674602508545,2.5326989,1.666668
2024-11-11,290.13443,293.5,0.0,3.1443546,1.111112
2024-11-12,291.41028,293.5,0.000864267407450825,1.6641449,0.833334
2024-11-13,293.88187,297.5,0.0005960464477539062,1.9662176,0.416667
2024-11-14,296.32706,297.5,0.00043511379044502974,2.5848489,0.555556
2024-11-15,297.19855,299.5,0.4559338092803955,3.6957138,0.833334
2024-11-16,297.03894,298.5,0.4150271415710449,2.3320487,1.3888900000000002
2024-11-17,290.15707,290.5,0.20724348723888397,2.9218066,1.3888900000000002
2024-11-18,288.199,290.25,1.3494789600372314,2.2219956,0.694445
2024-11-19,289.48145,291.25,0.33264607191085815,1.539498,0.555556
2024-11-20,290.68948,293.25,0.91591477394104,1.7711468,0.694445
2024-11-21,291.578,294.25,0.11241249740123749,1.5944179,0.694445
2024-11-22,293.74112,296.75,0.002384185791015625,1.9133482,0.694445
2024-11-23,294.28494,296.25,0.16324222087860107,2.2405727,0.833334
2024-11-24,296.8313,301.75,3.622509479522705,2.8304834,0.833334
2024-11-25,294.7229,294.5,3.6405177116394043,2.3540483,0.833334
2024-11-26,295.15198,296.75,1.5683472156524658,1.0656878,0.277778
2024-11-27,294.4893,296.367919921875,1.3440773487091064,1.1131694,0.5893083810806274
2024-11-28,293.67868,295.57659912109375,3.356635570526123,1.4910475,0.7438235282897949
2024-11-29,290.60974,292.58074951171875,0.7588714361190796,2.0144873,0.9578591585159302
2024-11-30,288.88358,290.89569091796875,0.7757245302200317,1.3049959,0.6677466630935669
2024-12-01,292.63736,294.5600891113281,0.0005960464477539062,2.7796867,1.270750880241394
2024-12-02,290.42615,292.40155029296875,0.0005960465059615672,1.884786,0.9048240184783936
2024-12-03,290.12393,292.1065368652344,0.0008583070593886077,2.0617955,0.9772036075592041
2024-12-04,291.84616,293.7877502441406,0.07605552673339844,2.8979428,1.3191059827804565
2024-12-05,294.62305,296.4985046386719,1.132659673690796,2.928353,1.331540822982788
2024-12-06,293.35953,295.26507568359375,0.013660024851560593,3.0632331,1.3866935968399048
2024-12-07,289.2271,291.2310485839844,0.20992755889892578,2.8057137,1.28139328956604
2024-12-08,287.59982,289.64251708984375,0.011920928955078125,1.7559481,0.8521419167518616
2024-12-09,290.96655,292.9290771484375,0.0008523463038727641,1.532637,0.7608295679092407
2024-12-10,293.45245,295.35577392578125,0.0,2.3678837,1.1023637056350708
2024-12-11,294.79715,296.66845703125,2.664417028427124,2.7189171,1.2459020614624023
2024-12-12,296.67004,298.4967346191406,4.148870468139648,2.4370546,1.130647897720337
2024-12-13,293.91226,295.80462646484375,0.00405311631038785,2.8749447,1.3097020387649536
2024-12-14,294.48593,296.3646545410156,0.17341971397399902,1.6246042,0.7984351515769958
2024-12-15,295.42737,297.2836608886719,0.15197694301605225,1.6933193,0.8265329003334045
2024-12-16,294.88998,296.7590637207031,0.10226666927337646,1.7002782,0.8293784260749817
2024-12-17,294.85672,296.7265930175781,4.443201065063477,2.4623704,1.1409995555877686
2024-12-18,292.03305,293.9701843261719,0.000858306884765625,1.3147513,0.6717356443405151
2024-12-19,294.35922,296.2409362792969,0.13183057308197021,1.7911679,0.8665434122085571
2024-12-20,296.0547,297.8960266113281,2.351179599761963,2.2713075,1.0628734827041626
2024-12-21,290.55093,292.5233459472656,0.0038431466091424227,2.1376667,1.0082274675369263
2024-12-22,292.83548,294.7535095214844,2.555638551712036,1.5699605,0.7760912179946899
2024-12-23,294.96594,296.8332214355469,0.3502964973449707,2.6434433,1.215040683746338
2024-12-24,293.60544,295.505126953125,0.0,3.0337934,1.3746556043624878
2024-12-25,292.77417,294.6936340332031,0.019371509552001953,1.8048319,0.8721306324005127
2024-12-26,293.91382,295.80615234375,0.14647841453552246,1.3446792,0.6839732527732849
2024-12-27,295.15762,297.02032470703125,4.607915878295898,1.3830132,0.6996480822563171
2024-12-28,294.40033,296.28106689453125,0.08317828178405762,1.2130795,0.6301618218421936
2024-12-29,295.4612,297.3166809082031,1.8578022718429565,1.8607559,0.8949980735778809
2024-12-30,295.68082,297.53106689453125,1.8251538276672363,1.5801281,0.780248761177063
2024-12-31,297.37936,299.1891784667969,1.7807632684707642,1.9190756,0.9188451170921326
2025-01-01,295.87473,297.7203674316406,0.7249712944030762,1.1120766,0.5888615846633911
2025-01-02,296.4686,298.3000793457031,0.8973032832145691,1.2210178,0.6334078311920166
2025-01-03,296.63474,298.4622802734375,0.03935396671295166,1.0985612,0.5833350419998169
2025-01-04,297.63022,299.4340515136719,0.09590387344360352,2.0132322,0.9573459625244141
2025-01-05,297.92136,299.71826171875,0.3004542589187622,1.9383411,0.9267228245735168
2025-01-06,297.49326,299.30035400390625,1.3181418180465698,1.8452355,0.8886517286300659
2025-01-07,296.4899,298.3208923339844,1.6077158451080322,1.4991151,0.7471224069595337
2025-01-08,298.10193,299.89453125,1.6076117753982544,1.4745197,0.737065315246582
2025-01-09,295.31973,297.1785888671875,2.5427439212799072,1.2828488,0.6586906909942627
2025-01-10,295.35706,297.21502685546875,0.00852346420288086,1.3552696,0.6883036494255066
2025-01-11,296.24677,298.0835266113281,0.015556812286376953,1.6685324,0.816397488117218
2025-01-12,297.2599,299.0725402832031,0.02117455005645752,1.6472368,0.8076896667480469
2025-01-13,297.29346,302.0,0.0008523463038727641,1.5201565,0.833334
2025-01-14,298.43185,300.5,0.0008523464202880859,1.7758207,0.833334
2025-01-15,299.46494,301.0,0.11357665061950684,1.7246555,0.833334
2025-01-16,299.04654,301.0,1.2908726930618286,1.6210175,1.111112
2025-01-17,297.55417,298.5,1.071713924407959,1.5747837,1.111112
2025-01-18,295.09555,293.5,0.9022057056427002,1.5328506,0.555556
2025-01-19,293.6163,293.5,0.0,2.3966706,1.3888900000000002
2025-01-20,293.49628,294.5,0.0008597968844696879,1.7411842,0.833334
2025-01-21,295.67813,298.5,0.39896368980407715,1.663858,1.111112
2025-01-22,297.23758,299.0,0.20063109695911407,1.956205,0.833334
2025-01-23,296.88358,300.0,2.0933876037597656,2.5634544,1.111112
2025-01-24,298.1598,302.5,2.3552627563476562,1.6807305,1.3888900000000002
2025-01-25,296.55032,297.5,0.987023115158081,1.4421936,0.833334
2025-01-26,296.91458,299.5,0.2694129943847656,2.2684975,0.555556
2025-01-27,296.55692,299.0,7.061422824859619,1.7881244,0.833334
2025-01-28,293.5945,297.5,0.058185018599033356,1.3775402,0.833334
2025-01-29,294.93497,298.5,0.006452202796936035,1.3488687,0.833334
2025-01-30,296.13272,299.0,0.0008523463038727641,1.6966578,1.111112
2025-01-31,296.9602,299.5,0.010013580322265625,1.9821125,0.833334
2025-02-01,297.75726,300.0,0.0008588509517721832,1.7425646,0.833334
2025-02-02,298.1234,301.0,0.07048249244689941,2.481546,1.111112
2025-02-03,299.6831,303.5,0.09137392044067383,2.2440977,0.833334
2025-02-04,297.76315,297.5,0.38295984268188477,1.8739386,1.3888900000000002
2025-02-05,296.6985,298.5,0.001085922122001648,1.4720026,1.111112
2025-02-06,296.55923,299.0,0.42814016342163086,1.5890541,0.833334
2025-02-07,298.38638,300.0,0.003993511199951172,1.7284688,1.111112
2025-02-08,301.2001,304.0,0.0008046627044677734,2.1358402,0.833334
2025-02-09,302.7922,305.5,0.0008627771749161184,2.331339,0.833334
2025-02-10,302.43262,304.0,0.3666728734970093,2.8907118,1.111112
2025-02-11,300.04175,300.0,0.8880048990249634,2.230944,1.666668
2025-02-12,292.34085,293.5,0.038877129554748535,2.1537616,1.111112
2025-02-13,293.08975,296.5,0.17336010932922363,1.4915396,0.833334
2025-02-14,297.22183,301.0,5.6347551345825195,2.051114,0.833334
2025-02-15,295.12344,298.0,5.846961975097656,1.2857744,0.833334
2025-02-16,294.94717,298.0,0.21855533123016357,1.6273775,1.111112
2025-02-17,294.81747,298.0,0.01436471939086914,1.6597086,1.111112
2025-02-18,293.29678,294.5,0.0,2.0825658,1.111112
2025-02-19,294.92004,300.5,0.000858306884765625,2.8443604,1.3888900000000002
2025-02-20,296.40164,299.0,0.00043511379044502974,2.6348898,0.833334
2025-02-21,297.93674,301.5,0.0027418136596679688,2.080062,0.833334
2025-02-22,300.14215,303.5,0.0008523463038727641,2.596847,1.111112
2025-02-23,301.06766,304.0,0.08288025856018066,2.5671291,0.833334
2025-02-24,301.10367,304.0,2.7680249214172363,2.2793624,1.3888900000000002
2025-02-25,297.93457,298.0,1.6688543558120728,1.5120991,0.833334
2025-02-26,296.59677,297.0,2.161994457244873,0.99527353,0.833334
2025-02-27,295.69153,298.5,1.5148252248764038,1.8917179,1.111112
2025-02-28,296.31708,299.5,1.0713114738464355,1.962143,1.111112
2025-03-01,295.13284,298.5,1.623585820198059,1.4445225,0.833334
2025-03-02,294.74463,298.5,1.4837682247161865,1.8683802,0.833334
2025-03-03,296.603,300.5,0.5389153957366943,2.0223627,1.111112
2025-03-04,297.80615,300.5,0.07650256156921387,2.2879512,1.111112
2025-03-05,299.25388,303.0,0.0836104154586792,2.338229,0.833334
2025-03-06,299.8141,302.5,1.4451146125793457,2.495538,1.111112
2025-03-07,299.26932,303.5,6.882496356964111,2.7830632,1.111112
2025-03-08,292.27075,294.0,0.0004276632098481059,3.0825756,1.666668
2025-03-09,288.9757,292.0,0.0008523463038727641,1.8630962,0.833334
2025-03-10,290.3295,294.0,1.2658237218856812,2.2036924,1.3888900000000002
2025-03-11,291.941,294.5,2.9537081718444824,1.4348288,1.3888900000000002
2025-03-12,285.35474,286.5,0.11792778968811035,2.350065,0.555556
2025-03-13,285.97458,288.5,0.022776078432798386,1.3183303,0.277778
2025-03-14,287.40417,290.5,0.06446242332458496,2.0161479,0.833334
2025-03-15,289.9675,292.5,1.2908936738967896,1.9739116,0.555556
2025-03-16,292.1884,296.5,0.03883242607116699,1.4912896,0.555556
2025-03-17,293.09793,297.0,0.004678964614868164,1.6458645,0.555556
2025-03-18,294.23993,297.0,0.0,1.6725721,0.555556
2025-03-19,295.27023,298.0,0.00043511379044502974,2.634498,0.833334
2025-03-20,294.87036,297.5,2.861708402633667,2.6332436,0.833334
2025-03-21,293.80875,296.5,0.10782480239868164,1.2931412,0.555556
2025-03-22,293.04346,295.5,3.3080880641937256,1.4369755,0.555556
2025-03-23,291.676,292.0,2.6863515377044678,1.4156603,0.833334
2025-03-24,288.04666,288.5,1.8631815910339355,1.7247248,0.555556
2025-03-25,287.1302,289.0,1.165913462638855,2.3966367,0.555556
2025-03-26,290.7314,294.0,0.786811113357544,1.5820595,0.277778
2025-03-27,291.82858,294.0,0.47926604747772217,1.0457925,0.138889
2025-03-28,292.16562,293.0,0.2107173502445221,1.201855,0.416667
2025-03-29,291.571,294.0,1.2726484537124634,1.6915442,0.277778
2025-03-30,294.51254,295.25,5.330920219421387,3.0772636,1.3888900000000002
2025-03-31,286.1473,287.25,0.00043511379044502974,3.3393002,0.9722230000000001
2025-04-01,285.53275,287.0,0.0004276632098481059,1.2961789,0.555556
2025-04-02,286.63782,290.0,0.016126036643981934,1.4445175,0.555556
2025-04-03,288.01144,290.0,0.017657876014709473,2.208083,1.3888900000000002
2025-04-04,282.11102,282.5,0.0008685360080562532,2.1010776,0.6944450000000001
2025-04-05,282.49146,285.5,0.01767277717590332,1.6978878,0.555556
2025-04-06,283.7092,285.5,0.104561448097229,1.3595594,0.555556
2025-04-07,285.8966,286.5,0.30829572677612305,1.9181204,0.555556
2025-04-08,286.2836,289.5,0.0488869845867157,2.2512896,0.833334
2025-04-09,287.44168,289.75,0.1583695411682129,1.5048555,0.416667
2025-04-10,288.07938,289.75,0.06034970283508301,1.5610509,0.277778
2025-04-11,288.9628,292.5,4.219442367553711,1.7769672,0.277778
2025-04-12,288.38467,289.75,0.05567074194550514,1.5184349,0.416667
2025-04-13,287.95297,289.5,0.012636184692382812,1.466355,0.416667
2025-04-14,287.8085,290.0,1.2729912996292114,2.0949738,0.277778
2025-04-15,288.78052,291.0,0.06204843521118164,1.2316625,0.555556
2025-04-16,290.2417,293.25,0.0388026237487793,1.841966,0.555556
2025-04-17,291.38907,293.5,0.848233699798584,1.6646395,0.416667
2025-04-18,289.0845,288.0,0.25463104248046875,1.8351501,0.555556
2025-04-19,284.96783,286.0,0.1692362129688263,1.3564081,0.416667
2025-04-20,285.10648,286.0,0.0008523463038727641,1.459421,0.277778
2025-04-21,286.6188,287.75,0.000852346362080425,2.0078132,0.833334
2025-04-22,288.25015,294.5,0.2614259719848633,2.0378902,1.111112
2025-04-23,289.43594,294.25,0.4947781562805176,1.4772886,0.555556
2025-04-24,290.1344,293.5,0.00994652509689331,1.1834658,0.555556
2025-04-25,290.52414,293.0,0.38327276706695557,2.1340368,1.3888900000000002
2025-04-26,286.83347,290.5,0.2034604400396347,2.712664,1.3888900000000002
2025-04-27,287.52664,292.5,0.0008672475814819336,1.2029411,0.555556
2025-04-28,288.10013,291.0,0.0,1.5086093,0.555556
2025-04-29,287.85184,290.5,0.0,2.2648954,1.111112
2025-04-30,288.2991,292.25,0.0008597968844696879,2.7098238,0.833334
2025-05-01,288.92886,291.5,0.005069374572485685,2.3532925,0.833334
2025-05-02,289.3046,291.5,0.013232231140136719,1.546341,0.416667
2025-05-03,290.70615,292.75,0.2253204584121704,2.3198538,0.555556
2025-05-04,292.06033,296.0,2.4506301879882812,1.8576282,0.9722230000000001
2025-05-05,289.67853,290.75,0.3028884530067444,1.279739,0.138889
2025-05-06,290.67654,292.0,0.3742501139640808,1.2619122,0.277778
2025-05-07,289.6338,292.5,0.21801888942718506,1.322135,0.416667
2025-05-08,289.34787,290.5,0.09068846702575684,1.4362621,0.416667
2025-05-09,288.70975,290.75,0.000858306884765625,0.9729557,0.555556
2025-05-10,289.2637,290.5,0.000858306884765625,1.5736309,0.416667
2025-05-11,288.47488,290.0,0.0008571271901018918,2.8374474,0.555556
2025-05-12,288.5241,290.0,0.000858306884765625,2.7712452,0.694445
2025-05-13,287.98624,289.75,0.009775161743164062,2.5154111,0.833334
2025-05-14,289.0416,292.5,0.32486021518707275,1.4721473,0.138889
2025-05-15,291.8893,293.75,0.49199169874191284,2.1102288,0.694445
2025-05-16,292.70706,294.25,1.4256871938705444,1.9304487,0.555556
2025-05-17,293.1038,295.25,0.7719844579696655,2.4645789,1.3888900000000002
2025-05-18,285.71927,286.5,0.00085967977065593,3.0440037,0.9722230000000001
2025-05-19,283.89578,284.5,0.0008523463038727641,0.8189923,0.416667
2025-05-20,283.24936,282.25,0.015661118552088737,1.463678,0.277778
2025-05-21,283.91937,285.0,0.2027451992034912,1.1324956,0.277778
2025-05-22,284.64352,286.7566223144531,0.0,1.1030453,0.5851686000823975
2025-05-23,285.04404,285.25,0.06004422903060913,2.089831,0.555556
2025-05-24,286.88324,286.75,0.010639429092407227,1.1759065,0.555556
2025-05-25,285.11526,285.5,0.015038996934890747,1.4355456,0.416667
2025-05-26,285.93445,285.25,0.9053349494934082,1.2527496,0.694445
2025-05-27,283.07715,282.75,0.0,3.4155233,1.8055570000000003
2025-05-28,278.7372,281.5,0.0,1.9167566,0.416667
2025-05-29,279.39725,282.5,0.0,1.4795799,0.416667
2025-05-30,281.06137,283.5,0.000858306884765625,1.5761437,0.416667
2025-05-31,281.34952,283.0,0.0004276632098481059,1.6191831,0.277778
2025-06-01,281.71518,282.75,0.0,1.9649477,0.416667
2025-06-02,282.45584,284.25,0.000858306884765625,1.7487577,0.694445
2025-06-03,284.03857,284.5,0.000858306884765625,1.7399526,0.694445
2025-06-04,284.09232,284.75,0.0,2.0685742,0.555556
2025-06-05,284.519,284.25,0.0,1.7640108,0.277778
2025-06-06,283.62997,284.5,0.14001131057739258,1.9111522,0.416667
2025-06-07,283.3519,284.75,0.01817941665649414,1.3744472,0.416667
2025-06-08,283.15347,284.5,0.0008523463038727641,1.2033185,0.277778
2025-06-09,283.00504,283.5,0.0008523463038727641,1.6409975,0.138889
2025-06-10,282.4302,284.5960388183594,0.0,2.2085302,1.0372037887573242
2025-06-11,282.18674,284.3583679199219,0.000858306884765625,2.8668206,1.306380033493042
2025-06-12,281.81656,283.9969787597656,0.005665421485900879,2.936613,1.3349183797836304
2025-06-13,282.94946,285.1029052734375,0.13700127601623535,1.5617867,0.7727489471435547
2025-06-14,282.3877,284.5545349121094,0.0008687342051416636,2.316674,1.0814239978790283
2025-06-15,281.68677,283.87030029296875,0.0008519566035829484,2.644107,1.2153120040893555
2025-06-16,283.92474,286.0549621582031,0.00014901161193847656,2.222514,1.042921781539917
2025-06-17,281.67538,283.85919189453125,0.000858306884765625,2.2018955,1.0344908237457275
2025-06-18,280.9442,283.1454162597656,0.0,1.7491318,0.8493547439575195
2025-06-19,280.7743,282.97955322265625,0.00042713864240795374,1.6771773,0.8199324011802673
2025-06-20,281.8126,283.99310302734375,0.0008583069429732859,1.9769369,0.9425047636032104
2025-06-21,281.2624,283.4560241699219,0.2761036157608032,1.7466364,0.8483343720436096
2025-06-22,282.17548,284.34735107421875,0.010609626770019531,2.4481337,1.1351780891418457
2025-06-23,277.55875,279.840576171875,0.0008628220530226827,2.1943076,1.0313880443572998
2025-06-24,279.55658,281.79083251953125,0.0008597968844696879,2.566639,1.1836351156234741
2025-06-25,280.16235,281.0,0.0,3.2650948,1.9444460000000001
2025-06-26,279.81396,281.0,0.0,1.735921,0.416667
2025-06-27,278.9647,279.5,0.0021758112125098705,1.8861803,0.555556
2025-06-28,279.0041,279.5,0.08527934551239014,2.1084468,0.9722230000000001
2025-06-29,274.6374,273.0,0.0196993350982666,2.9353073,0.6944450000000001
2025-06-30,274.55618,276.9095153808594,5.4016709327697754e-05,1.1405264,0.416667
2025-07-01,274.1801,283.0,0.0008523463038727641,2.21774,1.111112
2025-07-02,276.5271,278.0,0.0004276632098481059,2.2912982,1.666668
2025-07-03,279.70755,281.5,0.00042617321014404297,2.8319862,1.8055570000000003
2025-07-04,281.85245,283.5,0.00043511379044502974,2.144253,1.111112
2025-07-05,281.42944,282.0,0.16266107559204102,1.6090732,0.416667
2025-07-06,283.8914,286.0,0.08453428745269775,1.8375582,0.555556
2025-07-07,284.89542,286.5,0.0046156346797943115,1.658238,0.555556
2025-07-08,285.52005,285.5,0.19178079068660736,2.1582296,0.416667
2025-07-09,287.85153,290.5,1.1103302240371704,1.7465404,0.694445
2025-07-10,284.47083,285.0,0.7435176372528076,1.1824411,0.277778
2025-07-11,282.9658,284.0,0.18450617790222168,0.9693524,0.138889
2025-07-12,283.67664,284.0,0.006884336471557617,2.0502415,0.9722230000000001
2025-07-13,284.07486,284.0,0.0263899564743042,1.7175125,0.416667
2025-07-14,284.69238,286.8043212890625,0.0008583070011809468,2.6631224,1.2230874300003052
2025-07-15,288.73712,290.75274658203125,0.4981234669685364,2.49918,1.1560510396957397
2025-07-16,283.48203,285.622802734375,0.0008523463038727641,3.792112,1.6847337484359741
2025-07-17,280.2449,282.4627685546875,0.0008696636650711298,1.6309195,0.8010174632072449
2025-07-18,282.7851,284.9424743652344,0.000858306884765625,2.4706993,1.1444052457809448
2025-07-19,284.57388,286.68865966796875,0.00042617321014404297,2.462165,1.1409156322479248
2025-07-20,284.64133,286.7544860839844,0.0,1.799518,0.8699577450752258
2025-07-21,284.7301,286.8411560058594,0.11356174945831299,1.4470295,0.7258244752883911
2025-07-22,283.0831,285.2333679199219,0.2714693546295166,1.6461049,0.807226836681366
2025-07-23,278.94644,281.1952209472656,0.059545040130615234,1.2598847,0.6493005752563477
2025-07-24,279.6856,282.0,0.004857778549194336,1.6214863,0.694445
2025-07-25,283.33145,283.0,0.28192996978759766,1.6746501,0.9722230000000001
2025-07-26,280.65146,280.5,0.1899227499961853,2.0780275,0.9722230000000001
2025-07-27,277.93436,279.0,0.09410083293914795,2.5634744,1.111112
2025-07-28,278.90234,281.0,0.0028759241104125977,1.4507165,0.555556
2025-07-29,280.15286,281.5,0.0,2.5541499,1.805557
2025-07-30,283.42923,286.5,0.0008553265943191946,3.7017963,2.3611130000000005
2025-07-31,286.2058,290.0,0.08852779865264893,3.1408465,2.083335
2025-08-01,288.0831,290.5,0.6362795829772949,1.7676927,1.2500010000000001
2025-08-02,284.5163,283.5,0.013247132301330566,1.5991122,0.416667
2025-08-03,283.0861,284.0,0.0018104910850524902,1.5135134,0.416667
2025-08-04,281.3085,283.0,0.0008523464784957469,1.5460085,0.555556
2025-08-05,282.13602,282.0,0.000858306884765625,1.506831,0.555556
2025-08-06,282.11313,283.0,0.02415478229522705,1.8492535,0.833334
2025-08-07,281.83936,282.5,0.0,2.3515232,0.8333340000000001
2025-08-08,279.86194,279.5,0.0008514045039191842,1.5571814,0.416667
2025-08-09,281.01147,281.5,0.000858306884765625,2.226395,0.555556
2025-08-10,282.61487,285.0,0.0,2.016454,1.38889
2025-08-11,284.159,285.0,0.0008628952782601118,1.8823684,0.555556
2025-08-12,287.21225,289.5,0.0,2.6871433,1.5277790000000002
2025-08-13,284.81284,284.5,0.0006556510925292969,3.0004241,1.111112
2025-08-14,281.47665,281.0,0.0028908252716064453,1.4625355,0.555556
2025-08-15,280.6028,284.0,0.4698708653450012,1.4200974,0.555556
2025-08-16,283.06824,284.0,0.002168118953704834,0.92037994,0.555556
2025-08-17,283.09033,281.5,0.4629194736480713,1.4766556,0.416667
2025-08-18,282.8533,283.5,2.0798892974853516,1.4597219,0.555556
2025-08-19,282.1097,282.5,0.0008523463038727641,2.6472733,0.138889
2025-08-20,285.3901,284.0,0.0008597968844696879,2.470995,0.833334
2025-08-21,286.65213,286.0,0.0578761100769043,3.5102856,1.2500010000000001
2025-08-22,283.35165,284.5,0.010907649993896484,3.6689236,1.5277790000000002
2025-08-23,281.15854,280.5,0.0,2.0144703,0.6944450000000001
2025-08-24,281.29263,282.5,0.0,2.4434402,0.9722230000000001
2025-08-25,285.12747,285.0,0.0008523463038727641,2.14843,0.555556
2025-08-26,287.09402,285.5,0.0,2.0058959,0.555556
2025-08-27,286.33212,285.0,0.000858306884765625,2.404143,0.694445
2025-08-28,286.26245,286.0,0.0008597969426773489,2.6996634,0.694445
2025-08-29,286.542,286.5,3.9135451316833496,2.7136543,0.833334
2025-08-30,285.72476,288.0,5.948253154754639,2.0328152,0.8333340000000001
2025-08-31,284.47757,283.0,0.004516914486885071,2.4093502,0.833334
2025-09-01,282.6561,284.5,0.0004306435876060277,1.42876,0.555556
2025-09-02,284.66443,285.0,0.00042617321014404297,1.8768158,0.694445
2025-09-03,283.38077,283.5,0.012615323066711426,2.0141628,0.9722230000000001
2025-09-04,281.2095,282.5,0.0018477439880371094,1.6464119,0.6944450000000001
2025-09-05,280.1519,280.5,0.000858306884765625,1.3860222,0.555556
2025-09-06,280.61618,281.0,0.00042617321014404297,2.1162636,0.833334
2025-09-07,281.4761,282.5,0.017657876014709473,2.417023,0.9722230000000001
2025-09-08,284.97855,286.5,0.0008583070593886077,1.6194061,0.9722230000000001
2025-09-09,286.96365,287.0,0.0008553265361115336,2.3688326,0.416667
2025-09-10,289.08188,291.5,0.0,4.0398293,2.222224
2025-09-11,286.54562,286.5,0.0008523463038727641,1.7445046,0.694445
2025-09-12,286.09103,285.5,0.0008523463038727641,2.2574399,0.833334
2025-09-13,288.87057,290.0,0.037938348948955536,2.5796003,1.2500010000000001
2025-09-14,287.7917,289.5,0.0271722674369812,2.0834377,0.555556
2025-09-15,289.60855,290.5,0.00521540641784668,1.4020224,0.555556
2025-09-16,289.4505,289.0,0.8920133113861084,2.1859217,0.555556
2025-09-17,289.13876,290.0,0.0704936683177948,1.3379903,0.277778
2025-09-18,291.85593,294.5,0.9420067071914673,1.4193913,0.694445
2025-09-19,294.90762,296.0,5.201402187347412,2.0536215,1.2500010000000001
2025-09-20,292.7045,294.0,1.040130853652954,1.4545313,1.111112
2025-09-21,286.58273,285.0,0.0008672475814819336,3.1111813,1.111112
2025-09-22,285.366,284.0,0.0,1.4313806,0.694445
2025-09-23,287.33115,286.5,0.0,2.9431143,1.2500010000000001
2025-09-24,287.5575,287.0,0.0,1.9171454,0.833334
2025-09-25,286.93588,288.5,0.01868605613708496,3.011158,0.9722230000000001
2025-09-26,288.90817,290.5,4.1635260581970215,3.1975334,0.9722230000000001
2025-09-27,287.92258,287.0,0.0008678455487824976,3.2456636,1.5277790000000002
2025-09-28,287.94296,287.0,0.0008563456358388066,2.170926,0.694445
2025-09-29,290.20627,290.0,0.05111098289489746,2.1813676,0.833334
2025-09-30,288.84097,289.5,0.24214386940002441,2.487796,0.6944450000000001
2025-10-01,288.15695,290.0,0.013381242752075195,1.4316206,0.416667
2025-10-02,289.4506,294.75,0.0008523463038727641,1.8799027,0.694445
2025-10-03,292.09042,294.0,0.07796287536621094,3.0381298,1.111112
2025-10-04,295.62744,297.25,1.0556578636169434,2.8160632,1.2500010000000001
2025-10-05,291.40005,289.75,0.0008672475814819336,3.3113735,1.666668
2025-10-06,285.7944,285.25,0.0,1.9556193,0.694445
2025-10-07,287.8038,287.75,0.0008523464202880859,2.361195,0.694445
2025-10-08,288.97977,289.25,0.000870227871928364,2.5987422,0.694445
2025-10-09,291.4774,291.75,0.0,2.9432049,1.5277790000000002
2025-10-10,293.55923,292.5,0.00043511379044502974,3.1840856,1.111112
2025-10-11,294.33203,295.5,0.00042617321014404297,2.9044082,1.38889
2025-10-12,289.8362,292.25,0.0004276632098481059,2.6152523,0.9722230000000001
2025-10-13,291.47342,290.0,0.0008583070593886077,1.7200438,0.416667
2025-10-14,292.50378,292.25,0.08592009544372559,3.0300453,0.9722230000000001
2025-10-15,293.67026,296.75,0.12432783842086792,2.437767,0.9722230000000001
2025-10-16,293.5408,294.5,1.1151729822158813,2.1063871,0.555556
2025-10-17,290.2233,289.25,0.08526444435119629,2.3015103,0.8333340000000001
2025-10-18,288.2775,290.0,0.0,2.130113,0.694445
2025-10-19,289.47397,289.25,0.00171661376953125,3.240611,0.9722230000000001
2025-10-20,291.02808,291.5,0.0,3.160733,0.9722230000000001
2025-10-21,293.94833,294.0,0.10531136393547058,3.1820076,1.111112
2025-10-22,295.43445,295.75,0.830233097076416,2.1871278,0.694445
2025-10-23,297.08035,299.0,1.92280113697052,2.4411395,0.833334
2025-10-24,293.48657,293.25,0.4648156464099884,1.9446034,0.9722230000000001
2025-10-25,288.14072,289.0,0.0008500386029481888,3.8404305,1.666668
2025-10-26,289.15182,288.75,0.27883052825927734,2.0205162,0.833334
2025-10-27,285.0835,283.5,0.9958595037460327,2.734946,1.111112
2025-10-28,278.60532,278.25,0.001169741153717041,2.7111022,0.555556
2025-10-29,282.96317,285.5,0.009506940841674805,1.8391591,0.555556
2025-10-30,285.65854,288.75,0.0,1.7947696,0.9722230000000001
2025-10-31,289.78506,292.25,1.1517852544784546,3.0406234,1.2500010000000001
2025-11-01,290.45023,291.25,1.8944423198699951,1.2543217,0.6944450000000001
2025-11-02,291.09952,292.75,0.03288686275482178,1.4876083,0.555556
2025-11-03,294.1201,293.75,0.2566874027252197,2.2662103,0.694445
2025-11-04,292.95975,293.75,0.04188120365142822,2.4745944,1.2500010000000001
2025-11-05,290.88437,294.25,0.2518892288208008,2.103237,0.833334
2025-11-06,288.66672,292.0,2.535484790802002,2.8579419,1.111112
2025-11-07,285.49356,286.5,0.003933906555175781,2.3976786,0.833334
2025-11-08,285.9656,287.0,0.0046156346797943115,1.8456311,0.694445
2025-11-09,287.67743,289.25,0.0008642673492431641,1.8874003,0.694445
2025-11-10,290.32526,291.5,0.11201202869415283,2.3826993,0.694445
2025-11-11,293.64334,296.5,2.390235662460327,2.4488661,1.38889
2025-11-12,289.52237,292.0,0.005036592483520508,2.6529083,0.9722230000000001
2025-11-13,290.65018,292.25,0.07110229134559631,1.677684,0.416667
2025-11-14,292.01697,293.0,0.48100948333740234,2.214786,0.694445
2025-11-15,294.4484,297.75,3.2855868339538574,3.0975494,1.111112
2025-11-16,292.72482,292.25,0.0004276632098481059,3.1996853,1.8055570000000003
2025-11-17,291.29855,292.0,0.0008523463038727641,1.1127151,0.555556
2025-11-18,295.55734,294.5,0.000858306884765625,2.0961025,0.694445
2025-11-19,296.3953,296.25,0.5308836698532104,1.879386,0.694445
2025-11-20,296.85825,300.0,0.3475584089756012,2.7023337,1.666668
2025-11-21,292.65366,294.5,0.04625320062041283,3.3958366,1.111112
2025-11-22,291.1727,292.25,0.03187358379364014,1.7114424,0.694445
2025-11-23,292.12714,293.75,0.0,1.8671635,0.833334
2025-11-24,294.27078,295.0,0.0004410743713378906,2.2690108,0.833334
2025-11-25,296.69376,297.0,0.0,2.2289908,0.694445
2025-11-26,296.57135,297.0,0.7018595933914185,2.2295413,0.833334
2025-11-27,297.07663,298.0,1.2808440923690796,1.7013493,0.833334
2025-11-28,297.38846,298.25,4.946112632751465,1.9455382,0.555556
2025-11-29,296.2847,298.25,2.093791961669922,2.0484145,0.9722230000000001
2025-11-30,293.93884,296.5,2.384438991546631,1.3825836,0.833334
2025-12-01,291.6766,292.0,0.13662874698638916,1.6954793,0.6944450000000001
2025-12-02,292.17715,293.0,0.0008523463038727641,1.2904209,0.416667
2025-12-03,294.26248,295.5,0.0,1.890894,0.416667
2025-12-04,297.17517,298.75,0.11205673217773438,2.4960308,0.694445
2025-12-05,298.66977,299.5,0.6060302257537842,2.2308686,0.9722230000000001
2025-12-06,296.21136,296.5,2.2464990615844727,2.0515468,0.6944450000000001
2025-12-07,289.83365,291.5,0.010013580322265625,2.5433776,0.277778
2025-12-08,291.2585,293.75,0.0,2.7197723,0.9722230000000001
2025-12-09,292.32355,293.5,0.4712045192718506,1.8407246,0.555556
2025-12-10,295.25073,296.25,4.4796319007873535,1.4804834,0.416667
2025-12-11,294.63916,294.75,0.010594725608825684,1.5658294,0.6944450000000001
2025-12-12,295.81497,296.5,0.2180337905883789,1.5201923,0.555556
2025-12-13,297.77487,298.25,2.275660514831543,2.7891428,0.9722230000000001
2025-12-14,293.09045,291.5,1.493513584136963,2.0825303,0.9722230000000001
2025-12-15,290.6176,292.25,0.04105269908905029,2.5626607,0.833334
2025-12-16,293.28397,294.0,0.0004276632098481059,1.5037231,0.694445
2025-12-17,295.25662,296.0,0.0008685397915542126,3.6906853,1.111112
2025-12-18,296.11203,296.25,0.0020265579223632812,2.114237,0.694445
2025-12-19,297.37253,298.25,2.975895881652832,3.028199,0.833334
2025-12-20,297.0222,298.5,1.5781818628311157,1.900704,0.833334
2025-12-21,295.36676,296.75,1.2444555759429932,1.4279436,0.833334
2025-12-22,294.38083,294.75,2.075834274291992,1.8574085,0.555556
2025-12-23,295.9206,299.25,2.6790499687194824,1.578158,0.694445
2025-12-24,297.02237,298.75,2.8520822525024414,1.7036386,0.833334
2025-12-25,295.43814,297.25,0.0004276632098481059,1.9946889,0.694445
2025-12-26,296.67886,296.25,0.28896331787109375,2.3358622,0.555556
2025-12-27,296.97955,298.25,0.2634597420692444,2.6263745,0.9722230000000001
2025-12-28,296.43616,297.75,0.3874674439430237,1.8372059,0.555556
2025-12-29,296.70383,299.25,0.0508725643157959,1.3940881,0.416667
2025-12-30,298.47604,300.0,0.7079463601112366,1.47617,0.555556
2025-12-31,298.54993,301.25,2.8681981563568115,1.2985722,0.555556
2026-01-01,299.1793,301.0,0.0,1.2176851,0.694445
