,B02,B03,B08,B11,Clase
0,1194.0,1278.0,1606.0,1189.0,agua
1,1200.0,1306.0,1694.0,1203.0,agua
2,1226.0,1288.0,1680.0,1175.0,agua
3,1205.0,1270.0,1438.0,1130.0,agua
4,1198.0,1262.0,1336.0,1099.0,agua
5,1207.0,1280.0,1382.0,1087.0,agua
6,1195.0,1273.0,1560.0,1162.0,agua
7,1195.0,1297.0,1584.0,1177.0,agua
8,1212.0,1282.0,1574.0,1186.0,agua
9,1236.0,1270.0,1621.0,1155.0,agua
10,1194.0,1265.0,1457.0,1111.0,agua
11,1182.0,1276.0,1371.0,1087.0,agua
12,1206.0,1268.0,1356.0,1079.0,agua
13,1190.0,1269.0,1330.0,1076.0,agua
14,1190.0,1262.0,1328.0,1079.0,agua
15,1191.0,1280.0,1598.0,1208.0,agua
16,1180.0,1251.0,1528.0,1182.0,agua
17,1212.0,1318.0,1736.0,1178.0,agua
18,1226.0,1342.0,1816.0,1171.0,agua
19,1234.0,1296.0,1662.0,1136.0,agua
20,1200.0,1259.0,1392.0,1099.0,agua
21,1193.0,1266.0,1349.0,1087.0,agua
22,1216.0,1266.0,1365.0,1088.0,agua
23,1213.0,1265.0,1367.0,1085.0,agua
24,1181.0,1265.0,1306.0,1083.0,agua
25,1209.0,1342.0,1853.0,1294.0,agua
26,1209.0,1306.0,1830.0,1282.0,agua
27,1205.0,1281.0,1658.0,1244.0,agua
28,1219.0,1328.0,1750.0,1204.0,agua
29,1215.0,1322.0,1742.0,1163.0,agua
30,1215.0,1286.0,1565.0,1122.0,agua
31,1215.0,1253.0,1392.0,1095.0,agua
32,1201.0,1268.0,1363.0,1093.0,agua
33,1205.0,1294.0,1393.0,1102.0,agua
34,1218.0,1268.0,1375.0,1103.0,agua
35,1206.0,1260.0,1329.0,1100.0,agua
36,1190.0,1266.0,1325.0,1098.0,agua
37,1219.0,1344.0,1910.0,1353.0,agua
38,1224.0,1359.0,1982.0,1352.0,agua
39,1222.0,1321.0,1712.0,1305.0,agua
40,1199.0,1297.0,1565.0,1231.0,agua
41,1200.0,1253.0,1504.0,1158.0,agua
42,1189.0,1269.0,1503.0,1113.0,agua
43,1187.0,1253.0,1407.0,1096.0,agua
44,1187.0,1271.0,1410.0,1100.0,agua
45,1201.0,1290.0,1452.0,1112.0,agua
46,1195.0,1266.0,1451.0,1118.0,agua
47,1206.0,1268.0,1370.0,1116.0,agua
48,1200.0,1276.0,1324.0,1110.0,agua
49,1234.0,1381.0,2024.0,1367.0,agua
50,1223.0,1387.0,2020.0,1370.0,agua
51,1248.0,1404.0,2120.0,1321.0,agua
52,1236.0,1348.0,1824.0,1234.0,agua
53,1212.0,1282.0,1497.0,1150.0,agua
54,1207.0,1284.0,1436.0,1108.0,agua
55,1207.0,1264.0,1380.0,1099.0,agua
56,1218.0,1262.0,1378.0,1104.0,agua
57,1204.0,1271.0,1436.0,1114.0,agua
58,1193.0,1274.0,1524.0,1119.0,agua
59,1194.0,1285.0,1445.0,1119.0,agua
60,1186.0,1270.0,1322.0,1115.0,agua
61,1196.0,1269.0,1338.0,1113.0,agua
62,1226.0,1425.0,2226.0,1332.0,agua
63,1215.0,1462.0,2526.0,1335.0,agua
64,1240.0,1422.0,2350.0,1293.0,agua
65,1245.0,1370.0,1982.0,1216.0,agua
66,1207.0,1296.0,1571.0,1143.0,agua
67,1198.0,1277.0,1372.0,1108.0,agua
68,1206.0,1268.0,1360.0,1102.0,agua
69,1230.0,1271.0,1353.0,1106.0,agua
70,1196.0,1267.0,1327.0,1111.0,agua
71,1204.0,1281.0,1366.0,1113.0,agua
72,1219.0,1289.0,1421.0,1112.0,agua
73,1216.0,1260.0,1368.0,1111.0,agua
74,1219.0,1257.0,1330.0,1113.0,agua
75,1232.0,1342.0,1894.0,1257.0,agua
76,1223.0,1392.0,2218.0,1261.0,agua
77,1209.0,1377.0,2000.0,1236.0,agua
78,1213.0,1335.0,1806.0,1188.0,agua
79,1216.0,1284.0,1558.0,1139.0,agua
80,1210.0,1270.0,1324.0,1113.0,agua
81,1198.0,1277.0,1443.0,1105.0,agua
82,1214.0,1300.0,1448.0,1107.0,agua
83,1206.0,1267.0,1363.0,1109.0,agua
84,1205.0,1263.0,1378.0,1107.0,agua
85,1218.0,1279.0,1460.0,1103.0,agua
86,1216.0,1257.0,1386.0,1105.0,agua
87,1208.0,1254.0,1310.0,1111.0,agua
88,1184.0,1295.0,1527.0,1181.0,agua
89,1206.0,1326.0,1794.0,1186.0,agua
90,1198.0,1324.0,1590.0,1178.0,agua
91,1201.0,1280.0,1543.0,1159.0,agua
92,1198.0,1271.0,1462.0,1135.0,agua
93,1171.0,1269.0,1320.0,1115.0,agua
94,1218.0,1285.0,1474.0,1104.0,agua
95,1205.0,1306.0,1526.0,1105.0,agua
96,1206.0,1286.0,1501.0,1107.0,agua
97,1200.0,1266.0,1445.0,1103.0,agua
98,1210.0,1276.0,1502.0,1099.0,agua
99,1206.0,1270.0,1451.0,1105.0,agua
100,1207.0,1288.0,1472.0,1140.0,agua
101,1201.0,1310.0,1691.0,1142.0,agua
102,1188.0,1293.0,1463.0,1142.0,agua
103,1208.0,1292.0,1518.0,1137.0,agua
104,1224.0,1301.0,1591.0,1126.0,agua
105,1201.0,1275.0,1410.0,1110.0,agua
106,1198.0,1273.0,1384.0,1097.0,agua
107,1185.0,1280.0,1421.0,1097.0,agua
108,1195.0,1300.0,1493.0,1101.0,agua
109,1189.0,1285.0,1384.0,1100.0,agua
110,1200.0,1278.0,1442.0,1103.0,agua
111,1213.0,1286.0,1424.0,1120.0,agua
112,1197.0,1310.0,1550.0,1124.0,agua
113,1194.0,1300.0,1457.0,1125.0,agua
114,1202.0,1288.0,1486.0,1122.0,agua
115,1209.0,1285.0,1503.0,1114.0,agua
116,1219.0,1273.0,1405.0,1099.0,agua
117,1190.0,1264.0,1325.0,1088.0,agua
118,1184.0,1278.0,1311.0,1088.0,agua
119,1194.0,1269.0,1342.0,1093.0,agua
120,1195.0,1273.0,1310.0,1099.0,agua
121,1180.0,1281.0,1374.0,1113.0,agua
122,1205.0,1288.0,1412.0,1120.0,agua
123,1194.0,1282.0,1353.0,1113.0,agua
124,1194.0,1288.0,1458.0,1101.0,agua
125,1191.0,1285.0,1490.0,1089.0,agua
126,1208.0,1276.0,1368.0,1081.0,agua
127,1202.0,1276.0,1356.0,1080.0,agua
128,1224.0,1276.0,1355.0,1086.0,agua
129,1222.0,1271.0,1339.0,1098.0,agua
130,1198.0,1278.0,1454.0,1092.0,agua
131,1195.0,1282.0,1390.0,1084.0,agua
132,1220.0,1284.0,1375.0,1081.0,agua
133,1173.0,1278.0,1363.0,1079.0,agua
134,1202.0,1278.0,1318.0,1083.0,agua
135,1255.0,1298.0,1274.0,1103.0,agua
136,1251.0,1313.0,1269.0,1104.0,agua
137,1246.0,1309.0,1269.0,1104.0,agua
138,1245.0,1323.0,1271.0,1100.0,agua
139,1243.0,1304.0,1265.0,1102.0,agua
140,1260.0,1311.0,1264.0,1100.0,agua
141,1241.0,1314.0,1268.0,1103.0,agua
142,1223.0,1285.0,1270.0,1106.0,agua
143,1245.0,1310.0,1269.0,1104.0,agua
144,1230.0,1302.0,1264.0,1097.0,agua
145,1222.0,1311.0,1267.0,1089.0,agua
146,1229.0,1313.0,1264.0,1087.0,agua
147,1234.0,1305.0,1269.0,1104.0,agua
148,1225.0,1298.0,1262.0,1100.0,agua
149,1231.0,1301.0,1264.0,1099.0,agua
150,1242.0,1302.0,1269.0,1101.0,agua
151,1233.0,1301.0,1266.0,1102.0,agua
152,1252.0,1315.0,1262.0,1100.0,agua
153,1241.0,1301.0,1261.0,1095.0,agua
154,1221.0,1311.0,1262.0,1091.0,agua
155,1229.0,1288.0,1268.0,1091.0,agua
156,1242.0,1297.0,1271.0,1097.0,agua
157,1240.0,1309.0,1259.0,1107.0,agua
158,1227.0,1300.0,1267.0,1104.0,agua
159,1219.0,1309.0,1261.0,1101.0,agua
160,1241.0,1312.0,1266.0,1099.0,agua
161,1215.0,1309.0,1264.0,1098.0,agua
162,1215.0,1301.0,1262.0,1097.0,agua
163,1264.0,1302.0,1263.0,1096.0,agua
164,1229.0,1299.0,1264.0,1095.0,agua
165,1231.0,1318.0,1264.0,1095.0,agua
166,1228.0,1313.0,1265.0,1096.0,agua
167,1228.0,1284.0,1260.0,1100.0,agua
168,1229.0,1288.0,1262.0,1104.0,agua
169,1215.0,1309.0,1259.0,1109.0,agua
170,1231.0,1284.0,1268.0,1107.0,agua
171,1238.0,1322.0,1260.0,1104.0,agua
172,1238.0,1306.0,1268.0,1100.0,agua
173,1228.0,1310.0,1262.0,1096.0,agua
174,1233.0,1304.0,1262.0,1094.0,agua
175,1236.0,1297.0,1258.0,1094.0,agua
176,1205.0,1294.0,1258.0,1096.0,agua
177,1234.0,1294.0,1264.0,1099.0,agua
178,1229.0,1304.0,1265.0,1101.0,agua
179,1230.0,1301.0,1257.0,1103.0,agua
180,1228.0,1285.0,1264.0,1106.0,agua
181,1217.0,1282.0,1251.0,1110.0,agua
182,1245.0,1292.0,1254.0,1110.0,agua
183,1270.0,1289.0,1268.0,1109.0,agua
184,1231.0,1326.0,1263.0,1107.0,agua
185,1217.0,1296.0,1267.0,1103.0,agua
186,1244.0,1314.0,1261.0,1096.0,agua
187,1227.0,1304.0,1261.0,1091.0,agua
188,1251.0,1297.0,1254.0,1093.0,agua
189,1235.0,1288.0,1255.0,1097.0,agua
190,1211.0,1297.0,1262.0,1100.0,agua
191,1239.0,1299.0,1264.0,1102.0,agua
192,1250.0,1299.0,1256.0,1104.0,agua
193,1240.0,1290.0,1266.0,1107.0,agua
194,1233.0,1324.0,1259.0,1111.0,agua
195,1236.0,1268.0,1255.0,1109.0,agua
196,1234.0,1300.0,1263.0,1108.0,agua
197,1264.0,1306.0,1267.0,1108.0,agua
198,1244.0,1298.0,1269.0,1110.0,agua
199,1218.0,1282.0,1270.0,1108.0,agua
200,1256.0,1292.0,1268.0,1097.0,agua
201,1247.0,1314.0,1261.0,1086.0,agua
202,1240.0,1296.0,1255.0,1088.0,agua
203,1226.0,1288.0,1254.0,1095.0,agua
204,1209.0,1290.0,1255.0,1098.0,agua
205,1227.0,1291.0,1256.0,1098.0,agua
206,1228.0,1298.0,1252.0,1100.0,agua
207,1240.0,1302.0,1258.0,1102.0,agua
208,1247.0,1288.0,1253.0,1103.0,agua
209,1241.0,1280.0,1257.0,1105.0,agua
210,1245.0,1300.0,1267.0,1105.0,agua
211,1250.0,1301.0,1268.0,1106.0,agua
212,1239.0,1272.0,1272.0,1109.0,agua
213,1235.0,1284.0,1273.0,1106.0,agua
214,1233.0,1304.0,1266.0,1093.0,agua
215,1246.0,1306.0,1259.0,1083.0,agua
216,1228.0,1288.0,1252.0,1086.0,agua
217,1208.0,1288.0,1246.0,1093.0,agua
218,1243.0,1281.0,1248.0,1094.0,agua
219,1208.0,1287.0,1244.0,1092.0,agua
220,1227.0,1293.0,1243.0,1093.0,agua
221,1228.0,1302.0,1241.0,1094.0,agua
222,1233.0,1294.0,1238.0,1093.0,agua
223,1211.0,1290.0,1251.0,1099.0,agua
224,1261.0,1296.0,1262.0,1104.0,agua
225,1245.0,1301.0,1265.0,1107.0,agua
226,1233.0,1284.0,1267.0,1100.0,agua
227,1221.0,1277.0,1269.0,1089.0,agua
228,1213.0,1291.0,1265.0,1084.0,agua
229,1243.0,1303.0,1257.0,1085.0,agua
230,1232.0,1289.0,1251.0,1090.0,agua
231,1213.0,1291.0,1241.0,1093.0,agua
232,1238.0,1281.0,1245.0,1091.0,agua
233,1228.0,1291.0,1248.0,1088.0,agua
234,1238.0,1282.0,1243.0,1086.0,agua
235,1213.0,1285.0,1232.0,1086.0,agua
236,1202.0,1307.0,1231.0,1088.0,agua
237,1216.0,1301.0,1244.0,1097.0,agua
238,1222.0,1292.0,1253.0,1104.0,agua
239,1233.0,1279.0,1257.0,1106.0,agua
240,1238.0,1296.0,1268.0,1088.0,agua
241,1239.0,1280.0,1261.0,1071.0,agua
242,1225.0,1280.0,1256.0,1077.0,agua
243,1222.0,1296.0,1253.0,1091.0,agua
244,1232.0,1288.0,1246.0,1096.0,agua
245,1203.0,1287.0,1241.0,1093.0,agua
246,1199.0,1288.0,1248.0,1089.0,agua
247,1208.0,1296.0,1249.0,1087.0,agua
248,1232.0,1268.0,1251.0,1088.0,agua
249,1226.0,1276.0,1230.0,1093.0,agua
250,1216.0,1284.0,1229.0,1101.0,agua
251,1205.0,1274.0,1252.0,1103.0,agua
252,1225.0,1283.0,1250.0,1098.0,agua
253,1233.0,1288.0,1258.0,1080.0,agua
254,1219.0,1288.0,1253.0,1068.0,agua
255,1225.0,1292.0,1245.0,1081.0,agua
256,1219.0,1274.0,1241.0,1098.0,agua
257,1216.0,1298.0,1236.0,1098.0,agua
258,1209.0,1288.0,1241.0,1090.0,agua
259,1222.0,1288.0,1241.0,1087.0,agua
260,1216.0,1290.0,1244.0,1094.0,agua
261,1214.0,1274.0,1245.0,1109.0,agua
262,1221.0,1302.0,1230.0,1126.0,agua
263,1228.0,1272.0,1233.0,1101.0,agua
264,1226.0,1287.0,1232.0,1091.0,agua
265,1227.0,1287.0,1245.0,1080.0,agua
266,1203.0,1280.0,1247.0,1077.0,agua
267,1231.0,1283.0,1246.0,1090.0,agua
268,1215.0,1286.0,1237.0,1101.0,agua
269,1215.0,1287.0,1234.0,1096.0,agua
270,1212.0,1288.0,1238.0,1088.0,agua
271,1210.0,1287.0,1231.0,1095.0,agua
272,1204.0,1279.0,1234.0,1120.0,agua
273,1201.0,1282.0,1228.0,1159.0,agua
274,1214.0,1272.0,1248.0,1187.0,agua
275,1231.0,1300.0,1228.0,1095.0,agua
276,1212.0,1287.0,1235.0,1089.0,agua
277,1227.0,1270.0,1242.0,1089.0,agua
278,1238.0,1266.0,1254.0,1095.0,agua
279,1208.0,1276.0,1246.0,1097.0,agua
280,1210.0,1282.0,1234.0,1090.0,agua
281,1212.0,1284.0,1235.0,1091.0,agua
282,1225.0,1277.0,1243.0,1118.0,agua
283,1212.0,1249.0,1221.0,1171.0,agua
284,1208.0,1255.0,1233.0,1236.0,agua
285,1203.0,1278.0,1238.0,1097.0,agua
286,1220.0,1281.0,1249.0,1096.0,agua
287,1222.0,1281.0,1240.0,1093.0,agua
288,1220.0,1281.0,1233.0,1089.0,agua
289,1225.0,1274.0,1232.0,1102.0,agua
290,1209.0,1266.0,1248.0,1146.0,agua
291,1365.0,1449.0,1416.0,1146.0,agua
292,1392.0,1448.0,1411.0,1143.0,agua
293,1367.0,1452.0,1394.0,1138.0,agua
294,1353.0,1436.0,1390.0,1139.0,agua
295,1346.0,1470.0,1403.0,1144.0,agua
296,1362.0,1472.0,1425.0,1146.0,agua
297,1341.0,1455.0,1410.0,1143.0,agua
298,1348.0,1456.0,1395.0,1139.0,agua
299,1345.0,1451.0,1398.0,1138.0,agua
300,1351.0,1460.0,1406.0,1138.0,agua
301,1328.0,1443.0,1406.0,1139.0,agua
302,1330.0,1439.0,1387.0,1132.0,agua
303,1364.0,1443.0,1386.0,1138.0,agua
304,1356.0,1458.0,1408.0,1144.0,agua
305,1371.0,1474.0,1424.0,1147.0,agua
306,1358.0,1461.0,1409.0,1145.0,agua
307,1346.0,1461.0,1404.0,1142.0,agua
308,1340.0,1461.0,1406.0,1140.0,agua
309,1339.0,1466.0,1412.0,1140.0,agua
310,1321.0,1454.0,1412.0,1141.0,agua
311,1340.0,1448.0,1407.0,1139.0,agua
312,1340.0,1414.0,1381.0,1126.0,agua
313,1332.0,1412.0,1383.0,1131.0,agua
314,1340.0,1428.0,1389.0,1138.0,agua
315,1358.0,1442.0,1403.0,1145.0,agua
316,1390.0,1488.0,1418.0,1149.0,agua
317,1356.0,1464.0,1414.0,1148.0,agua
318,1340.0,1468.0,1404.0,1145.0,agua
319,1353.0,1475.0,1406.0,1143.0,agua
320,1338.0,1451.0,1411.0,1142.0,agua
321,1338.0,1462.0,1419.0,1143.0,agua
322,1353.0,1469.0,1404.0,1141.0,agua
323,1338.0,1448.0,1405.0,1134.0,agua
324,1339.0,1412.0,1379.0,1122.0,agua
325,1316.0,1414.0,1378.0,1125.0,agua
326,1309.0,1432.0,1380.0,1131.0,agua
327,1342.0,1436.0,1389.0,1138.0,agua
328,1349.0,1446.0,1392.0,1147.0,agua
329,1370.0,1478.0,1418.0,1153.0,agua
330,1388.0,1464.0,1431.0,1152.0,agua
331,1353.0,1465.0,1394.0,1148.0,agua
332,1353.0,1465.0,1411.0,1145.0,agua
333,1330.0,1479.0,1422.0,1144.0,agua
334,1349.0,1452.0,1419.0,1144.0,agua
335,1340.0,1468.0,1403.0,1143.0,agua
336,1322.0,1466.0,1399.0,1137.0,agua
337,1328.0,1435.0,1381.0,1122.0,agua
338,1299.0,1435.0,1379.0,1125.0,agua
339,1325.0,1440.0,1376.0,1131.0,agua
340,1364.0,1443.0,1381.0,1139.0,agua
341,1349.0,1447.0,1385.0,1149.0,agua
342,1360.0,1457.0,1420.0,1156.0,agua
343,1374.0,1471.0,1426.0,1155.0,agua
344,1362.0,1469.0,1399.0,1150.0,agua
345,1361.0,1468.0,1419.0,1147.0,agua
346,1347.0,1480.0,1421.0,1146.0,agua
347,1333.0,1451.0,1413.0,1146.0,agua
348,1340.0,1451.0,1402.0,1145.0,agua
349,1358.0,1455.0,1398.0,1141.0,agua
350,1373.0,1458.0,1381.0,1136.0,agua
351,1354.0,1452.0,1378.0,1123.0,agua
352,1324.0,1443.0,1378.0,1126.0,agua
353,1343.0,1420.0,1380.0,1131.0,agua
354,1346.0,1439.0,1383.0,1139.0,agua
355,1334.0,1446.0,1396.0,1149.0,agua
356,1362.0,1445.0,1411.0,1156.0,agua
357,1362.0,1472.0,1411.0,1154.0,agua
358,1380.0,1462.0,1410.0,1150.0,agua
359,1361.0,1463.0,1418.0,1148.0,agua
360,1351.0,1480.0,1421.0,1147.0,agua
361,1346.0,1472.0,1409.0,1147.0,agua
362,1344.0,1464.0,1400.0,1147.0,agua
363,1347.0,1460.0,1400.0,1145.0,agua
364,1363.0,1454.0,1384.0,1142.0,agua
365,1328.0,1439.0,1378.0,1124.0,agua
366,1350.0,1435.0,1380.0,1127.0,agua
367,1337.0,1436.0,1385.0,1132.0,agua
368,1348.0,1422.0,1393.0,1139.0,agua
369,1372.0,1448.0,1399.0,1147.0,agua
370,1356.0,1451.0,1398.0,1153.0,agua
371,1362.0,1445.0,1412.0,1152.0,agua
372,1350.0,1466.0,1420.0,1149.0,agua
373,1338.0,1452.0,1412.0,1147.0,agua
374,1351.0,1482.0,1412.0,1147.0,agua
375,1353.0,1475.0,1404.0,1147.0,agua
376,1342.0,1462.0,1402.0,1147.0,agua
377,1344.0,1447.0,1395.0,1148.0,agua
378,1323.0,1429.0,1385.0,1145.0,agua
379,1322.0,1430.0,1380.0,1123.0,agua
380,1336.0,1436.0,1386.0,1128.0,agua
381,1327.0,1436.0,1384.0,1132.0,agua
382,1338.0,1430.0,1392.0,1137.0,agua
383,1316.0,1442.0,1400.0,1145.0,agua
384,1338.0,1470.0,1402.0,1150.0,agua
385,1363.0,1442.0,1414.0,1150.0,agua
386,1356.0,1451.0,1409.0,1148.0,agua
387,1372.0,1461.0,1412.0,1146.0,agua
388,1360.0,1467.0,1410.0,1144.0,agua
389,1350.0,1464.0,1399.0,1144.0,agua
390,1374.0,1458.0,1402.0,1145.0,agua
391,1380.0,1454.0,1393.0,1146.0,agua
392,1360.0,1453.0,1392.0,1143.0,agua
393,1336.0,1431.0,1380.0,1122.0,agua
394,1328.0,1443.0,1388.0,1128.0,agua
395,1336.0,1430.0,1396.0,1131.0,agua
396,1330.0,1431.0,1398.0,1135.0,agua
397,1318.0,1439.0,1399.0,1141.0,agua
398,1345.0,1461.0,1407.0,1147.0,agua
399,1360.0,1447.0,1408.0,1148.0,agua
400,1352.0,1451.0,1401.0,1145.0,agua
401,1352.0,1454.0,1405.0,1142.0,agua
402,1346.0,1444.0,1402.0,1140.0,agua
403,1346.0,1459.0,1390.0,1140.0,agua
404,1345.0,1457.0,1400.0,1141.0,agua
405,1340.0,1461.0,1389.0,1141.0,agua
406,1351.0,1463.0,1386.0,1138.0,agua
407,1332.0,1431.0,1383.0,1122.0,agua
408,1324.0,1430.0,1388.0,1127.0,agua
409,1314.0,1438.0,1396.0,1129.0,agua
410,1339.0,1438.0,1397.0,1132.0,agua
411,1336.0,1443.0,1402.0,1139.0,agua
412,1332.0,1444.0,1404.0,1144.0,agua
413,1350.0,1451.0,1402.0,1143.0,agua
414,1360.0,1447.0,1398.0,1139.0,agua
415,1343.0,1440.0,1397.0,1137.0,agua
416,1337.0,1446.0,1392.0,1136.0,agua
417,1344.0,1463.0,1385.0,1137.0,agua
418,1336.0,1462.0,1394.0,1137.0,agua
419,1336.0,1446.0,1388.0,1135.0,agua
420,1330.0,1442.0,1388.0,1125.0,agua
421,1336.0,1453.0,1396.0,1125.0,agua
422,1354.0,1430.0,1396.0,1128.0,agua
423,1324.0,1438.0,1398.0,1136.0,agua
424,1325.0,1434.0,1403.0,1142.0,agua
425,1319.0,1440.0,1396.0,1139.0,agua
426,1354.0,1444.0,1394.0,1134.0,agua
427,1320.0,1432.0,1390.0,1133.0,agua
428,1337.0,1438.0,1382.0,1134.0,agua
429,1344.0,1462.0,1384.0,1134.0,agua
430,1348.0,1460.0,1384.0,1132.0,agua
431,1336.0,1436.0,1385.0,1128.0,agua
432,1335.0,1434.0,1398.0,1122.0,agua
433,1344.0,1430.0,1396.0,1123.0,agua
434,1348.0,1436.0,1394.0,1133.0,agua
435,1327.0,1419.0,1394.0,1140.0,agua
436,1312.0,1440.0,1395.0,1138.0,agua
437,1336.0,1442.0,1393.0,1133.0,agua
438,1300.0,1428.0,1385.0,1133.0,agua
439,1312.0,1429.0,1376.0,1134.0,agua
440,1325.0,1441.0,1383.0,1132.0,agua
441,1336.0,1445.0,1376.0,1128.0,agua
442,1337.0,1450.0,1394.0,1119.0,agua
443,1336.0,1429.0,1395.0,1129.0,agua
444,1317.0,1429.0,1395.0,1139.0,agua
445,1331.0,1449.0,1402.0,1138.0,agua
446,1324.0,1441.0,1399.0,1134.0,agua
447,1309.0,1428.0,1386.0,1134.0,agua
448,1308.0,1418.0,1374.0,1134.0,agua
449,1162.0,1261.0,2054.0,1600.0,agua
450,1168.0,1257.0,1764.0,1497.0,agua
451,1148.0,1260.0,1678.0,1498.0,agua
452,1180.0,1242.0,1667.0,1497.0,agua
453,1180.0,1253.0,1478.0,1492.0,agua
454,1162.0,1225.0,1452.0,1580.0,agua
455,1236.0,1312.0,1478.0,1805.0,agua
456,1234.0,1315.0,1536.0,2009.0,agua
457,1207.0,1431.0,2684.0,1631.0,agua
458,1226.0,1360.0,2074.0,1573.0,agua
459,1244.0,1408.0,1726.0,1607.0,agua
460,1249.0,1360.0,1530.0,1903.0,agua
461,1196.0,1271.0,1334.0,1277.0,agua
462,1181.0,1238.0,1331.0,1313.0,agua
463,1177.0,1246.0,1354.0,1385.0,agua
464,1176.0,1286.0,1457.0,1475.0,agua
465,1198.0,1276.0,1319.0,1278.0,agua
466,1193.0,1264.0,1337.0,1214.0,agua
467,1191.0,1241.0,1305.0,1214.0,agua
468,1187.0,1256.0,1318.0,1244.0,agua
469,1206.0,1249.0,1310.0,1279.0,agua
470,1193.0,1246.0,1315.0,1312.0,agua
471,1214.0,1332.0,1625.0,1522.0,agua
472,1217.0,1276.0,1335.0,1301.0,agua
473,1201.0,1271.0,1307.0,1234.0,agua
474,1198.0,1259.0,1292.0,1239.0,agua
475,1202.0,1266.0,1302.0,1267.0,agua
476,1243.0,1281.0,1310.0,1284.0,agua
477,1222.0,1274.0,1322.0,1288.0,agua
478,1201.0,1300.0,1601.0,1582.0,agua
479,1184.0,1273.0,1367.0,1320.0,agua
480,1190.0,1268.0,1310.0,1234.0,agua
481,1212.0,1251.0,1312.0,1242.0,agua
482,1217.0,1259.0,1299.0,1278.0,agua
483,1218.0,1275.0,1307.0,1294.0,agua
484,1210.0,1275.0,1299.0,1306.0,agua
485,1240.0,1377.0,1970.0,1600.0,agua
486,1196.0,1268.0,1447.0,1320.0,agua
487,1190.0,1273.0,1341.0,1225.0,agua
488,1197.0,1260.0,1319.0,1242.0,agua
489,1210.0,1266.0,1306.0,1306.0,agua
490,1212.0,1269.0,1356.0,1367.0,agua
491,1227.0,1294.0,1341.0,1440.0,agua
492,1204.0,1244.0,1430.0,1303.0,agua
493,1193.0,1268.0,1351.0,1235.0,agua
494,1185.0,1261.0,1313.0,1281.0,agua
495,1227.0,1245.0,1353.0,1405.0,agua
496,1216.0,1265.0,1438.0,1577.0,agua
497,1232.0,1326.0,1567.0,1771.0,agua
498,1196.0,1280.0,1354.0,1247.0,agua
499,1192.0,1266.0,1315.0,1323.0,agua
500,1206.0,1282.0,1412.0,1515.0,agua
501,1277.0,1374.0,1331.0,1083.0,agua
502,1274.0,1399.0,1336.0,1082.0,agua
503,1269.0,1388.0,1336.0,1083.0,agua
504,1282.0,1374.0,1342.0,1086.0,agua
505,1282.0,1382.0,1343.0,1089.0,agua
506,1275.0,1388.0,1342.0,1089.0,agua
507,1280.0,1376.0,1341.0,1085.0,agua
508,1298.0,1368.0,1333.0,1085.0,agua
509,1276.0,1381.0,1332.0,1084.0,agua
510,1287.0,1378.0,1331.0,1083.0,agua
511,1299.0,1385.0,1339.0,1084.0,agua
512,1279.0,1389.0,1339.0,1086.0,agua
513,1265.0,1378.0,1342.0,1088.0,agua
514,1265.0,1367.0,1342.0,1087.0,agua
515,1270.0,1335.0,1333.0,1084.0,agua
516,1280.0,1354.0,1332.0,1078.0,agua
517,1282.0,1366.0,1332.0,1073.0,agua
518,1293.0,1361.0,1339.0,1088.0,agua
519,1289.0,1368.0,1334.0,1086.0,agua
520,1263.0,1368.0,1333.0,1084.0,agua
521,1264.0,1391.0,1334.0,1083.0,agua
522,1286.0,1395.0,1339.0,1084.0,agua
523,1275.0,1385.0,1339.0,1086.0,agua
524,1276.0,1370.0,1345.0,1087.0,agua
525,1289.0,1368.0,1340.0,1086.0,agua
526,1274.0,1371.0,1334.0,1082.0,agua
527,1282.0,1375.0,1334.0,1077.0,agua
528,1272.0,1360.0,1332.0,1072.0,agua
529,1261.0,1358.0,1324.0,1068.0,agua
530,1286.0,1379.0,1348.0,1088.0,agua
531,1276.0,1359.0,1338.0,1086.0,agua
532,1274.0,1363.0,1334.0,1084.0,agua
533,1288.0,1371.0,1334.0,1083.0,agua
534,1266.0,1381.0,1332.0,1082.0,agua
535,1283.0,1381.0,1336.0,1083.0,agua
536,1279.0,1378.0,1340.0,1085.0,agua
537,1285.0,1368.0,1340.0,1086.0,agua
538,1296.0,1370.0,1334.0,1083.0,agua
539,1264.0,1371.0,1336.0,1079.0,agua
540,1281.0,1366.0,1335.0,1076.0,agua
541,1264.0,1351.0,1330.0,1074.0,agua
542,1257.0,1363.0,1324.0,1071.0,agua
543,1280.0,1374.0,1354.0,1089.0,agua
544,1277.0,1370.0,1348.0,1087.0,agua
545,1276.0,1364.0,1336.0,1084.0,agua
546,1271.0,1366.0,1335.0,1083.0,agua
547,1271.0,1366.0,1335.0,1082.0,agua
548,1286.0,1363.0,1333.0,1081.0,agua
549,1283.0,1375.0,1338.0,1081.0,agua
550,1283.0,1374.0,1338.0,1084.0,agua
551,1276.0,1376.0,1338.0,1085.0,agua
552,1283.0,1381.0,1338.0,1081.0,agua
553,1304.0,1367.0,1335.0,1076.0,agua
554,1285.0,1356.0,1336.0,1076.0,agua
555,1262.0,1357.0,1330.0,1077.0,agua
556,1262.0,1375.0,1323.0,1074.0,agua
557,1298.0,1351.0,1323.0,1071.0,agua
558,1276.0,1375.0,1354.0,1090.0,agua
559,1280.0,1374.0,1346.0,1088.0,agua
560,1283.0,1366.0,1342.0,1085.0,agua
561,1282.0,1358.0,1336.0,1083.0,agua
562,1260.0,1373.0,1335.0,1081.0,agua
563,1268.0,1371.0,1334.0,1080.0,agua
564,1282.0,1369.0,1340.0,1080.0,agua
565,1285.0,1374.0,1340.0,1082.0,agua
566,1286.0,1388.0,1338.0,1083.0,agua
567,1275.0,1374.0,1337.0,1079.0,agua
568,1292.0,1355.0,1337.0,1076.0,agua
569,1285.0,1359.0,1331.0,1076.0,agua
570,1261.0,1359.0,1326.0,1077.0,agua
571,1248.0,1366.0,1326.0,1075.0,agua
572,1257.0,1360.0,1324.0,1071.0,agua
573,1266.0,1380.0,1348.0,1089.0,agua
574,1292.0,1375.0,1348.0,1088.0,agua
575,1301.0,1366.0,1345.0,1086.0,agua
576,1283.0,1354.0,1336.0,1083.0,agua
577,1274.0,1382.0,1336.0,1081.0,agua
578,1282.0,1379.0,1335.0,1079.0,agua
579,1275.0,1356.0,1342.0,1079.0,agua
580,1294.0,1375.0,1340.0,1080.0,agua
581,1279.0,1370.0,1340.0,1080.0,agua
582,1253.0,1362.0,1338.0,1079.0,agua
583,1304.0,1356.0,1338.0,1077.0,agua
584,1297.0,1364.0,1332.0,1077.0,agua
585,1264.0,1367.0,1327.0,1076.0,agua
586,1261.0,1369.0,1335.0,1073.0,agua
587,1280.0,1367.0,1326.0,1071.0,agua
588,1268.0,1380.0,1346.0,1085.0,agua
589,1288.0,1382.0,1348.0,1083.0,agua
590,1298.0,1372.0,1342.0,1083.0,agua
591,1266.0,1363.0,1336.0,1082.0,agua
592,1260.0,1380.0,1336.0,1081.0,agua
593,1277.0,1378.0,1338.0,1079.0,agua
594,1282.0,1356.0,1343.0,1078.0,agua
595,1300.0,1376.0,1340.0,1078.0,agua
596,1274.0,1340.0,1341.0,1079.0,agua
597,1280.0,1360.0,1338.0,1079.0,agua
598,1294.0,1365.0,1339.0,1078.0,agua
599,1285.0,1371.0,1336.0,1077.0,agua
600,1274.0,1369.0,1328.0,1075.0,agua
601,1282.0,1368.0,1334.0,1072.0,agua
602,1278.0,1367.0,1325.0,1071.0,agua
603,1265.0,1384.0,1349.0,1080.0,agua
604,1265.0,1384.0,1349.0,1078.0,agua
605,1258.0,1372.0,1344.0,1079.0,agua
606,1262.0,1363.0,1338.0,1080.0,agua
607,1280.0,1375.0,1342.0,1080.0,agua
608,1279.0,1377.0,1343.0,1079.0,agua
609,1279.0,1366.0,1342.0,1078.0,agua
610,1299.0,1368.0,1342.0,1078.0,agua
611,1287.0,1352.0,1342.0,1078.0,agua
612,1282.0,1362.0,1339.0,1079.0,agua
613,1280.0,1372.0,1340.0,1079.0,agua
614,1276.0,1377.0,1332.0,1077.0,agua
615,1268.0,1368.0,1329.0,1074.0,agua
616,1288.0,1369.0,1333.0,1072.0,agua
617,1264.0,1367.0,1324.0,1071.0,agua
618,1290.0,1374.0,1351.0,1078.0,agua
619,1266.0,1371.0,1348.0,1077.0,agua
620,1280.0,1366.0,1349.0,1078.0,agua
621,1276.0,1362.0,1348.0,1079.0,agua
622,1256.0,1370.0,1346.0,1079.0,agua
623,1273.0,1378.0,1345.0,1079.0,agua
624,1270.0,1377.0,1344.0,1079.0,agua
625,1294.0,1372.0,1342.0,1078.0,agua
626,1287.0,1374.0,1341.0,1078.0,agua
627,1279.0,1358.0,1341.0,1079.0,agua
628,1281.0,1368.0,1337.0,1079.0,agua
629,1282.0,1373.0,1325.0,1077.0,agua
630,1276.0,1356.0,1325.0,1074.0,agua
631,1281.0,1354.0,1328.0,1072.0,agua
632,1268.0,1371.0,1326.0,1072.0,agua
633,1304.0,1360.0,1349.0,1078.0,agua
634,1297.0,1363.0,1348.0,1079.0,agua
635,1251.0,1358.0,1347.0,1079.0,agua
636,1269.0,1355.0,1340.0,1079.0,agua
637,1280.0,1367.0,1342.0,1080.0,agua
638,1275.0,1378.0,1341.0,1080.0,agua
639,1280.0,1362.0,1335.0,1079.0,agua
640,1280.0,1363.0,1335.0,1078.0,agua
641,1287.0,1364.0,1335.0,1079.0,agua
642,1257.0,1362.0,1332.0,1079.0,agua
643,1274.0,1372.0,1324.0,1076.0,agua
644,1288.0,1380.0,1328.0,1073.0,agua
645,1284.0,1374.0,1329.0,1072.0,agua
646,1286.0,1366.0,1327.0,1073.0,agua
647,1286.0,1358.0,1351.0,1081.0,agua
648,1289.0,1347.0,1350.0,1080.0,agua
649,1262.0,1360.0,1346.0,1079.0,agua
650,1286.0,1364.0,1338.0,1079.0,agua
651,1274.0,1364.0,1338.0,1079.0,agua
652,1274.0,1369.0,1337.0,1080.0,agua
653,1282.0,1371.0,1336.0,1079.0,agua
654,1291.0,1358.0,1335.0,1078.0,agua
655,1302.0,1362.0,1334.0,1079.0,agua
656,1272.0,1360.0,1332.0,1079.0,agua
657,1268.0,1361.0,1324.0,1075.0,agua
658,1268.0,1368.0,1331.0,1072.0,agua
659,1282.0,1381.0,1329.0,1072.0,agua
660,1287.0,1375.0,1346.0,1079.0,agua
661,1289.0,1362.0,1341.0,1078.0,agua
662,1280.0,1360.0,1340.0,1079.0,agua
663,1270.0,1369.0,1340.0,1079.0,agua
664,1276.0,1370.0,1338.0,1079.0,agua
665,1282.0,1363.0,1336.0,1078.0,agua
666,1275.0,1353.0,1335.0,1078.0,agua
667,1280.0,1362.0,1335.0,1079.0,agua
668,1280.0,1362.0,1330.0,1078.0,agua
669,1268.0,1361.0,1326.0,1075.0,agua
670,1262.0,1353.0,1332.0,1072.0,agua
671,1270.0,1364.0,1342.0,1077.0,agua
672,1269.0,1350.0,1340.0,1080.0,agua
673,1268.0,1358.0,1339.0,1080.0,agua
674,1282.0,1370.0,1338.0,1079.0,agua
675,1292.0,1359.0,1337.0,1078.0,agua
676,1280.0,1354.0,1336.0,1077.0,agua
677,1272.0,1363.0,1336.0,1077.0,agua
678,1282.0,1363.0,1328.0,1076.0,agua
679,1293.0,1360.0,1329.0,1075.0,agua
680,1269.0,1362.0,1340.0,1081.0,agua
681,1286.0,1369.0,1339.0,1080.0,agua
682,1289.0,1359.0,1338.0,1078.0,agua
683,1285.0,1359.0,1336.0,1076.0,agua
684,1282.0,1365.0,1338.0,1075.0,agua
685,1284.0,1368.0,1328.0,1075.0,agua
686,1794.0,2108.0,3534.0,4681.0,suel_desn
687,1881.0,2190.0,3568.0,4646.0,suel_desn
688,1816.0,2102.0,3472.0,4757.0,suel_desn
689,1827.0,2154.0,3540.0,4726.0,suel_desn
690,1778.0,2124.0,3517.0,4652.0,suel_desn
691,1785.0,2086.0,3499.0,4559.0,suel_desn
692,1828.0,2144.0,3522.0,4449.0,suel_desn
693,1810.0,2104.0,3420.0,4340.0,suel_desn
694,1835.0,2148.0,3438.0,4343.0,suel_desn
695,1786.0,2100.0,3432.0,4534.0,suel_desn
696,1766.0,2068.0,3442.0,4720.0,suel_desn
697,1780.0,2066.0,3409.0,4740.0,suel_desn
698,1864.0,2146.0,3547.0,4756.0,suel_desn
699,1832.0,2170.0,3526.0,4712.0,suel_desn
700,1762.0,2086.0,3491.0,4607.0,suel_desn
701,1758.0,2054.0,3477.0,4460.0,suel_desn
702,1799.0,2048.0,3476.0,4320.0,suel_desn
703,1692.0,1962.0,3041.0,4247.0,suel_desn
704,1646.0,1894.0,2917.0,4314.0,suel_desn
705,1787.0,2062.0,3298.0,4547.0,suel_desn
706,1824.0,2094.0,3464.0,4759.0,suel_desn
707,1846.0,2144.0,3612.0,4752.0,suel_desn
708,1858.0,2120.0,3574.0,4726.0,suel_desn
709,1830.0,2150.0,3556.0,4747.0,suel_desn
710,1844.0,2136.0,3567.0,4764.0,suel_desn
711,1800.0,2108.0,3484.0,4720.0,suel_desn
712,1824.0,2130.0,3523.0,4613.0,suel_desn
713,1804.0,2098.0,3508.0,4464.0,suel_desn
714,1661.0,1938.0,3214.0,4350.0,suel_desn
715,1594.0,1860.0,2914.0,4343.0,suel_desn
716,1679.0,1892.0,3057.0,4452.0,suel_desn
717,1790.0,2106.0,3408.0,4643.0,suel_desn
718,1827.0,2112.0,3472.0,4782.0,suel_desn
719,1738.0,2008.0,3273.0,4758.0,suel_desn
720,1784.0,2130.0,3626.0,4768.0,suel_desn
721,1780.0,2104.0,3627.0,4732.0,suel_desn
722,1822.0,2104.0,3609.0,4752.0,suel_desn
723,1854.0,2172.0,3586.0,4777.0,suel_desn
724,1822.0,2136.0,3497.0,4755.0,suel_desn
725,1844.0,2166.0,3566.0,4693.0,suel_desn
726,1857.0,2194.0,3570.0,4618.0,suel_desn
727,1693.0,1866.0,3094.0,4574.0,suel_desn
728,1677.0,1880.0,3066.0,4599.0,suel_desn
729,1773.0,2006.0,3413.0,4673.0,suel_desn
730,1867.0,2172.0,3598.0,4756.0,suel_desn
731,1852.0,2110.0,3480.0,4795.0,suel_desn
732,1762.0,2032.0,3265.0,4756.0,suel_desn
733,1788.0,2114.0,3465.0,4699.0,suel_desn
734,1836.0,2206.0,3622.0,4878.0,suel_desn
735,1822.0,2122.0,3634.0,4793.0,suel_desn
736,1786.0,2122.0,3664.0,4744.0,suel_desn
737,1798.0,2110.0,3652.0,4756.0,suel_desn
738,1794.0,2128.0,3564.0,4785.0,suel_desn
739,1786.0,2096.0,3499.0,4787.0,suel_desn
740,1826.0,2152.0,3574.0,4781.0,suel_desn
741,1811.0,2196.0,3590.0,4793.0,suel_desn
742,1854.0,2162.0,3552.0,4820.0,suel_desn
743,1858.0,2176.0,3542.0,4851.0,suel_desn
744,1792.0,2104.0,3514.0,4864.0,suel_desn
745,1826.0,2178.0,3587.0,4841.0,suel_desn
746,1822.0,2162.0,3520.0,4800.0,suel_desn
747,1831.0,2128.0,3442.0,4765.0,suel_desn
748,1838.0,2166.0,3564.0,4751.0,suel_desn
749,1938.0,2276.0,3690.0,4900.0,suel_desn
750,1846.0,2156.0,3597.0,4821.0,suel_desn
751,1791.0,2116.0,3626.0,4767.0,suel_desn
752,1786.0,2122.0,3652.0,4765.0,suel_desn
753,1792.0,2126.0,3556.0,4783.0,suel_desn
754,1826.0,2106.0,3512.0,4791.0,suel_desn
755,1814.0,2108.0,3504.0,4809.0,suel_desn
756,1752.0,2078.0,3431.0,4857.0,suel_desn
757,1867.0,2182.0,3576.0,4914.0,suel_desn
758,1968.0,2320.0,3757.0,4948.0,suel_desn
759,1846.0,2188.0,3597.0,4936.0,suel_desn
760,1817.0,2100.0,3482.0,4873.0,suel_desn
761,1827.0,2136.0,3474.0,4803.0,suel_desn
762,1744.0,1996.0,3338.0,4773.0,suel_desn
763,1738.0,2008.0,3302.0,4775.0,suel_desn
764,1844.0,2130.0,3497.0,4788.0,suel_desn
765,1878.0,2266.0,3688.0,4917.0,suel_desn
766,1840.0,2172.0,3614.0,4855.0,suel_desn
767,1791.0,2098.0,3554.0,4802.0,suel_desn
768,1777.0,2094.0,3562.0,4783.0,suel_desn
769,1790.0,2106.0,3532.0,4783.0,suel_desn
770,1831.0,2122.0,3519.0,4785.0,suel_desn
771,1809.0,2098.0,3464.0,4799.0,suel_desn
772,1791.0,2102.0,3455.0,4838.0,suel_desn
773,1904.0,2254.0,3658.0,4887.0,suel_desn
774,2011.0,2370.0,3832.0,4923.0,suel_desn
775,1960.0,2286.0,3771.0,4920.0,suel_desn
776,1879.0,2166.0,3593.0,4866.0,suel_desn
777,1844.0,2138.0,3540.0,4806.0,suel_desn
778,1758.0,2086.0,3457.0,4783.0,suel_desn
779,1799.0,2094.0,3441.0,4784.0,suel_desn
780,1845.0,2164.0,3527.0,4787.0,suel_desn
781,1886.0,2212.0,3636.0,4938.0,suel_desn
782,1836.0,2166.0,3579.0,4894.0,suel_desn
783,1814.0,2140.0,3494.0,4844.0,suel_desn
784,1836.0,2118.0,3501.0,4812.0,suel_desn
785,1804.0,2152.0,3563.0,4797.0,suel_desn
786,1804.0,2104.0,3557.0,4791.0,suel_desn
787,1778.0,2072.0,3497.0,4791.0,suel_desn
788,1778.0,2086.0,3486.0,4798.0,suel_desn
789,1880.0,2160.0,3559.0,4817.0,suel_desn
790,1928.0,2272.0,3692.0,4851.0,suel_desn
791,1956.0,2316.0,3784.0,4868.0,suel_desn
792,1880.0,2230.0,3674.0,4845.0,suel_desn
793,1834.0,2130.0,3556.0,4809.0,suel_desn
794,1792.0,2106.0,3471.0,4796.0,suel_desn
795,1844.0,2150.0,3525.0,4800.0,suel_desn
796,1847.0,2144.0,3556.0,4809.0,suel_desn
797,1886.0,2192.0,3600.0,4948.0,suel_desn
798,1830.0,2146.0,3518.0,4921.0,suel_desn
799,1845.0,2200.0,3496.0,4877.0,suel_desn
800,1850.0,2166.0,3543.0,4844.0,suel_desn
801,1778.0,2108.0,3522.0,4825.0,suel_desn
802,1778.0,2070.0,3525.0,4814.0,suel_desn
803,1791.0,2054.0,3554.0,4798.0,suel_desn
804,1798.0,2126.0,3614.0,4771.0,suel_desn
805,1836.0,2152.0,3626.0,4758.0,suel_desn
806,1831.0,2156.0,3612.0,4780.0,suel_desn
807,1854.0,2194.0,3676.0,4809.0,suel_desn
808,1857.0,2172.0,3646.0,4814.0,suel_desn
809,1886.0,2168.0,3564.0,4808.0,suel_desn
810,1847.0,2146.0,3555.0,4808.0,suel_desn
811,1839.0,2130.0,3513.0,4820.0,suel_desn
812,1824.0,2130.0,3540.0,4841.0,suel_desn
813,1868.0,2200.0,3583.0,4922.0,suel_desn
814,1862.0,2168.0,3584.0,4910.0,suel_desn
815,1860.0,2166.0,3564.0,4881.0,suel_desn
816,1835.0,2150.0,3453.0,4865.0,suel_desn
817,1819.0,2108.0,3446.0,4857.0,suel_desn
818,1832.0,2186.0,3570.0,4843.0,suel_desn
819,1807.0,2134.0,3577.0,4815.0,suel_desn
820,1806.0,2134.0,3562.0,4773.0,suel_desn
821,1812.0,2110.0,3507.0,4741.0,suel_desn
822,1768.0,2076.0,3501.0,4742.0,suel_desn
823,1802.0,2126.0,3632.0,4762.0,suel_desn
824,1838.0,2182.0,3684.0,4782.0,suel_desn
825,1826.0,2154.0,3564.0,4799.0,suel_desn
826,1852.0,2166.0,3534.0,4815.0,suel_desn
827,1854.0,2164.0,3585.0,4834.0,suel_desn
828,1822.0,2138.0,3548.0,4858.0,suel_desn
829,1868.0,2158.0,3579.0,4830.0,suel_desn
830,1889.0,2198.0,3610.0,4830.0,suel_desn
831,1882.0,2244.0,3678.0,4829.0,suel_desn
832,1854.0,2168.0,3534.0,4842.0,suel_desn
833,1871.0,2146.0,3524.0,4850.0,suel_desn
834,1950.0,2288.0,3709.0,4830.0,suel_desn
835,1889.0,2202.0,3655.0,4794.0,suel_desn
836,1772.0,2082.0,3473.0,4758.0,suel_desn
837,1748.0,2034.0,3407.0,4733.0,suel_desn
838,1764.0,2074.0,3468.0,4726.0,suel_desn
839,1816.0,2108.0,3554.0,4737.0,suel_desn
840,1848.0,2112.0,3562.0,4762.0,suel_desn
841,1790.0,2110.0,3482.0,4792.0,suel_desn
842,1774.0,2044.0,3460.0,4816.0,suel_desn
843,1820.0,2136.0,3547.0,4837.0,suel_desn
844,1772.0,2104.0,3454.0,4670.0,suel_desn
845,1858.0,2186.0,3610.0,4711.0,suel_desn
846,1892.0,2192.0,3607.0,4759.0,suel_desn
847,1886.0,2208.0,3626.0,4779.0,suel_desn
848,1983.0,2290.0,3714.0,4747.0,suel_desn
849,1925.0,2240.0,3673.0,4702.0,suel_desn
850,1778.0,2092.0,3495.0,4689.0,suel_desn
851,1842.0,2122.0,3521.0,4699.0,suel_desn
852,1832.0,2136.0,3534.0,4714.0,suel_desn
853,1774.0,2094.0,3500.0,4736.0,suel_desn
854,1791.0,2080.0,3468.0,4767.0,suel_desn
855,1772.0,2050.0,3418.0,4796.0,suel_desn
856,1764.0,2028.0,3412.0,4815.0,suel_desn
857,1799.0,2088.0,3479.0,4829.0,suel_desn
858,1700.0,1982.0,3276.0,4510.0,suel_desn
859,1858.0,2136.0,3534.0,4595.0,suel_desn
860,1856.0,2192.0,3643.0,4680.0,suel_desn
861,1834.0,2200.0,3615.0,4712.0,suel_desn
862,1871.0,2164.0,3601.0,4668.0,suel_desn
863,1742.0,2066.0,3534.0,4613.0,suel_desn
864,1726.0,2048.0,3485.0,4615.0,suel_desn
865,1858.0,2168.0,3612.0,4655.0,suel_desn
866,1782.0,2126.0,3557.0,4700.0,suel_desn
867,1738.0,2024.0,3464.0,4741.0,suel_desn
868,1744.0,2026.0,3414.0,4776.0,suel_desn
869,1857.0,2120.0,3556.0,4802.0,suel_desn
870,1826.0,2122.0,3553.0,4818.0,suel_desn
871,1713.0,2002.0,3187.0,4552.0,suel_desn
872,1814.0,2146.0,3602.0,4666.0,suel_desn
873,1794.0,2106.0,3584.0,4715.0,suel_desn
874,1796.0,2116.0,3626.0,4668.0,suel_desn
875,1673.0,1988.0,3490.0,4600.0,suel_desn
876,1714.0,1943.0,3409.0,4590.0,suel_desn
877,1790.0,2090.0,3498.0,4627.0,suel_desn
878,1778.0,2074.0,3512.0,4680.0,suel_desn
879,1742.0,2038.0,3447.0,4731.0,suel_desn
880,1807.0,2100.0,3578.0,4768.0,suel_desn
881,1857.0,2166.0,3636.0,4798.0,suel_desn
882,1791.0,2110.0,3490.0,4695.0,suel_desn
883,1790.0,2092.0,3519.0,4749.0,suel_desn
884,1820.0,2132.0,3562.0,4708.0,suel_desn
885,1726.0,2034.0,3559.0,4637.0,suel_desn
886,1684.0,1961.0,3476.0,4609.0,suel_desn
887,1758.0,2054.0,3440.0,4623.0,suel_desn
888,1766.0,2080.0,3490.0,4661.0,suel_desn
889,1742.0,2054.0,3470.0,4705.0,suel_desn
890,1808.0,2128.0,3511.0,4743.0,suel_desn
891,1734.0,2048.0,3480.0,4679.0,suel_desn
892,1756.0,2021.0,3490.0,4650.0,suel_desn
893,1760.0,2044.0,3463.0,4644.0,suel_desn
894,1762.0,2056.0,3450.0,4649.0,suel_desn
895,1658.0,1882.0,2930.0,4300.0,suel_desn
896,1662.0,1842.0,2866.0,4283.0,suel_desn
897,1628.0,1856.0,2908.0,4258.0,suel_desn
898,1664.0,1912.0,3000.0,4225.0,suel_desn
899,1651.0,1874.0,2968.0,4188.0,suel_desn
900,1640.0,1831.0,2914.0,4147.0,suel_desn
901,1603.0,1830.0,2824.0,4103.0,suel_desn
902,1588.0,1771.0,2822.0,4068.0,suel_desn
903,1650.0,1880.0,2958.0,4351.0,suel_desn
904,1607.0,1858.0,2916.0,4331.0,suel_desn
905,1648.0,1871.0,2954.0,4304.0,suel_desn
906,1638.0,1890.0,2994.0,4253.0,suel_desn
907,1611.0,1834.0,2908.0,4197.0,suel_desn
908,1623.0,1807.0,2848.0,4153.0,suel_desn
909,1626.0,1820.0,2848.0,4121.0,suel_desn
910,1624.0,1822.0,2858.0,4097.0,suel_desn
911,1600.0,1794.0,2876.0,4082.0,suel_desn
912,1597.0,1786.0,2872.0,4078.0,suel_desn
913,1692.0,1966.0,3204.0,4421.0,suel_desn
914,1634.0,1880.0,3060.0,4386.0,suel_desn
915,1655.0,1877.0,3040.0,4360.0,suel_desn
916,1693.0,1934.0,3148.0,4323.0,suel_desn
917,1629.0,1884.0,3024.0,4259.0,suel_desn
918,1588.0,1817.0,2904.0,4191.0,suel_desn
919,1566.0,1800.0,2852.0,4144.0,suel_desn
920,1574.0,1802.0,2818.0,4123.0,suel_desn
921,1614.0,1822.0,2888.0,4125.0,suel_desn
922,1614.0,1818.0,2888.0,4133.0,suel_desn
923,1596.0,1821.0,2868.0,4137.0,suel_desn
924,1611.0,1810.0,2870.0,4154.0,suel_desn
925,1730.0,1948.0,3320.0,4506.0,suel_desn
926,1700.0,1988.0,3282.0,4462.0,suel_desn
927,1664.0,1922.0,3164.0,4415.0,suel_desn
928,1695.0,1934.0,3102.0,4384.0,suel_desn
929,1698.0,1926.0,3118.0,4347.0,suel_desn
930,1646.0,1870.0,3026.0,4285.0,suel_desn
931,1614.0,1843.0,2998.0,4218.0,suel_desn
932,1594.0,1833.0,2924.0,4171.0,suel_desn
933,1576.0,1800.0,2844.0,4155.0,suel_desn
934,1602.0,1813.0,2882.0,4170.0,suel_desn
935,1626.0,1843.0,2916.0,4194.0,suel_desn
936,1614.0,1852.0,2932.0,4210.0,suel_desn
937,1608.0,1838.0,2914.0,4237.0,suel_desn
938,1608.0,1841.0,2920.0,4299.0,suel_desn
939,1772.0,2000.0,3242.0,4529.0,suel_desn
940,1785.0,2040.0,3324.0,4486.0,suel_desn
941,1750.0,2013.0,3256.0,4440.0,suel_desn
942,1676.0,1906.0,3078.0,4405.0,suel_desn
943,1648.0,1892.0,3054.0,4366.0,suel_desn
944,1648.0,1882.0,3048.0,4308.0,suel_desn
945,1684.0,1948.0,3092.0,4245.0,suel_desn
946,1634.0,1875.0,3018.0,4200.0,suel_desn
947,1614.0,1824.0,2934.0,4185.0,suel_desn
948,1630.0,1866.0,2930.0,4207.0,suel_desn
949,1658.0,1866.0,2964.0,4246.0,suel_desn
950,1684.0,1878.0,2970.0,4284.0,suel_desn
951,1674.0,1881.0,2946.0,4333.0,suel_desn
952,1689.0,1894.0,3002.0,4407.0,suel_desn
953,1758.0,2006.0,3186.0,4492.0,suel_desn
954,1744.0,2016.0,3280.0,4482.0,suel_desn
955,1724.0,1980.0,3178.0,4462.0,suel_desn
956,1674.0,1932.0,3152.0,4423.0,suel_desn
957,1652.0,1902.0,3048.0,4368.0,suel_desn
958,1644.0,1883.0,3052.0,4303.0,suel_desn
959,1698.0,1942.0,3108.0,4243.0,suel_desn
960,1623.0,1868.0,3014.0,4199.0,suel_desn
961,1637.0,1840.0,2942.0,4189.0,suel_desn
962,1653.0,1862.0,2964.0,4221.0,suel_desn
963,1654.0,1890.0,3004.0,4281.0,suel_desn
964,1684.0,1902.0,3008.0,4351.0,suel_desn
965,1706.0,1924.0,3046.0,4428.0,suel_desn
966,1708.0,1952.0,3132.0,4508.0,suel_desn
967,1720.0,1983.0,3170.0,4439.0,suel_desn
968,1722.0,1932.0,3144.0,4464.0,suel_desn
969,1738.0,1976.0,3174.0,4470.0,suel_desn
970,1750.0,2000.0,3188.0,4425.0,suel_desn
971,1693.0,1918.0,3044.0,4353.0,suel_desn
972,1714.0,1912.0,3076.0,4287.0,suel_desn
973,1670.0,1917.0,3072.0,4233.0,suel_desn
974,1653.0,1866.0,2960.0,4195.0,suel_desn
975,1636.0,1834.0,2876.0,4193.0,suel_desn
976,1637.0,1858.0,2926.0,4241.0,suel_desn
977,1672.0,1877.0,2992.0,4324.0,suel_desn
978,1664.0,1876.0,2986.0,4420.0,suel_desn
979,1718.0,1932.0,3056.0,4512.0,suel_desn
980,1688.0,1965.0,3136.0,4583.0,suel_desn
981,1652.0,1886.0,3066.0,4417.0,suel_desn
982,1686.0,1910.0,3108.0,4451.0,suel_desn
983,1766.0,2030.0,3318.0,4453.0,suel_desn
984,1780.0,2016.0,3184.0,4399.0,suel_desn
985,1713.0,1927.0,3016.0,4327.0,suel_desn
986,1688.0,1919.0,3004.0,4278.0,suel_desn
987,1691.0,1902.0,3014.0,4244.0,suel_desn
988,1654.0,1866.0,2960.0,4218.0,suel_desn
989,1618.0,1818.0,2880.0,4227.0,suel_desn
990,1637.0,1832.0,2894.0,4295.0,suel_desn
991,1664.0,1910.0,2974.0,4396.0,suel_desn
992,1691.0,1900.0,3110.0,4495.0,suel_desn
993,1691.0,1932.0,3062.0,4573.0,suel_desn
994,1724.0,1966.0,3170.0,4618.0,suel_desn
995,1701.0,1916.0,3122.0,4409.0,suel_desn
996,1697.0,1954.0,3130.0,4432.0,suel_desn
997,1764.0,2019.0,3272.0,4419.0,suel_desn
998,1728.0,1997.0,3142.0,4365.0,suel_desn
999,1676.0,1876.0,2968.0,4308.0,suel_desn
1000,1672.0,1868.0,2936.0,4282.0,suel_desn
1001,1673.0,1902.0,2982.0,4272.0,suel_desn
1002,1647.0,1874.0,3014.0,4262.0,suel_desn
1003,1614.0,1862.0,2928.0,4282.0,suel_desn
1004,1658.0,1875.0,2944.0,4361.0,suel_desn
1005,1684.0,1933.0,3046.0,4464.0,suel_desn
1006,1736.0,1954.0,3138.0,4551.0,suel_desn
1007,1751.0,1982.0,3142.0,4607.0,suel_desn
1008,1778.0,2006.0,3244.0,4628.0,suel_desn
1009,1711.0,1948.0,3152.0,4386.0,suel_desn
1010,1758.0,1980.0,3214.0,4393.0,suel_desn
1011,1770.0,1980.0,3240.0,4380.0,suel_desn
1012,1644.0,1905.0,3046.0,4343.0,suel_desn
1013,1648.0,1844.0,2954.0,4309.0,suel_desn
1014,1674.0,1926.0,2970.0,4300.0,suel_desn
1015,1647.0,1900.0,2980.0,4304.0,suel_desn
1016,1661.0,1862.0,3018.0,4309.0,suel_desn
1017,1650.0,1892.0,2996.0,4337.0,suel_desn
1018,1719.0,1937.0,3010.0,4405.0,suel_desn
1019,1730.0,1944.0,3046.0,4491.0,suel_desn
1020,1766.0,1993.0,3080.0,4564.0,suel_desn
1021,1773.0,1993.0,3132.0,4612.0,suel_desn
1022,1746.0,1980.0,3188.0,4632.0,suel_desn
1023,1684.0,1950.0,3092.0,4351.0,suel_desn
1024,1750.0,1977.0,3138.0,4347.0,suel_desn
1025,1711.0,1942.0,3126.0,4340.0,suel_desn
1026,1658.0,1892.0,2992.0,4324.0,suel_desn
1027,1658.0,1916.0,2970.0,4311.0,suel_desn
1028,1662.0,1927.0,3008.0,4314.0,suel_desn
1029,1637.0,1868.0,2954.0,4326.0,suel_desn
1030,1684.0,1889.0,3046.0,4341.0,suel_desn
1031,1732.0,1955.0,3114.0,4369.0,suel_desn
1032,1650.0,1925.0,2974.0,4420.0,suel_desn
1033,1691.0,1918.0,3048.0,4484.0,suel_desn
1034,1749.0,1960.0,3078.0,4549.0,suel_desn
1035,1736.0,1960.0,3072.0,4601.0,suel_desn
1036,1686.0,1932.0,3108.0,4631.0,suel_desn
1037,1684.0,1927.0,3046.0,4311.0,suel_desn
1038,1688.0,1912.0,3026.0,4305.0,suel_desn
1039,1668.0,1898.0,2982.0,4298.0,suel_desn
1040,1659.0,1894.0,2994.0,4299.0,suel_desn
1041,1658.0,1872.0,2972.0,4313.0,suel_desn
1042,1650.0,1896.0,3022.0,4330.0,suel_desn
1043,1713.0,1924.0,3114.0,4344.0,suel_desn
1044,1718.0,1925.0,3014.0,4364.0,suel_desn
1045,1654.0,1898.0,2976.0,4404.0,suel_desn
1046,1697.0,1902.0,3030.0,4462.0,suel_desn
1047,1722.0,1919.0,3086.0,4529.0,suel_desn
1048,1708.0,1919.0,3086.0,4588.0,suel_desn
1049,1696.0,1911.0,3008.0,4284.0,suel_desn
1050,1670.0,1893.0,2962.0,4283.0,suel_desn
1051,1624.0,1867.0,2936.0,4295.0,suel_desn
1052,1648.0,1867.0,3004.0,4318.0,suel_desn
1053,1688.0,1925.0,3098.0,4336.0,suel_desn
1054,1683.0,1910.0,3018.0,4336.0,suel_desn
1055,1696.0,1905.0,2904.0,4341.0,suel_desn
1056,1698.0,1907.0,3026.0,4375.0,suel_desn
1057,1677.0,1894.0,3024.0,4434.0,suel_desn
1058,1677.0,1902.0,3078.0,4507.0,suel_desn
1059,1684.0,1870.0,2888.0,4293.0,suel_desn
1060,1642.0,1848.0,2920.0,4318.0,suel_desn
1061,1661.0,1892.0,3050.0,4348.0,suel_desn
1062,1696.0,1910.0,3042.0,4360.0,suel_desn
1063,1658.0,1885.0,2952.0,4338.0,suel_desn
1064,1654.0,1876.0,2888.0,4321.0,suel_desn
1065,1642.0,1860.0,2928.0,4349.0,suel_desn
1066,1636.0,1858.0,3024.0,4411.0,suel_desn
1067,1660.0,1889.0,3006.0,4397.0,suel_desn
1068,1670.0,1880.0,2905.0,4390.0,suel_desn
1069,1696.0,1902.0,2918.0,4395.0,suel_desn
1070,1658.0,1858.0,2938.0,4418.0,suel_desn
1071,1650.0,1856.0,2923.0,4446.0,suel_desn
1072,1700.0,1898.0,3156.0,4419.0,suel_desn
1073,1718.0,1926.0,3084.0,4408.0,suel_desn
1074,1698.0,1914.0,3010.0,4393.0,suel_desn
1075,1672.0,1885.0,2919.0,4391.0,suel_desn
1076,1658.0,1858.0,2934.0,4403.0,suel_desn
1077,1664.0,1854.0,2972.0,4427.0,suel_desn
1078,1654.0,1911.0,2986.0,4454.0,suel_desn
1079,1719.0,1940.0,3049.0,4474.0,suel_desn
1080,1745.0,1926.0,3019.0,4472.0,suel_desn
1081,1696.0,1910.0,3167.0,4402.0,suel_desn
1082,1730.0,1922.0,3098.0,4414.0,suel_desn
1083,1706.0,1938.0,3105.0,4416.0,suel_desn
1084,1722.0,1922.0,3010.0,4416.0,suel_desn
1085,1680.0,1891.0,2951.0,4420.0,suel_desn
1086,1672.0,1890.0,3081.0,4426.0,suel_desn
1087,1705.0,1922.0,3164.0,4434.0,suel_desn
1088,1690.0,1918.0,3071.0,4442.0,suel_desn
1089,1708.0,1922.0,3072.0,4449.0,suel_desn
1090,1718.0,1936.0,3067.0,4445.0,suel_desn
1091,1724.0,1932.0,3009.0,4422.0,suel_desn
1092,1688.0,1880.0,2932.0,4399.0,suel_desn
1093,1698.0,1900.0,3178.0,4373.0,suel_desn
1094,1736.0,1938.0,3138.0,4391.0,suel_desn
1095,1710.0,1930.0,3013.0,4405.0,suel_desn
1096,1706.0,1896.0,3025.0,4429.0,suel_desn
1097,1706.0,1907.0,2980.0,4450.0,suel_desn
1098,1718.0,1920.0,3010.0,4455.0,suel_desn
1099,1708.0,1908.0,3088.0,4449.0,suel_desn
1100,1703.0,1933.0,3171.0,4441.0,suel_desn
1101,1722.0,1927.0,3089.0,4432.0,suel_desn
1102,1683.0,1886.0,3124.0,4423.0,suel_desn
1103,1664.0,1884.0,3081.0,4413.0,suel_desn
1104,1690.0,1884.0,2988.0,4403.0,suel_desn
1105,1701.0,1889.0,2992.0,4395.0,suel_desn
1106,1650.0,1902.0,3171.0,4376.0,suel_desn
1107,1712.0,1896.0,3060.0,4382.0,suel_desn
1108,1682.0,1886.0,2993.0,4394.0,suel_desn
1109,1708.0,1862.0,2991.0,4434.0,suel_desn
1110,1748.0,1914.0,3018.0,4469.0,suel_desn
1111,1719.0,1916.0,3075.0,4469.0,suel_desn
1112,1704.0,1910.0,3092.0,4453.0,suel_desn
1113,1720.0,1933.0,3115.0,4447.0,suel_desn
1114,1733.0,1902.0,3043.0,4442.0,suel_desn
1115,1668.0,1889.0,3113.0,4426.0,suel_desn
1116,1678.0,1882.0,3071.0,4407.0,suel_desn
1117,1672.0,1893.0,3022.0,4397.0,suel_desn
1118,1708.0,1897.0,3011.0,4399.0,suel_desn
1119,1684.0,1864.0,2935.0,4415.0,suel_desn
1120,1700.0,1890.0,3136.0,4379.0,suel_desn
1121,1700.0,1911.0,3074.0,4385.0,suel_desn
1122,1700.0,1902.0,3093.0,4376.0,suel_desn
1123,1703.0,1902.0,3085.0,4380.0,suel_desn
1124,1722.0,1914.0,3050.0,4421.0,suel_desn
1125,1712.0,1930.0,3044.0,4459.0,suel_desn
1126,1695.0,1922.0,3050.0,4454.0,suel_desn
1127,1724.0,1917.0,3115.0,4437.0,suel_desn
1128,1718.0,1902.0,3122.0,4442.0,suel_desn
1129,1696.0,1866.0,3058.0,4450.0,suel_desn
1130,1742.0,1935.0,3046.0,4437.0,suel_desn
1131,1736.0,1910.0,3044.0,4417.0,suel_desn
1132,1668.0,1910.0,3008.0,4409.0,suel_desn
1133,1678.0,1864.0,2914.0,4421.0,suel_desn
1134,1687.0,1843.0,2922.0,4453.0,suel_desn
1135,1672.0,1878.0,3097.0,4406.0,suel_desn
1136,1644.0,1888.0,3114.0,4392.0,suel_desn
1137,1670.0,1894.0,3136.0,4369.0,suel_desn
1138,1672.0,1874.0,3088.0,4362.0,suel_desn
1139,1696.0,1885.0,3120.0,4388.0,suel_desn
1140,1741.0,1927.0,3048.0,4416.0,suel_desn
1141,1706.0,1929.0,3008.0,4415.0,suel_desn
1142,1692.0,1889.0,3005.0,4409.0,suel_desn
1143,1717.0,1894.0,3010.0,4421.0,suel_desn
1144,1716.0,1878.0,3036.0,4435.0,suel_desn
1145,1714.0,1925.0,2991.0,4433.0,suel_desn
1146,1703.0,1907.0,2960.0,4428.0,suel_desn
1147,1684.0,1881.0,2929.0,4440.0,suel_desn
1148,1681.0,1852.0,2919.0,4465.0,suel_desn
1149,1724.0,1897.0,2978.0,4495.0,suel_desn
1150,1750.0,1950.0,2991.0,4521.0,suel_desn
1151,1664.0,1886.0,3156.0,4401.0,suel_desn
1152,1654.0,1879.0,3110.0,4374.0,suel_desn
1153,1658.0,1866.0,3122.0,4350.0,suel_desn
1154,1670.0,1894.0,3048.0,4341.0,suel_desn
1155,1730.0,1898.0,3045.0,4353.0,suel_desn
1156,1708.0,1908.0,3014.0,4371.0,suel_desn
1157,1680.0,1885.0,3030.0,4378.0,suel_desn
1158,1652.0,1872.0,3041.0,4382.0,suel_desn
1159,1748.0,1917.0,3076.0,4395.0,suel_desn
1160,1733.0,1926.0,3019.0,4410.0,suel_desn
1161,1705.0,1898.0,2921.0,4422.0,suel_desn
1162,1688.0,1886.0,2930.0,4440.0,suel_desn
1163,1718.0,1896.0,2954.0,4473.0,suel_desn
1164,1728.0,1907.0,2984.0,4506.0,suel_desn
1165,1750.0,1940.0,3029.0,4526.0,suel_desn
1166,1767.0,1978.0,3075.0,4537.0,suel_desn
1167,1688.0,1938.0,3145.0,4347.0,suel_desn
1168,1696.0,1920.0,3073.0,4318.0,suel_desn
1169,1678.0,1898.0,3123.0,4312.0,suel_desn
1170,1684.0,1908.0,3109.0,4322.0,suel_desn
1171,1673.0,1879.0,3101.0,4339.0,suel_desn
1172,1673.0,1874.0,3021.0,4355.0,suel_desn
1173,1697.0,1876.0,3025.0,4364.0,suel_desn
1174,1669.0,1874.0,3100.0,4371.0,suel_desn
1175,1692.0,1910.0,3035.0,4379.0,suel_desn
1176,1654.0,1870.0,2970.0,4394.0,suel_desn
1177,1714.0,1866.0,2958.0,4418.0,suel_desn
1178,1728.0,1907.0,2965.0,4451.0,suel_desn
1179,1777.0,1946.0,3019.0,4488.0,suel_desn
1180,1766.0,1968.0,3067.0,4518.0,suel_desn
1181,1760.0,1966.0,3102.0,4529.0,suel_desn
1182,1766.0,1936.0,3120.0,4535.0,suel_desn
1183,1660.0,1929.0,3104.0,4284.0,suel_desn
1184,1684.0,1911.0,3082.0,4256.0,suel_desn
1185,1660.0,1914.0,3176.0,4280.0,suel_desn
1186,1646.0,1864.0,3193.0,4321.0,suel_desn
1187,1655.0,1852.0,3124.0,4346.0,suel_desn
1188,1652.0,1848.0,3061.0,4358.0,suel_desn
1189,1688.0,1907.0,3008.0,4368.0,suel_desn
1190,1666.0,1848.0,3050.0,4376.0,suel_desn
1191,1666.0,1855.0,3049.0,4381.0,suel_desn
1192,1652.0,1855.0,3022.0,4391.0,suel_desn
1193,1660.0,1862.0,3065.0,4415.0,suel_desn
1194,1715.0,1926.0,3041.0,4445.0,suel_desn
1195,1762.0,1965.0,3046.0,4472.0,suel_desn
1196,1773.0,1968.0,3086.0,4493.0,suel_desn
1197,1720.0,1947.0,3114.0,4507.0,suel_desn
1198,1736.0,1916.0,3070.0,4522.0,suel_desn
1199,1637.0,1864.0,3083.0,4259.0,suel_desn
1200,1583.0,1806.0,3023.0,4227.0,suel_desn
1201,1665.0,1872.0,3100.0,4279.0,suel_desn
1202,1712.0,1883.0,3078.0,4348.0,suel_desn
1203,1690.0,1902.0,3042.0,4367.0,suel_desn
1204,1658.0,1849.0,3027.0,4363.0,suel_desn
1205,1680.0,1885.0,3017.0,4376.0,suel_desn
1206,1661.0,1852.0,3039.0,4394.0,suel_desn
1207,1669.0,1858.0,3040.0,4400.0,suel_desn
1208,1679.0,1891.0,3070.0,4400.0,suel_desn
1209,1657.0,1874.0,3103.0,4405.0,suel_desn
1210,1698.0,1884.0,3069.0,4414.0,suel_desn
1211,1750.0,1914.0,3079.0,4422.0,suel_desn
1212,1771.0,1946.0,3100.0,4438.0,suel_desn
1213,1737.0,1954.0,3127.0,4468.0,suel_desn
1214,1711.0,1926.0,3076.0,4505.0,suel_desn
1215,1646.0,1844.0,3092.0,4273.0,suel_desn
1216,1540.0,1738.0,2953.0,4235.0,suel_desn
1217,1645.0,1816.0,3007.0,4301.0,suel_desn
1218,1675.0,1898.0,3021.0,4382.0,suel_desn
1219,1693.0,1908.0,3020.0,4388.0,suel_desn
1220,1667.0,1886.0,3026.0,4367.0,suel_desn
1221,1690.0,1911.0,3018.0,4381.0,suel_desn
1222,1722.0,1928.0,3025.0,4409.0,suel_desn
1223,1709.0,1908.0,3080.0,4417.0,suel_desn
1224,1701.0,1914.0,3085.0,4410.0,suel_desn
1225,1702.0,1906.0,3050.0,4397.0,suel_desn
1226,1688.0,1874.0,3046.0,4384.0,suel_desn
1227,1688.0,1882.0,3073.0,4376.0,suel_desn
1228,1701.0,1913.0,3064.0,4388.0,suel_desn
1229,1704.0,1911.0,3115.0,4433.0,suel_desn
1230,1630.0,1858.0,3160.0,4276.0,suel_desn
1231,1630.0,1833.0,3077.0,4332.0,suel_desn
1232,1675.0,1882.0,3004.0,4400.0,suel_desn
1233,1667.0,1898.0,2998.0,4399.0,suel_desn
1234,1658.0,1866.0,3120.0,4374.0,suel_desn
1235,1672.0,1918.0,3183.0,4383.0,suel_desn
1236,1741.0,1950.0,3086.0,4406.0,suel_desn
1237,1711.0,1894.0,3020.0,4415.0,suel_desn
1238,1718.0,1904.0,3039.0,4411.0,suel_desn
1239,1710.0,1916.0,3006.0,4400.0,suel_desn
1240,1686.0,1893.0,3024.0,4385.0,suel_desn
1241,1642.0,1855.0,3046.0,4370.0,suel_desn
1242,1628.0,1836.0,2991.0,4376.0,suel_desn
1243,1642.0,1854.0,2969.0,4420.0,suel_desn
1244,1640.0,1835.0,3175.0,4333.0,suel_desn
1245,1674.0,1908.0,3100.0,4363.0,suel_desn
1246,1728.0,1912.0,2999.0,4408.0,suel_desn
1247,1722.0,1916.0,3014.0,4412.0,suel_desn
1248,1692.0,1869.0,3147.0,4396.0,suel_desn
1249,1669.0,1902.0,3226.0,4392.0,suel_desn
1250,1691.0,1914.0,3086.0,4397.0,suel_desn
1251,1687.0,1886.0,3026.0,4403.0,suel_desn
1252,1701.0,1910.0,3032.0,4409.0,suel_desn
1253,1720.0,1922.0,2982.0,4415.0,suel_desn
1254,1691.0,1876.0,3002.0,4414.0,suel_desn
1255,1647.0,1840.0,3000.0,4404.0,suel_desn
1256,1659.0,1830.0,2960.0,4403.0,suel_desn
1257,1629.0,1845.0,3174.0,4393.0,suel_desn
1258,1681.0,1884.0,3188.0,4417.0,suel_desn
1259,1792.0,1978.0,3115.0,4438.0,suel_desn
1260,1674.0,1920.0,3136.0,4440.0,suel_desn
1261,1628.0,1852.0,3168.0,4418.0,suel_desn
1262,1704.0,1894.0,3107.0,4395.0,suel_desn
1263,1696.0,1903.0,3083.0,4395.0,suel_desn
1264,1677.0,1894.0,3022.0,4414.0,suel_desn
1265,1696.0,1880.0,2982.0,4441.0,suel_desn
1266,1686.0,1880.0,2959.0,4460.0,suel_desn
1267,1686.0,1876.0,2978.0,4462.0,suel_desn
1268,1754.0,1943.0,3084.0,4472.0,suel_desn
1269,1720.0,1942.0,3054.0,4483.0,suel_desn
1270,1679.0,1896.0,3095.0,4448.0,suel_desn
1271,1690.0,1910.0,3157.0,4407.0,suel_desn
1272,1670.0,1882.0,3072.0,4404.0,suel_desn
1273,1660.0,1870.0,2970.0,4432.0,suel_desn
1274,1690.0,1857.0,2946.0,4470.0,suel_desn
1275,1711.0,1902.0,2954.0,4501.0,suel_desn
1276,1653.0,1874.0,3099.0,4432.0,suel_desn
1277,1724.0,1941.0,3046.0,4654.0,suel_desn
1278,1742.0,1939.0,3084.0,4649.0,suel_desn
1279,1706.0,1937.0,3026.0,4639.0,suel_desn
1280,1681.0,1893.0,2988.0,4630.0,suel_desn
1281,1686.0,1904.0,3006.0,4626.0,suel_desn
1282,1702.0,1907.0,3007.0,4639.0,suel_desn
1283,1726.0,1932.0,3037.0,4645.0,suel_desn
1284,1722.0,1935.0,3048.0,4652.0,suel_desn
1285,1710.0,1964.0,3045.0,4656.0,suel_desn
1286,1728.0,1948.0,3104.0,4656.0,suel_desn
1287,1706.0,1941.0,3095.0,4647.0,suel_desn
1288,1724.0,1918.0,3034.0,4624.0,suel_desn
1289,1725.0,1937.0,3060.0,4584.0,suel_desn
1290,1692.0,1924.0,2992.0,4620.0,suel_desn
1291,1715.0,1882.0,2954.0,4627.0,suel_desn
1292,1664.0,1897.0,2980.0,4633.0,suel_desn
1293,1700.0,1902.0,2980.0,4643.0,suel_desn
1294,1720.0,1919.0,3003.0,4656.0,suel_desn
1295,1732.0,1957.0,3084.0,4662.0,suel_desn
1296,1730.0,1983.0,3084.0,4650.0,suel_desn
1297,1749.0,1963.0,3082.0,4621.0,suel_desn
1298,1700.0,1919.0,3072.0,4579.0,suel_desn
1299,1700.0,1928.0,3008.0,4592.0,suel_desn
1300,1717.0,1906.0,2992.0,4606.0,suel_desn
1301,1722.0,1892.0,2963.0,4608.0,suel_desn
1302,1701.0,1896.0,2950.0,4611.0,suel_desn
1303,1710.0,1910.0,3014.0,4626.0,suel_desn
1304,1713.0,1930.0,3030.0,4639.0,suel_desn
1305,1704.0,1954.0,3049.0,4634.0,suel_desn
1306,1704.0,1963.0,3090.0,4613.0,suel_desn
1307,1701.0,1914.0,3067.0,4579.0,suel_desn
1308,1670.0,1870.0,3004.0,4546.0,suel_desn
1309,1692.0,1874.0,2964.0,4531.0,suel_desn
1310,1702.0,1893.0,2997.0,4559.0,suel_desn
1311,1678.0,1886.0,2974.0,4580.0,suel_desn
1312,1695.0,1894.0,2944.0,4578.0,suel_desn
1313,1698.0,1904.0,2970.0,4572.0,suel_desn
1314,1705.0,1905.0,2982.0,4582.0,suel_desn
1315,1724.0,1921.0,3026.0,4598.0,suel_desn
1316,1718.0,1930.0,3060.0,4605.0,suel_desn
1317,1704.0,1938.0,3072.0,4597.0,suel_desn
1318,1713.0,1935.0,3062.0,4576.0,suel_desn
1319,1696.0,1926.0,3008.0,4555.0,suel_desn
1320,1658.0,1831.0,2844.0,4518.0,suel_desn
1321,1690.0,1886.0,2896.0,4538.0,suel_desn
1322,1722.0,1918.0,2935.0,4555.0,suel_desn
1323,1692.0,1908.0,2967.0,4551.0,suel_desn
1324,1682.0,1906.0,3002.0,4542.0,suel_desn
1325,1681.0,1896.0,2937.0,4544.0,suel_desn
1326,1686.0,1910.0,2974.0,4557.0,suel_desn
1327,1672.0,1912.0,3024.0,4570.0,suel_desn
1328,1712.0,1905.0,3045.0,4575.0,suel_desn
1329,1708.0,1905.0,3017.0,4564.0,suel_desn
1330,1695.0,1943.0,3069.0,4553.0,suel_desn
1331,1656.0,1852.0,2867.0,4533.0,suel_desn
1332,1675.0,1891.0,2930.0,4536.0,suel_desn
1333,1696.0,1891.0,2965.0,4529.0,suel_desn
1334,1662.0,1888.0,2960.0,4519.0,suel_desn
1335,1666.0,1872.0,2964.0,4517.0,suel_desn
1336,1678.0,1864.0,2920.0,4526.0,suel_desn
1337,1670.0,1854.0,2923.0,4545.0,suel_desn
1338,1690.0,1878.0,2956.0,4557.0,suel_desn
1339,1702.0,1885.0,2971.0,4552.0,suel_desn
1340,1683.0,1910.0,3014.0,4547.0,suel_desn
1341,1638.0,1852.0,2922.0,4544.0,suel_desn
1342,1680.0,1866.0,2929.0,4525.0,suel_desn
1343,1690.0,1884.0,2938.0,4507.0,suel_desn
1344,1675.0,1884.0,2946.0,4497.0,suel_desn
1345,1709.0,1866.0,2947.0,4498.0,suel_desn
1346,1659.0,1849.0,2920.0,4512.0,suel_desn
1347,1664.0,1854.0,2924.0,4537.0,suel_desn
1348,1658.0,1880.0,2930.0,4554.0,suel_desn
1349,1678.0,1896.0,2951.0,4551.0,suel_desn
1350,1680.0,1897.0,3016.0,4547.0,suel_desn
1351,1704.0,1870.0,2939.0,4517.0,suel_desn
1352,1678.0,1866.0,2909.0,4486.0,suel_desn
1353,1674.0,1867.0,2918.0,4474.0,suel_desn
1354,1678.0,1901.0,2957.0,4483.0,suel_desn
1355,1687.0,1888.0,2958.0,4507.0,suel_desn
1356,1678.0,1864.0,2946.0,4537.0,suel_desn
1357,1680.0,1864.0,2982.0,4558.0,suel_desn
1358,1667.0,1853.0,2924.0,4558.0,suel_desn
1359,1668.0,1861.0,2906.0,4468.0,suel_desn
1360,1650.0,1852.0,2872.0,4451.0,suel_desn
1361,1650.0,1834.0,2887.0,4467.0,suel_desn
1362,1675.0,1886.0,2966.0,4500.0,suel_desn
1363,1702.0,1902.0,3012.0,4533.0,suel_desn
1364,1708.0,1914.0,3024.0,4556.0,suel_desn
1365,2376.0,2416.0,3912.0,4540.0,urbano
1366,2636.0,2992.0,3823.0,4373.0,urbano
1367,2498.0,2984.0,4040.0,4053.0,urbano
1368,2370.0,2416.0,3468.0,3855.0,urbano
1369,1634.0,2066.0,3378.0,4000.0,urbano
1370,2212.0,2394.0,3696.0,4266.0,urbano
1371,3052.0,3360.0,4081.0,4369.0,urbano
1372,1874.0,2354.0,3475.0,4312.0,urbano
1373,2500.0,2582.0,3690.0,4337.0,urbano
1374,2464.0,2910.0,3792.0,4159.0,urbano
1375,1613.0,2012.0,3711.0,3856.0,urbano
1376,2050.0,2268.0,3740.0,3692.0,urbano
1377,1680.0,1946.0,3493.0,3870.0,urbano
1378,1629.0,1858.0,3646.0,4167.0,urbano
1379,2180.0,2638.0,3622.0,4303.0,urbano
1380,2926.0,3566.0,4585.0,4182.0,urbano
1381,2622.0,2556.0,3986.0,3820.0,urbano
1382,1686.0,1997.0,3286.0,3897.0,urbano
1383,1810.0,1932.0,2993.0,4101.0,urbano
1384,2176.0,2406.0,3342.0,4131.0,urbano
1385,2020.0,2504.0,3661.0,3995.0,urbano
1386,1778.0,2042.0,3491.0,3773.0,urbano
1387,2346.0,2416.0,3631.0,3652.0,urbano
1388,1850.0,2186.0,3465.0,3773.0,urbano
1389,1892.0,2064.0,3520.0,3982.0,urbano
1390,2816.0,3210.0,4046.0,4084.0,urbano
1391,2646.0,3048.0,4030.0,4008.0,urbano
1392,2046.0,2262.0,3779.0,3761.0,urbano
1393,1642.0,2064.0,3610.0,3645.0,urbano
1394,1343.0,1692.0,3281.0,3773.0,urbano
1395,1567.0,1794.0,3330.0,3935.0,urbano
1396,1951.0,2384.0,3568.0,3985.0,urbano
1397,1937.0,2340.0,3768.0,3910.0,urbano
1398,1666.0,1998.0,3823.0,3751.0,urbano
1399,1778.0,2062.0,3798.0,3647.0,urbano
1400,1849.0,2112.0,3653.0,3706.0,urbano
1401,1853.0,2086.0,3513.0,3831.0,urbano
1402,1768.0,2182.0,3938.0,3895.0,urbano
1403,1584.0,1966.0,3896.0,3858.0,urbano
1404,1656.0,1984.0,3508.0,3731.0,urbano
1405,1886.0,2000.0,3185.0,3653.0,urbano
1406,1550.0,1949.0,3566.0,3788.0,urbano
1407,1362.0,1648.0,3373.0,3816.0,urbano
1408,1715.0,1809.0,3727.0,3886.0,urbano
1409,1802.0,2030.0,4122.0,3946.0,urbano
1410,1654.0,2032.0,4156.0,3911.0,urbano
1411,1403.0,1769.0,4353.0,3739.0,urbano
1412,1472.0,1775.0,4188.0,3610.0,urbano
1413,2068.0,2302.0,3689.0,3684.0,urbano
1414,2304.0,2598.0,3830.0,3834.0,urbano
1415,1532.0,1756.0,3819.0,3902.0,urbano
1416,2038.0,2388.0,4022.0,3891.0,urbano
1417,2360.0,2450.0,3542.0,3848.0,urbano
1418,1800.0,2006.0,2842.0,3836.0,urbano
1419,2098.0,2366.0,3282.0,3893.0,urbano
1420,1733.0,2086.0,3602.0,3937.0,urbano
1421,1698.0,1870.0,3401.0,3916.0,urbano
1422,2516.0,2350.0,3502.0,3914.0,urbano
1423,2732.0,2988.0,3998.0,3964.0,urbano
1424,2130.0,2454.0,3934.0,3955.0,urbano
1425,1978.0,1872.0,4001.0,3806.0,urbano
1426,1583.0,1986.0,3973.0,3710.0,urbano
1427,1691.0,1944.0,3624.0,3842.0,urbano
1428,2098.0,2484.0,3800.0,4032.0,urbano
1429,2014.0,2018.0,3687.0,4090.0,urbano
1430,2372.0,2932.0,3785.0,4086.0,urbano
1431,2518.0,2648.0,3601.0,4119.0,urbano
1432,2004.0,2308.0,3185.0,4135.0,urbano
1433,2382.0,2538.0,3348.0,4076.0,urbano
1434,2214.0,2722.0,3536.0,3859.0,urbano
1435,2366.0,2538.0,3884.0,3924.0,urbano
1436,1886.0,2310.0,3750.0,3951.0,urbano
1437,2052.0,2244.0,3382.0,3958.0,urbano
1438,1869.0,2272.0,3383.0,3976.0,urbano
1439,2072.0,2296.0,3663.0,3992.0,urbano
1440,2286.0,2590.0,3675.0,3998.0,urbano
1441,1572.0,1848.0,3255.0,4066.0,urbano
1442,1410.0,1735.0,3442.0,4240.0,urbano
1443,1911.0,2100.0,3634.0,4379.0,urbano
1444,2376.0,2638.0,3929.0,4364.0,urbano
1445,2354.0,2678.0,3846.0,4353.0,urbano
1446,2286.0,2478.0,3570.0,4487.0,urbano
1447,2150.0,2518.0,3323.0,4548.0,urbano
1448,2146.0,2500.0,3122.0,4337.0,urbano
1449,2021.0,2672.0,3468.0,3748.0,urbano
1450,3016.0,2842.0,3724.0,3870.0,urbano
1451,1978.0,2572.0,3810.0,3959.0,urbano
1452,1764.0,2038.0,3502.0,3986.0,urbano
1453,1700.0,1896.0,3485.0,3961.0,urbano
1454,2398.0,2468.0,3835.0,3986.0,urbano
1455,2292.0,2988.0,3668.0,4148.0,urbano
1456,1944.0,1758.0,2966.0,4365.0,urbano
1457,2110.0,2272.0,3450.0,4527.0,urbano
1458,3264.0,3364.0,4312.0,4571.0,urbano
1459,2942.0,3372.0,4171.0,4500.0,urbano
1460,2410.0,2606.0,3851.0,4519.0,urbano
1461,2210.0,2616.0,3566.0,4768.0,urbano
1462,2316.0,2400.0,3468.0,4912.0,urbano
1463,2034.0,2372.0,3140.0,4648.0,urbano
1464,1628.0,2024.0,3453.0,3746.0,urbano
1465,2288.0,2538.0,3603.0,3921.0,urbano
1466,2148.0,2616.0,3585.0,4000.0,urbano
1467,2516.0,2598.0,3460.0,3982.0,urbano
1468,2246.0,2458.0,3568.0,3910.0,urbano
1469,1836.0,2262.0,3614.0,3917.0,urbano
1470,1920.0,2252.0,3595.0,4096.0,urbano
1471,2764.0,3060.0,3934.0,4305.0,urbano
1472,3496.0,4000.0,4929.0,4385.0,urbano
1473,3632.0,3360.0,4384.0,4362.0,urbano
1474,2600.0,3192.0,4012.0,4327.0,urbano
1475,2244.0,2440.0,3435.0,4442.0,urbano
1476,1972.0,2710.0,3635.0,4787.0,urbano
1477,4748.0,4128.0,5465.0,5047.0,urbano
1478,2724.0,3144.0,3954.0,4928.0,urbano
1479,1467.0,1746.0,3680.0,4035.0,urbano
1480,2120.0,2550.0,3519.0,4059.0,urbano
1481,3076.0,3148.0,3370.0,3962.0,urbano
1482,2544.0,2632.0,3177.0,3842.0,urbano
1483,1796.0,2180.0,3338.0,3809.0,urbano
1484,1855.0,2042.0,3656.0,3928.0,urbano
1485,2614.0,3110.0,3980.0,4056.0,urbano
1486,3358.0,3454.0,4228.0,4056.0,urbano
1487,2236.0,2686.0,3767.0,4004.0,urbano
1488,2388.0,2710.0,3680.0,4022.0,urbano
1489,2250.0,2510.0,3301.0,4193.0,urbano
1490,1872.0,2206.0,3101.0,4539.0,urbano
1491,2296.0,2498.0,3430.0,4860.0,urbano
1492,2076.0,3088.0,4085.0,4956.0,urbano
1493,2552.0,2514.0,4257.0,4131.0,urbano
1494,2144.0,2408.0,3629.0,4100.0,urbano
1495,1878.0,2194.0,3097.0,3946.0,urbano
1496,2102.0,2276.0,2862.0,3782.0,urbano
1497,2252.0,2538.0,3114.0,3708.0,urbano
1498,2042.0,2208.0,3570.0,3772.0,urbano
1499,1918.0,2382.0,3883.0,3856.0,urbano
1500,2260.0,2512.0,3630.0,3841.0,urbano
1501,1906.0,2332.0,3380.0,3789.0,urbano
1502,2058.0,2222.0,3103.0,3793.0,urbano
1503,2288.0,2610.0,3172.0,3892.0,urbano
1504,2482.0,2630.0,3379.0,4099.0,urbano
1505,2120.0,2162.0,3061.0,4359.0,urbano
1506,2432.0,2886.0,3840.0,4092.0,urbano
1507,2024.0,2130.0,3282.0,3938.0,urbano
1508,2018.0,2288.0,3114.0,3783.0,urbano
1509,2204.0,2292.0,3062.0,3693.0,urbano
1510,1879.0,2032.0,3095.0,3704.0,urbano
1511,1882.0,2036.0,3791.0,3741.0,urbano
1512,2300.0,2610.0,3745.0,3729.0,urbano
1513,2114.0,2376.0,3481.0,3686.0,urbano
1514,1612.0,1908.0,2698.0,3650.0,urbano
1515,1914.0,2202.0,3006.0,3645.0,urbano
1516,2216.0,2472.0,3500.0,3698.0,urbano
1517,2038.0,2212.0,3361.0,3868.0,urbano
1518,1755.0,1932.0,3165.0,3924.0,urbano
1519,1553.0,2010.0,3600.0,3854.0,urbano
1520,1631.0,1884.0,3623.0,3793.0,urbano
1521,1782.0,2140.0,3357.0,3731.0,urbano
1522,2164.0,2236.0,3721.0,3677.0,urbano
1523,2006.0,2460.0,3697.0,3638.0,urbano
1524,2030.0,2348.0,3774.0,3603.0,urbano
1525,1843.0,2032.0,3081.0,3560.0,urbano
1526,1630.0,1860.0,3067.0,3525.0,urbano
1527,1549.0,1924.0,4181.0,3536.0,urbano
1528,1788.0,2118.0,4256.0,3833.0,urbano
1529,1814.0,2126.0,4285.0,3792.0,urbano
1530,2142.0,2476.0,3934.0,3662.0,urbano
1531,1934.0,2296.0,3477.0,3539.0,urbano
1532,1542.0,1890.0,3313.0,3514.0,urbano
1533,1676.0,2072.0,3724.0,3529.0,urbano
1534,2038.0,2336.0,3645.0,3515.0,urbano
1535,2050.0,2384.0,4956.0,4340.0,urbano
1536,2904.0,3486.0,4802.0,4396.0,urbano
1537,3038.0,3414.0,4763.0,4398.0,urbano
1538,2736.0,3288.0,4820.0,4317.0,urbano
1539,2202.0,2644.0,4831.0,4173.0,urbano
1540,2522.0,2850.0,5151.0,4219.0,urbano
1541,3004.0,3460.0,4839.0,4259.0,urbano
1542,3176.0,3470.0,4640.0,4297.0,urbano
1543,3482.0,3910.0,4694.0,4355.0,urbano
1544,3008.0,3692.0,4815.0,4368.0,urbano
1545,2350.0,2766.0,4769.0,4272.0,urbano
1546,2414.0,2736.0,4706.0,4098.0,urbano
1547,2758.0,3272.0,4560.0,3907.0,urbano
1548,2682.0,3156.0,4631.0,4176.0,urbano
1549,3054.0,3456.0,4815.0,4194.0,urbano
1550,2438.0,3010.0,5041.0,4195.0,urbano
1551,2592.0,3128.0,4946.0,4274.0,urbano
1552,2750.0,3332.0,4833.0,4320.0,urbano
1553,2360.0,2670.0,4651.0,4214.0,urbano
1554,2402.0,2750.0,4673.0,4017.0,urbano
1555,2372.0,3082.0,4444.0,3827.0,urbano
1556,2104.0,2338.0,3946.0,3726.0,urbano
1557,2212.0,2604.0,3798.0,3912.0,urbano
1558,2248.0,2704.0,4184.0,4088.0,urbano
1559,2166.0,2688.0,4645.0,4109.0,urbano
1560,1828.0,2288.0,4930.0,4094.0,urbano
1561,2164.0,2620.0,5153.0,4173.0,urbano
1562,2800.0,3172.0,5009.0,4219.0,urbano
1563,2736.0,3222.0,4588.0,4101.0,urbano
1564,2654.0,2928.0,4480.0,3914.0,urbano
1565,2136.0,2644.0,4275.0,3788.0,urbano
1566,1867.0,2206.0,3706.0,3758.0,urbano
1567,1916.0,2262.0,3866.0,3807.0,urbano
1568,2246.0,2584.0,4002.0,3977.0,urbano
1569,2212.0,2620.0,4028.0,4036.0,urbano
1570,2040.0,2438.0,4395.0,4043.0,urbano
1571,2208.0,2804.0,4965.0,4070.0,urbano
1572,2694.0,3272.0,4945.0,4048.0,urbano
1573,2882.0,3230.0,4399.0,3916.0,urbano
1574,2172.0,2704.0,4120.0,3797.0,urbano
1575,1954.0,2294.0,3932.0,3812.0,urbano
1576,1824.0,2166.0,3635.0,3890.0,urbano
1577,2518.0,2720.0,3601.0,3918.0,urbano
1578,1792.0,2152.0,3665.0,3756.0,urbano
1579,2074.0,2390.0,3732.0,3877.0,urbano
1580,2146.0,2566.0,3798.0,3964.0,urbano
1581,2152.0,2466.0,4107.0,4001.0,urbano
1582,2268.0,2622.0,4353.0,3981.0,urbano
1583,2506.0,3104.0,4485.0,3905.0,urbano
1584,2466.0,2708.0,4213.0,3798.0,urbano
1585,1854.0,2322.0,3941.0,3783.0,urbano
1586,1738.0,2052.0,3455.0,3944.0,urbano
1587,1864.0,2086.0,3167.0,4124.0,urbano
1588,2848.0,2880.0,3386.0,4142.0,urbano
1589,1968.0,2106.0,3007.0,3759.0,urbano
1590,1942.0,2268.0,3178.0,3815.0,urbano
1591,2240.0,2376.0,3547.0,3880.0,urbano
1592,2158.0,2488.0,3609.0,3924.0,urbano
1593,2288.0,2710.0,3901.0,3918.0,urbano
1594,2450.0,2818.0,3930.0,3885.0,urbano
1595,2000.0,2404.0,3850.0,3870.0,urbano
1596,1653.0,1956.0,3750.0,3956.0,urbano
1597,1888.0,2110.0,3128.0,4188.0,urbano
1598,1782.0,2016.0,2944.0,4423.0,urbano
1599,1910.0,2372.0,3322.0,3787.0,urbano
1600,2202.0,2344.0,3046.0,3799.0,urbano
1601,1980.0,2404.0,3238.0,3833.0,urbano
1602,2232.0,2544.0,3852.0,3890.0,urbano
1603,2394.0,2682.0,3648.0,3957.0,urbano
1604,1844.0,2316.0,3450.0,4027.0,urbano
1605,1844.0,2024.0,3512.0,4147.0,urbano
1606,2468.0,2580.0,3405.0,4355.0,urbano
1607,2770.0,2766.0,3670.0,4610.0,urbano
1608,2386.0,2446.0,3172.0,3738.0,urbano
1609,2072.0,2258.0,3500.0,3763.0,urbano
1610,2098.0,2310.0,3876.0,3904.0,urbano
1611,2262.0,2636.0,3783.0,4063.0,urbano
1612,2208.0,2508.0,3730.0,4139.0,urbano
1613,2188.0,2458.0,3648.0,4180.0,urbano
1614,2506.0,2786.0,3656.0,4274.0,urbano
1615,2007.0,2306.0,3742.0,3735.0,urbano
1616,2230.0,2400.0,3492.0,3962.0,urbano
1617,2504.0,2762.0,3303.0,4177.0,urbano
1618,2510.0,2840.0,3798.0,4197.0,urbano
1619,2454.0,2746.0,3853.0,4098.0,urbano
1620,3630.0,3924.0,4424.0,4463.0,urbano
1621,2920.0,3302.0,4008.0,4490.0,urbano
1622,3030.0,3222.0,3740.0,4291.0,urbano
1623,2574.0,2928.0,3586.0,3670.0,urbano
1624,2220.0,2472.0,4988.0,3904.0,urbano
1625,1672.0,1982.0,4440.0,4170.0,urbano
1626,2960.0,3288.0,3928.0,4290.0,urbano
1627,2270.0,2700.0,3684.0,4261.0,urbano
1628,2588.0,2920.0,3778.0,4136.0,urbano
1629,2290.0,2644.0,4008.0,4009.0,urbano
1630,2008.0,2428.0,4240.0,3955.0,urbano
1631,1910.0,2272.0,4062.0,3926.0,urbano
1632,1886.0,2162.0,3222.0,3773.0,urbano
1633,2236.0,2498.0,3264.0,3715.0,urbano
1634,2356.0,2610.0,3964.0,3880.0,urbano
1635,1849.0,2038.0,3812.0,4068.0,urbano
1636,2224.0,2524.0,3420.0,4097.0,urbano
1637,2144.0,2502.0,3676.0,4034.0,urbano
1638,2316.0,2670.0,3872.0,3987.0,urbano
1639,1917.0,2390.0,4608.0,3983.0,urbano
1640,1724.0,2158.0,4740.0,4015.0,urbano
1641,1773.0,2126.0,4196.0,4025.0,urbano
1642,2110.0,2520.0,4356.0,3960.0,urbano
1643,2284.0,2572.0,3932.0,4167.0,urbano
1644,2276.0,2512.0,3476.0,3930.0,urbano
1645,2042.0,2268.0,3126.0,3764.0,urbano
1646,1928.0,2230.0,3032.0,3847.0,urbano
1647,2602.0,2800.0,3574.0,3989.0,urbano
1648,2690.0,3056.0,3968.0,3985.0,urbano
1649,2150.0,2476.0,3912.0,3923.0,urbano
1650,1958.0,2260.0,4020.0,3930.0,urbano
1651,1809.0,2272.0,4912.0,3984.0,urbano
1652,1773.0,2212.0,5040.0,4035.0,urbano
1653,1908.0,2354.0,4708.0,4053.0,urbano
1654,1932.0,2368.0,4716.0,4024.0,urbano
1655,2938.0,3070.0,3940.0,4198.0,urbano
1656,2478.0,2730.0,3608.0,4031.0,urbano
1657,2206.0,2384.0,3350.0,3776.0,urbano
1658,1886.0,2088.0,3092.0,3792.0,urbano
1659,2516.0,2776.0,3492.0,3916.0,urbano
1660,2600.0,3020.0,4032.0,3928.0,urbano
1661,2142.0,2534.0,4408.0,3899.0,urbano
1662,1690.0,2190.0,4924.0,3936.0,urbano
1663,1648.0,2112.0,5052.0,4001.0,urbano
1664,1840.0,2272.0,5016.0,4035.0,urbano
1665,1890.0,2378.0,4940.0,4049.0,urbano
1666,1812.0,2288.0,4880.0,4065.0,urbano
1667,1662.0,2104.0,4804.0,4086.0,urbano
1668,2762.0,3148.0,4002.0,4114.0,urbano
1669,2434.0,2554.0,3422.0,3988.0,urbano
1670,2156.0,2372.0,3088.0,3722.0,urbano
1671,2590.0,2650.0,3266.0,3708.0,urbano
1672,2448.0,2762.0,3438.0,3824.0,urbano
1673,2390.0,2810.0,3702.0,3877.0,urbano
1674,2192.0,2584.0,4240.0,3898.0,urbano
1675,1844.0,2290.0,4816.0,3951.0,urbano
1676,1817.0,2228.0,4752.0,4010.0,urbano
1677,1920.0,2342.0,4796.0,4040.0,urbano
1678,1852.0,2300.0,5076.0,4061.0,urbano
1679,1892.0,2318.0,5016.0,4098.0,urbano
1680,1792.0,2258.0,4792.0,4163.0,urbano
1681,1572.0,1876.0,3896.0,3661.0,urbano
1682,2632.0,2926.0,3856.0,3948.0,urbano
1683,2922.0,3014.0,3592.0,3867.0,urbano
1684,2064.0,2274.0,3114.0,3667.0,urbano
1685,2392.0,2654.0,3442.0,3651.0,urbano
1686,2384.0,2700.0,3676.0,3747.0,urbano
1687,2152.0,2524.0,3840.0,3822.0,urbano
1688,2182.0,2576.0,3962.0,3871.0,urbano
1689,2102.0,2478.0,4500.0,3917.0,urbano
1690,1996.0,2400.0,4636.0,3965.0,urbano
1691,1820.0,2214.0,4608.0,4012.0,urbano
1692,1838.0,2260.0,4552.0,4056.0,urbano
1693,2062.0,2506.0,4484.0,4100.0,urbano
1694,2230.0,2552.0,4332.0,4174.0,urbano
1695,1914.0,2338.0,4144.0,4285.0,urbano
1696,1802.0,2010.0,3450.0,3556.0,urbano
1697,2268.0,2434.0,3198.0,3759.0,urbano
1698,2438.0,2686.0,3296.0,3759.0,urbano
1699,2106.0,2356.0,3322.0,3678.0,urbano
1700,1846.0,2216.0,3326.0,3675.0,urbano
1701,1808.0,2140.0,3644.0,3726.0,urbano
1702,1876.0,2128.0,4252.0,3768.0,urbano
1703,1954.0,2356.0,3832.0,3796.0,urbano
1704,2124.0,2462.0,4018.0,3817.0,urbano
1705,2016.0,2438.0,4388.0,3858.0,urbano
1706,1792.0,2172.0,4588.0,3935.0,urbano
1707,1688.0,2066.0,4512.0,4012.0,urbano
1708,1785.0,2216.0,4472.0,4057.0,urbano
1709,1973.0,2392.0,4348.0,4121.0,urbano
1710,1988.0,2384.0,4364.0,4238.0,urbano
1711,1888.0,2086.0,2936.0,3538.0,urbano
1712,2262.0,2498.0,3186.0,3640.0,urbano
1713,2082.0,2464.0,3504.0,3699.0,urbano
1714,2006.0,2300.0,3610.0,3730.0,urbano
1715,2334.0,2484.0,3332.0,3763.0,urbano
1716,2028.0,2300.0,3172.0,3780.0,urbano
1717,2470.0,2502.0,3632.0,3766.0,urbano
1718,2152.0,2442.0,3548.0,3751.0,urbano
1719,2152.0,2390.0,3754.0,3773.0,urbano
1720,2138.0,2542.0,4140.0,3841.0,urbano
1721,2024.0,2412.0,4240.0,3943.0,urbano
1722,1952.0,2318.0,4452.0,4022.0,urbano
1723,1668.0,2084.0,4532.0,4035.0,urbano
1724,1640.0,2086.0,4480.0,4054.0,urbano
1725,1827.0,2272.0,4588.0,4148.0,urbano
1726,1772.0,2036.0,3020.0,3653.0,urbano
1727,1916.0,2188.0,3364.0,3694.0,urbano
1728,1845.0,2196.0,3416.0,3781.0,urbano
1729,2804.0,2882.0,3592.0,3873.0,urbano
1730,2278.0,2618.0,3370.0,3908.0,urbano
1731,2460.0,2594.0,3320.0,3850.0,urbano
1732,1848.0,2224.0,3624.0,3808.0,urbano
1733,1813.0,2102.0,3922.0,3885.0,urbano
1734,1876.0,2266.0,3998.0,4021.0,urbano
1735,2106.0,2434.0,3796.0,4129.0,urbano
1736,2144.0,2494.0,4120.0,4155.0,urbano
1737,1893.0,2278.0,4428.0,4085.0,urbano
1738,1680.0,2108.0,4464.0,4023.0,urbano
1739,1996.0,2268.0,3288.0,3707.0,urbano
1740,1830.0,2026.0,3136.0,3694.0,urbano
1741,1788.0,2122.0,3110.0,3795.0,urbano
1742,2088.0,2426.0,3338.0,3956.0,urbano
1743,1795.0,2146.0,3398.0,4046.0,urbano
1744,2011.0,2194.0,3196.0,3978.0,urbano
1745,1674.0,2056.0,3930.0,3909.0,urbano
1746,1827.0,2007.0,3618.0,3997.0,urbano
1747,2130.0,2356.0,3644.0,4159.0,urbano
1748,2588.0,2852.0,3994.0,4266.0,urbano
1749,2310.0,2622.0,3814.0,4264.0,urbano
1750,2084.0,2468.0,4052.0,4144.0,urbano
1751,1928.0,2316.0,4328.0,4020.0,urbano
1752,2094.0,2460.0,3568.0,3708.0,urbano
1753,1868.0,2064.0,3364.0,3663.0,urbano
1754,1684.0,1966.0,3096.0,3760.0,urbano
1755,1650.0,1948.0,3276.0,3971.0,urbano
1756,2042.0,2198.0,3592.0,4126.0,urbano
1757,2376.0,2602.0,3720.0,4085.0,urbano
1758,2196.0,2788.0,4082.0,3979.0,urbano
1759,2272.0,2168.0,3306.0,3964.0,urbano
1760,2394.0,2648.0,3448.0,4040.0,urbano
1761,2730.0,3216.0,3888.0,4154.0,urbano
1762,2472.0,2628.0,3690.0,4211.0,urbano
1763,2400.0,2598.0,3770.0,4142.0,urbano
1764,1726.0,2076.0,3658.0,3670.0,urbano
1765,1742.0,2044.0,3338.0,3746.0,urbano
1766,1562.0,1886.0,3474.0,3948.0,urbano
1767,2040.0,2368.0,3698.0,4121.0,urbano
1768,2644.0,2972.0,3612.0,4122.0,urbano
1769,2386.0,2700.0,3702.0,4015.0,urbano
1770,1952.0,2042.0,3294.0,3912.0,urbano
1771,1810.0,2152.0,3274.0,3894.0,urbano
1772,2236.0,2484.0,3388.0,3997.0,urbano
1773,2396.0,2626.0,3408.0,4105.0,urbano
1774,2474.0,2758.0,3758.0,4100.0,urbano
1775,1914.0,2232.0,3668.0,3811.0,urbano
1776,1642.0,1975.0,3632.0,3928.0,urbano
1777,1884.0,2064.0,3208.0,4040.0,urbano
1778,2194.0,2484.0,3148.0,4067.0,urbano
1779,1994.0,2234.0,3238.0,4030.0,urbano
1780,2218.0,2406.0,3240.0,3978.0,urbano
1781,2104.0,2378.0,3456.0,3965.0,urbano
1782,2116.0,2138.0,3400.0,4022.0,urbano
1783,2036.0,2304.0,3294.0,4010.0,urbano
1784,1877.0,2128.0,3178.0,4030.0,urbano
1785,2492.0,2790.0,3576.0,4068.0,urbano
1786,1978.0,2108.0,3888.0,3655.0,urbano
1787,1656.0,2092.0,3966.0,3764.0,urbano
1788,1966.0,2146.0,3476.0,3754.0,urbano
1789,2042.0,2192.0,3302.0,3685.0,urbano
1790,1580.0,1772.0,3632.0,3670.0,urbano
1791,1498.0,1916.0,3580.0,3731.0,urbano
1792,2530.0,2504.0,3290.0,3853.0,urbano
1793,2802.0,2876.0,3352.0,3891.0,urbano
1794,2788.0,2816.0,3322.0,3848.0,urbano
1795,3024.0,3050.0,3876.0,3815.0,urbano
1796,2230.0,2422.0,3276.0,3767.0,urbano
1797,2000.0,2230.0,3556.0,3728.0,urbano
1798,2100.0,2290.0,3182.0,3739.0,urbano
1799,2220.0,2182.0,2716.0,3816.0,urbano
1800,2216.0,2490.0,2986.0,3841.0,urbano
1801,2252.0,2466.0,3374.0,3707.0,urbano
1802,1734.0,1930.0,3592.0,3697.0,urbano
1803,1781.0,2166.0,3350.0,3839.0,urbano
1804,2172.0,2544.0,3358.0,3884.0,urbano
1805,2210.0,2266.0,3180.0,3861.0,urbano
1806,2410.0,2904.0,3454.0,3827.0,urbano
1807,2786.0,2784.0,3226.0,3818.0,urbano
1808,2426.0,2346.0,2786.0,3843.0,urbano
1809,2446.0,2684.0,2886.0,3821.0,urbano
1810,2326.0,2508.0,3352.0,3674.0,urbano
1811,1899.0,2150.0,3068.0,3448.0,urbano
1812,1586.0,1864.0,3910.0,3536.0,urbano
1813,1800.0,2060.0,3708.0,3796.0,urbano
1814,1716.0,1910.0,3396.0,3896.0,urbano
1815,1784.0,1977.0,3220.0,3900.0,urbano
1816,1878.0,2220.0,3176.0,3906.0,urbano
1817,2392.0,2416.0,3054.0,3915.0,urbano
1818,2780.0,2758.0,3054.0,3901.0,urbano
1819,2780.0,2968.0,3278.0,3817.0,urbano
1820,2250.0,2428.0,3406.0,3637.0,urbano
1821,1836.0,1974.0,3050.0,3431.0,urbano
1822,1587.0,1780.0,3668.0,3473.0,urbano
1823,2338.0,2548.0,3688.0,3704.0,urbano
1824,2238.0,2482.0,3500.0,3796.0,urbano
1825,2008.0,2178.0,3396.0,3831.0,urbano
1826,1834.0,2082.0,3434.0,3909.0,urbano
1827,1722.0,1972.0,3210.0,3972.0,urbano
1828,2018.0,2320.0,3226.0,3940.0,urbano
1829,2308.0,2576.0,3412.0,3806.0,urbano
1830,2092.0,2412.0,3342.0,3602.0,urbano
1831,2150.0,2382.0,3288.0,3438.0,urbano
1832,1584.0,1774.0,3416.0,3494.0,urbano
1833,2278.0,2486.0,3172.0,3610.0,urbano
1834,2388.0,2516.0,3266.0,3656.0,urbano
1835,2154.0,2408.0,3294.0,3716.0,urbano
1836,1938.0,2206.0,3514.0,3863.0,urbano
1837,1878.0,2118.0,3288.0,3981.0,urbano
1838,2424.0,2520.0,3534.0,3946.0,urbano
1839,2104.0,2428.0,3412.0,3784.0,urbano
1840,1808.0,2158.0,3136.0,3574.0,urbano
1841,1602.0,1913.0,3298.0,3458.0,urbano
1842,1922.0,1938.0,3228.0,3552.0,urbano
1843,2008.0,2300.0,3288.0,3565.0,urbano
1844,1841.0,2094.0,3040.0,3570.0,urbano
1845,1763.0,2022.0,2988.0,3639.0,urbano
1846,1846.0,2005.0,3394.0,3812.0,urbano
1847,1964.0,2156.0,3166.0,3950.0,urbano
1848,2300.0,2512.0,3422.0,3914.0,urbano
1849,2094.0,2350.0,3370.0,3749.0,urbano
1850,2036.0,2380.0,3332.0,3554.0,urbano
1851,1666.0,1780.0,3060.0,3478.0,urbano
1852,1943.0,2314.0,3292.0,3579.0,urbano
1853,1670.0,1884.0,3208.0,3582.0,urbano
1854,1637.0,1839.0,3082.0,3651.0,urbano
1855,1939.0,2040.0,3136.0,3795.0,urbano
1856,2164.0,2498.0,3430.0,3896.0,urbano
1857,2208.0,2418.0,3530.0,3843.0,urbano
1858,2028.0,2226.0,3384.0,3689.0,urbano
1859,2226.0,2574.0,3254.0,3533.0,urbano
1860,1718.0,1928.0,3700.0,3700.0,urbano
1861,1886.0,2102.0,3330.0,3766.0,urbano
1862,2150.0,2356.0,3192.0,3831.0,urbano
1863,2182.0,2538.0,3508.0,3836.0,urbano
1864,2178.0,2330.0,3634.0,3738.0,urbano
1865,1944.0,2208.0,3344.0,3597.0,urbano
1866,2092.0,2322.0,3348.0,3870.0,urbano
1867,2160.0,2516.0,3556.0,3766.0,urbano
1868,2310.0,2660.0,3736.0,3826.0,urbano
1869,2296.0,2568.0,3532.0,3725.0,urbano
1870,1935.0,2036.0,3190.0,3774.0,urbano
1871,1762.0,2080.0,3364.0,3921.0,urbano
1872,2396.0,2496.0,3338.0,3898.0,urbano
1873,2230.0,2378.0,3570.0,3841.0,urbano
1874,2062.0,2422.0,3316.0,3721.0,urbano
1875,2218.0,2486.0,3160.0,3672.0,urbano
1876,2418.0,2640.0,3566.0,3805.0,urbano
1877,1844.0,2176.0,3714.0,4020.0,urbano
1878,2076.0,2314.0,3614.0,4175.0,urbano
1879,1838.0,2090.0,3250.0,4175.0,urbano
1880,2344.0,2522.0,3166.0,3875.0,urbano
1881,2614.0,2838.0,3492.0,3850.0,urbano
1882,2234.0,2490.0,3592.0,3753.0,urbano
1883,1960.0,2228.0,3114.0,3669.0,urbano
1884,2058.0,2168.0,2788.0,3692.0,urbano
1885,2282.0,2506.0,3124.0,3877.0,urbano
1886,2106.0,2416.0,3834.0,4115.0,urbano
1887,2410.0,2728.0,4078.0,4269.0,urbano
1888,2170.0,2350.0,3630.0,4261.0,urbano
1889,2250.0,2328.0,3658.0,4065.0,urbano
1890,2346.0,2524.0,3018.0,4016.0,urbano
1891,2378.0,2630.0,3424.0,3903.0,urbano
1892,2084.0,2382.0,3502.0,3768.0,urbano
1893,1844.0,2150.0,3346.0,3747.0,urbano
1894,2292.0,2452.0,3000.0,3838.0,urbano
1895,2528.0,2732.0,3292.0,4000.0,urbano
1896,2712.0,3008.0,3942.0,4158.0,urbano
1897,3140.0,3286.0,4152.0,4240.0,urbano
1898,2878.0,2920.0,3566.0,4222.0,urbano
1899,2576.0,2714.0,3868.0,4103.0,urbano
1900,2410.0,2630.0,3456.0,3935.0,urbano
1901,2512.0,2674.0,3502.0,4149.0,urbano
1902,2694.0,2776.0,3524.0,4145.0,urbano
1903,2278.0,2508.0,3586.0,4000.0,urbano
1904,1938.0,2238.0,3396.0,3879.0,urbano
1905,1797.0,2032.0,3344.0,3932.0,urbano
1906,2302.0,2520.0,3132.0,4063.0,urbano
1907,2314.0,2584.0,3372.0,4144.0,urbano
1908,2262.0,2612.0,3656.0,4154.0,urbano
1909,2844.0,3078.0,3546.0,4111.0,urbano
1910,3156.0,3258.0,3436.0,4067.0,urbano
1911,2334.0,2474.0,3484.0,4060.0,urbano
1912,2384.0,2620.0,3400.0,4032.0,urbano
1913,2810.0,3062.0,3736.0,4094.0,urbano
1914,3148.0,3388.0,3980.0,4132.0,urbano
1915,2312.0,2646.0,4020.0,4073.0,urbano
1916,2108.0,2354.0,3396.0,4048.0,urbano
1917,2002.0,2202.0,3286.0,4166.0,urbano
1918,2838.0,2910.0,3414.0,4290.0,urbano
1919,2776.0,2888.0,3342.0,4267.0,urbano
1920,2794.0,2910.0,3458.0,4122.0,urbano
1921,2388.0,2566.0,3120.0,3940.0,urbano
1922,2638.0,2844.0,3442.0,3848.0,urbano
1923,2320.0,2522.0,3304.0,3927.0,urbano
1924,2650.0,2894.0,3414.0,4034.0,urbano
1925,2396.0,2714.0,3718.0,4009.0,urbano
1926,2324.0,2560.0,3332.0,4017.0,urbano
1927,2404.0,2650.0,3424.0,4080.0,urbano
1928,1900.0,2266.0,3608.0,4128.0,urbano
1929,2474.0,2776.0,3922.0,4208.0,urbano
1930,2874.0,3062.0,3634.0,4344.0,urbano
1931,3376.0,3526.0,3858.0,4418.0,urbano
1932,2686.0,2910.0,3626.0,4315.0,urbano
1933,2422.0,2686.0,3250.0,4078.0,urbano
1934,2001.0,2278.0,3446.0,3807.0,urbano
1935,1556.0,1880.0,3986.0,3665.0,urbano
1936,1686.0,1994.0,3764.0,3764.0,urbano
1937,2696.0,2938.0,3786.0,3938.0,urbano
1938,2840.0,3168.0,4220.0,3993.0,urbano
1939,1822.0,2162.0,3360.0,4115.0,urbano
1940,1996.0,2346.0,3470.0,4102.0,urbano
1941,1968.0,2266.0,3642.0,4179.0,urbano
1942,2820.0,3258.0,4144.0,4296.0,urbano
1943,2508.0,2828.0,3768.0,4378.0,urbano
1944,3140.0,3358.0,4032.0,4374.0,urbano
1945,4028.0,4072.0,4100.0,4253.0,urbano
1946,2726.0,2818.0,3326.0,4036.0,urbano
1947,2368.0,2538.0,3780.0,3777.0,urbano
1948,1554.0,1864.0,4248.0,3609.0,urbano
1949,1536.0,1833.0,3986.0,3638.0,urbano
1950,1980.0,2338.0,4136.0,3770.0,urbano
1951,2396.0,2814.0,4340.0,3875.0,urbano
1952,1924.0,2162.0,3610.0,4210.0,urbano
1953,2094.0,2392.0,3670.0,4123.0,urbano
1954,2224.0,2498.0,3532.0,4186.0,urbano
1955,2446.0,2716.0,3732.0,4287.0,urbano
1956,2086.0,2364.0,3778.0,4294.0,urbano
1957,2036.0,2358.0,3386.0,4228.0,urbano
1958,2732.0,3114.0,3724.0,4134.0,urbano
1959,2278.0,2568.0,3200.0,4007.0,urbano
1960,2194.0,2406.0,3498.0,3840.0,urbano
1961,1760.0,2002.0,3520.0,3681.0,urbano
1962,1996.0,2136.0,3370.0,3589.0,urbano
1963,1872.0,2116.0,3842.0,3601.0,urbano
1964,1872.0,2212.0,3908.0,3717.0,urbano
1965,2250.0,2554.0,3626.0,4050.0,urbano
1966,2694.0,2864.0,3664.0,4110.0,urbano
1967,2798.0,3028.0,3724.0,4179.0,urbano
1968,2242.0,2550.0,3614.0,4149.0,urbano
1969,2176.0,2392.0,3712.0,4074.0,urbano
1970,2176.0,2552.0,3768.0,4026.0,urbano
1971,1844.0,2140.0,3556.0,3998.0,urbano
1972,1738.0,2002.0,3548.0,3958.0,urbano
1973,1582.0,1838.0,3478.0,3843.0,urbano
1974,2404.0,2540.0,3398.0,3631.0,urbano
1975,1971.0,2244.0,3886.0,3497.0,urbano
1976,2216.0,2504.0,3334.0,3900.0,urbano
1977,2926.0,3130.0,3686.0,3970.0,urbano
1978,2866.0,3084.0,3488.0,4017.0,urbano
1979,1848.0,2048.0,3192.0,3998.0,urbano
1980,1879.0,2218.0,3676.0,3963.0,urbano
1981,2018.0,2408.0,3808.0,3969.0,urbano
1982,1982.0,2312.0,3802.0,4018.0,urbano
1983,1976.0,2302.0,3742.0,4071.0,urbano
1984,1985.0,2308.0,3662.0,3993.0,urbano
1985,2028.0,2366.0,3656.0,3707.0,urbano
1986,2410.0,2716.0,3430.0,3803.0,urbano
1987,2196.0,2472.0,3266.0,3862.0,urbano
1988,1975.0,2118.0,3032.0,3903.0,urbano
1989,2038.0,2270.0,3090.0,3946.0,urbano
1990,2736.0,2818.0,3490.0,4008.0,urbano
1991,2726.0,2814.0,3604.0,4082.0,urbano
1992,2148.0,2432.0,3280.0,4132.0,urbano
1993,2166.0,2396.0,3668.0,4045.0,urbano
1994,2252.0,2412.0,3188.0,3960.0,urbano
1995,2376.0,2572.0,2910.0,4121.0,urbano
1996,2604.0,2850.0,3304.0,4211.0,urbano
1997,2650.0,2910.0,3410.0,4230.0,urbano
1998,1789.0,1970.0,2726.0,4183.0,urbano
1999,1329.0,1723.0,4928.0,3086.0,vegetacion
2000,1343.0,1720.0,4936.0,3088.0,vegetacion
2001,1344.0,1708.0,4924.0,3093.0,vegetacion
2002,1339.0,1728.0,5000.0,3114.0,vegetacion
2003,1325.0,1751.0,5016.0,3125.0,vegetacion
2004,1344.0,1744.0,5052.0,3107.0,vegetacion
2005,1338.0,1686.0,4872.0,3068.0,vegetacion
2006,1354.0,1695.0,4896.0,3069.0,vegetacion
2007,1316.0,1706.0,4924.0,3084.0,vegetacion
2008,1341.0,1740.0,5080.0,3095.0,vegetacion
2009,1348.0,1747.0,5112.0,3089.0,vegetacion
2010,1330.0,1742.0,5080.0,3086.0,vegetacion
2011,1336.0,1750.0,5088.0,3105.0,vegetacion
2012,1331.0,1760.0,5060.0,3122.0,vegetacion
2013,1349.0,1742.0,4972.0,3112.0,vegetacion
2014,1326.0,1712.0,4844.0,3099.0,vegetacion
2015,1309.0,1708.0,4916.0,3110.0,vegetacion
2016,1310.0,1680.0,4820.0,3073.0,vegetacion
2017,1327.0,1688.0,4816.0,3070.0,vegetacion
2018,1324.0,1688.0,5012.0,3074.0,vegetacion
2019,1348.0,1708.0,5096.0,3088.0,vegetacion
2020,1321.0,1734.0,5204.0,3098.0,vegetacion
2021,1340.0,1756.0,5216.0,3093.0,vegetacion
2022,1352.0,1762.0,5120.0,3087.0,vegetacion
2023,1372.0,1762.0,4964.0,3096.0,vegetacion
2024,1334.0,1758.0,4888.0,3106.0,vegetacion
2025,1341.0,1728.0,4792.0,3104.0,vegetacion
2026,1328.0,1705.0,4840.0,3103.0,vegetacion
2027,1321.0,1718.0,4920.0,3115.0,vegetacion
2028,1330.0,1731.0,5020.0,3131.0,vegetacion
2029,1311.0,1698.0,4872.0,3072.0,vegetacion
2030,1288.0,1673.0,4732.0,3075.0,vegetacion
2031,1319.0,1698.0,4744.0,3077.0,vegetacion
2032,1336.0,1740.0,5016.0,3081.0,vegetacion
2033,1340.0,1726.0,5056.0,3091.0,vegetacion
2034,1309.0,1744.0,5156.0,3100.0,vegetacion
2035,1336.0,1758.0,5184.0,3100.0,vegetacion
2036,1339.0,1744.0,5144.0,3097.0,vegetacion
2037,1344.0,1726.0,5036.0,3096.0,vegetacion
2038,1314.0,1720.0,4928.0,3097.0,vegetacion
2039,1325.0,1726.0,4856.0,3100.0,vegetacion
2040,1314.0,1714.0,4968.0,3106.0,vegetacion
2041,1317.0,1703.0,4980.0,3116.0,vegetacion
2042,1318.0,1702.0,5012.0,3126.0,vegetacion
2043,1310.0,1749.0,5008.0,3131.0,vegetacion
2044,1342.0,1694.0,4904.0,3056.0,vegetacion
2045,1322.0,1680.0,4812.0,3072.0,vegetacion
2046,1318.0,1695.0,4684.0,3089.0,vegetacion
2047,1329.0,1720.0,4800.0,3096.0,vegetacion
2048,1344.0,1734.0,4956.0,3098.0,vegetacion
2049,1336.0,1733.0,4956.0,3103.0,vegetacion
2050,1316.0,1726.0,4912.0,3109.0,vegetacion
2051,1326.0,1732.0,5008.0,3112.0,vegetacion
2052,1324.0,1723.0,5112.0,3113.0,vegetacion
2053,1317.0,1708.0,4988.0,3111.0,vegetacion
2054,1296.0,1706.0,4904.0,3110.0,vegetacion
2055,1314.0,1741.0,4820.0,3112.0,vegetacion
2056,1314.0,1730.0,4856.0,3113.0,vegetacion
2057,1328.0,1726.0,5000.0,3111.0,vegetacion
2058,1325.0,1734.0,4944.0,3111.0,vegetacion
2059,1345.0,1732.0,4928.0,3116.0,vegetacion
2060,1317.0,1714.0,4904.0,3119.0,vegetacion
2061,1334.0,1680.0,4980.0,3047.0,vegetacion
2062,1347.0,1688.0,4740.0,3078.0,vegetacion
2063,1340.0,1727.0,4700.0,3107.0,vegetacion
2064,1340.0,1723.0,4772.0,3120.0,vegetacion
2065,1345.0,1715.0,4772.0,3122.0,vegetacion
2066,1345.0,1740.0,4724.0,3123.0,vegetacion
2067,1326.0,1697.0,4632.0,3124.0,vegetacion
2068,1313.0,1700.0,4780.0,3123.0,vegetacion
2069,1321.0,1725.0,4884.0,3123.0,vegetacion
2070,1337.0,1718.0,4836.0,3126.0,vegetacion
2071,1340.0,1736.0,4860.0,3129.0,vegetacion
2072,1338.0,1752.0,4708.0,3126.0,vegetacion
2073,1338.0,1720.0,4736.0,3117.0,vegetacion
2074,1349.0,1720.0,4892.0,3102.0,vegetacion
2075,1330.0,1750.0,4960.0,3095.0,vegetacion
2076,1326.0,1720.0,4896.0,3104.0,vegetacion
2077,1322.0,1712.0,4816.0,3115.0,vegetacion
2078,1299.0,1696.0,5156.0,3032.0,vegetacion
2079,1314.0,1688.0,5068.0,3058.0,vegetacion
2080,1354.0,1696.0,4864.0,3092.0,vegetacion
2081,1328.0,1728.0,4908.0,3121.0,vegetacion
2082,1354.0,1718.0,4860.0,3138.0,vegetacion
2083,1352.0,1736.0,4688.0,3144.0,vegetacion
2084,1349.0,1726.0,4608.0,3147.0,vegetacion
2085,1350.0,1728.0,4616.0,3142.0,vegetacion
2086,1328.0,1676.0,4720.0,3129.0,vegetacion
2087,1340.0,1690.0,4748.0,3121.0,vegetacion
2088,1326.0,1723.0,4808.0,3127.0,vegetacion
2089,1329.0,1723.0,4800.0,3134.0,vegetacion
2090,1350.0,1718.0,4776.0,3128.0,vegetacion
2091,1346.0,1730.0,4808.0,3112.0,vegetacion
2092,1333.0,1737.0,4908.0,3093.0,vegetacion
2093,1335.0,1736.0,5008.0,3087.0,vegetacion
2094,1333.0,1717.0,4896.0,3103.0,vegetacion
2095,1348.0,1706.0,4772.0,3119.0,vegetacion
2096,1348.0,1701.0,4732.0,3113.0,vegetacion
2097,1306.0,1714.0,5108.0,3053.0,vegetacion
2098,1344.0,1717.0,5048.0,3081.0,vegetacion
2099,1346.0,1714.0,4988.0,3108.0,vegetacion
2100,1317.0,1738.0,5040.0,3131.0,vegetacion
2101,1369.0,1740.0,5000.0,3147.0,vegetacion
2102,1337.0,1712.0,4828.0,3158.0,vegetacion
2103,1335.0,1710.0,4784.0,3163.0,vegetacion
2104,1348.0,1718.0,4704.0,3157.0,vegetacion
2105,1332.0,1681.0,4716.0,3139.0,vegetacion
2106,1349.0,1682.0,4752.0,3125.0,vegetacion
2107,1304.0,1686.0,4824.0,3130.0,vegetacion
2108,1322.0,1706.0,4768.0,3136.0,vegetacion
2109,1326.0,1719.0,4800.0,3123.0,vegetacion
2110,1328.0,1700.0,4776.0,3102.0,vegetacion
2111,1309.0,1706.0,4832.0,3090.0,vegetacion
2112,1312.0,1724.0,4864.0,3094.0,vegetacion
2113,1327.0,1715.0,4868.0,3114.0,vegetacion
2114,1338.0,1722.0,4868.0,3124.0,vegetacion
2115,1345.0,1720.0,4832.0,3104.0,vegetacion
2116,1336.0,1742.0,5140.0,3081.0,vegetacion
2117,1355.0,1758.0,5092.0,3102.0,vegetacion
2118,1338.0,1738.0,5048.0,3121.0,vegetacion
2119,1312.0,1736.0,5044.0,3136.0,vegetacion
2120,1334.0,1726.0,5004.0,3148.0,vegetacion
2121,1338.0,1694.0,4872.0,3158.0,vegetacion
2122,1335.0,1715.0,4840.0,3164.0,vegetacion
2123,1348.0,1706.0,4864.0,3165.0,vegetacion
2124,1350.0,1715.0,4764.0,3157.0,vegetacion
2125,1356.0,1710.0,4828.0,3151.0,vegetacion
2126,1320.0,1679.0,4864.0,3154.0,vegetacion
2127,1320.0,1702.0,4736.0,3148.0,vegetacion
2128,1312.0,1704.0,4724.0,3121.0,vegetacion
2129,1362.0,1712.0,4764.0,3098.0,vegetacion
2130,1345.0,1690.0,4772.0,3100.0,vegetacion
2131,1320.0,1690.0,4792.0,3118.0,vegetacion
2132,1327.0,1696.0,4836.0,3131.0,vegetacion
2133,1344.0,1717.0,4828.0,3123.0,vegetacion
2134,1327.0,1738.0,4824.0,3086.0,vegetacion
2135,1342.0,1723.0,5120.0,3098.0,vegetacion
2136,1338.0,1742.0,5020.0,3109.0,vegetacion
2137,1329.0,1704.0,4984.0,3122.0,vegetacion
2138,1347.0,1710.0,4940.0,3133.0,vegetacion
2139,1334.0,1716.0,4904.0,3140.0,vegetacion
2140,1324.0,1697.0,4820.0,3147.0,vegetacion
2141,1336.0,1709.0,4872.0,3156.0,vegetacion
2142,1343.0,1730.0,5084.0,3165.0,vegetacion
2143,1329.0,1706.0,4816.0,3172.0,vegetacion
2144,1324.0,1706.0,4852.0,3178.0,vegetacion
2145,1338.0,1704.0,4964.0,3180.0,vegetacion
2146,1317.0,1676.0,4788.0,3167.0,vegetacion
2147,1339.0,1702.0,4696.0,3135.0,vegetacion
2148,1362.0,1702.0,4812.0,3111.0,vegetacion
2149,1330.0,1682.0,4820.0,3121.0,vegetacion
2150,1345.0,1720.0,4816.0,3141.0,vegetacion
2151,1338.0,1732.0,4836.0,3142.0,vegetacion
2152,1350.0,1740.0,4836.0,3117.0,vegetacion
2153,1339.0,1740.0,4884.0,3071.0,vegetacion
2154,1320.0,1730.0,4912.0,3032.0,vegetacion
2155,1342.0,1706.0,5072.0,3093.0,vegetacion
2156,1331.0,1723.0,4984.0,3097.0,vegetacion
2157,1339.0,1736.0,4804.0,3107.0,vegetacion
2158,1343.0,1698.0,4808.0,3118.0,vegetacion
2159,1344.0,1712.0,4876.0,3125.0,vegetacion
2160,1345.0,1730.0,4892.0,3132.0,vegetacion
2161,1352.0,1742.0,4920.0,3144.0,vegetacion
2162,1343.0,1725.0,5020.0,3159.0,vegetacion
2163,1339.0,1698.0,4964.0,3171.0,vegetacion
2164,1325.0,1714.0,4948.0,3181.0,vegetacion
2165,1344.0,1744.0,5048.0,3189.0,vegetacion
2166,1351.0,1720.0,4876.0,3186.0,vegetacion
2167,1342.0,1709.0,4740.0,3166.0,vegetacion
2168,1318.0,1692.0,4872.0,3147.0,vegetacion
2169,1327.0,1712.0,4920.0,3145.0,vegetacion
2170,1351.0,1745.0,4888.0,3147.0,vegetacion
2171,1346.0,1735.0,4852.0,3134.0,vegetacion
2172,1342.0,1742.0,4736.0,3106.0,vegetacion
2173,1350.0,1725.0,4732.0,3068.0,vegetacion
2174,1342.0,1738.0,5048.0,3076.0,vegetacion
2175,1326.0,1709.0,5052.0,3079.0,vegetacion
2176,1339.0,1712.0,4860.0,3088.0,vegetacion
2177,1324.0,1702.0,4788.0,3098.0,vegetacion
2178,1347.0,1715.0,4840.0,3106.0,vegetacion
2179,1352.0,1724.0,4920.0,3115.0,vegetacion
2180,1334.0,1730.0,4940.0,3130.0,vegetacion
2181,1332.0,1698.0,4860.0,3146.0,vegetacion
2182,1375.0,1719.0,4884.0,3159.0,vegetacion
2183,1337.0,1714.0,4936.0,3170.0,vegetacion
2184,1328.0,1751.0,5020.0,3182.0,vegetacion
2185,1363.0,1736.0,4904.0,3190.0,vegetacion
2186,1361.0,1747.0,4732.0,3187.0,vegetacion
2187,1356.0,1724.0,4732.0,3175.0,vegetacion
2188,1353.0,1698.0,4852.0,3158.0,vegetacion
2189,1338.0,1726.0,4824.0,3137.0,vegetacion
2190,1357.0,1742.0,4780.0,3114.0,vegetacion
2191,1351.0,1741.0,4792.0,3090.0,vegetacion
2192,1332.0,1714.0,4704.0,3067.0,vegetacion
2193,1338.0,1732.0,4996.0,3066.0,vegetacion
2194,1327.0,1720.0,4928.0,3068.0,vegetacion
2195,1334.0,1704.0,4984.0,3073.0,vegetacion
2196,1340.0,1722.0,4896.0,3081.0,vegetacion
2197,1337.0,1705.0,4864.0,3088.0,vegetacion
2198,1321.0,1700.0,4964.0,3098.0,vegetacion
2199,1319.0,1692.0,5028.0,3112.0,vegetacion
2200,1333.0,1692.0,5140.0,3128.0,vegetacion
2201,1328.0,1725.0,5008.0,3144.0,vegetacion
2202,1327.0,1697.0,4968.0,3157.0,vegetacion
2203,1350.0,1723.0,5040.0,3166.0,vegetacion
2204,1340.0,1732.0,4912.0,3172.0,vegetacion
2205,1345.0,1710.0,4752.0,3174.0,vegetacion
2206,1381.0,1732.0,4652.0,3167.0,vegetacion
2207,1336.0,1703.0,4660.0,3147.0,vegetacion
2208,1346.0,1726.0,4708.0,3119.0,vegetacion
2209,1334.0,1737.0,4760.0,3093.0,vegetacion
2210,1345.0,1733.0,4776.0,3072.0,vegetacion
2211,1322.0,1709.0,4792.0,3057.0,vegetacion
2212,1308.0,1696.0,5060.0,3059.0,vegetacion
2213,1301.0,1704.0,5020.0,3061.0,vegetacion
2214,1334.0,1723.0,4936.0,3063.0,vegetacion
2215,1372.0,1722.0,4816.0,3067.0,vegetacion
2216,1356.0,1714.0,4940.0,3075.0,vegetacion
2217,1334.0,1710.0,5056.0,3085.0,vegetacion
2218,1321.0,1700.0,5160.0,3096.0,vegetacion
2219,1293.0,1692.0,5200.0,3110.0,vegetacion
2220,1303.0,1709.0,5052.0,3128.0,vegetacion
2221,1315.0,1703.0,5072.0,3142.0,vegetacion
2222,1338.0,1710.0,5028.0,3146.0,vegetacion
2223,1340.0,1744.0,4896.0,3146.0,vegetacion
2224,1339.0,1732.0,4696.0,3147.0,vegetacion
2225,1363.0,1755.0,4672.0,3143.0,vegetacion
2226,1340.0,1747.0,4660.0,3128.0,vegetacion
2227,1354.0,1720.0,4700.0,3107.0,vegetacion
2228,1342.0,1700.0,4764.0,3085.0,vegetacion
2229,1342.0,1718.0,4804.0,3064.0,vegetacion
2230,1323.0,1696.0,4856.0,3046.0,vegetacion
2231,1300.0,1714.0,5112.0,3055.0,vegetacion
2232,1324.0,1718.0,5016.0,3053.0,vegetacion
2233,1321.0,1714.0,4892.0,3056.0,vegetacion
2234,1338.0,1712.0,4928.0,3065.0,vegetacion
2235,1330.0,1706.0,5044.0,3077.0,vegetacion
2236,1319.0,1694.0,5196.0,3086.0,vegetacion
2237,1310.0,1700.0,5164.0,3096.0,vegetacion
2238,1327.0,1726.0,4952.0,3109.0,vegetacion
2239,1310.0,1703.0,4972.0,3122.0,vegetacion
2240,1316.0,1698.0,4952.0,3128.0,vegetacion
2241,1334.0,1722.0,4916.0,3130.0,vegetacion
2242,1320.0,1732.0,4828.0,3130.0,vegetacion
2243,1344.0,1736.0,4744.0,3128.0,vegetacion
2244,1344.0,1726.0,4820.0,3121.0,vegetacion
2245,1312.0,1720.0,4820.0,3112.0,vegetacion
2246,1332.0,1733.0,4816.0,3098.0,vegetacion
2247,1351.0,1720.0,4892.0,3076.0,vegetacion
2248,1310.0,1693.0,5024.0,3047.0,vegetacion
2249,1314.0,1697.0,4960.0,3048.0,vegetacion
2250,1324.0,1698.0,4900.0,3057.0,vegetacion
2251,1317.0,1678.0,4876.0,3069.0,vegetacion
2252,1308.0,1702.0,4936.0,3078.0,vegetacion
2253,1316.0,1708.0,4960.0,3085.0,vegetacion
2254,1320.0,1718.0,4848.0,3094.0,vegetacion
2255,1350.0,1684.0,4760.0,3105.0,vegetacion
2256,1315.0,1684.0,4864.0,3115.0,vegetacion
2257,1315.0,1706.0,5028.0,3122.0,vegetacion
2258,1316.0,1723.0,4936.0,3123.0,vegetacion
2259,1332.0,1724.0,4792.0,3123.0,vegetacion
2260,1362.0,1725.0,4836.0,3126.0,vegetacion
2261,1345.0,1728.0,4820.0,3126.0,vegetacion
2262,1321.0,1728.0,4828.0,3116.0,vegetacion
2263,1366.0,1730.0,4908.0,3091.0,vegetacion
2264,1292.0,1684.0,5076.0,3046.0,vegetacion
2265,1332.0,1691.0,5000.0,3043.0,vegetacion
2266,1313.0,1706.0,4892.0,3048.0,vegetacion
2267,1316.0,1672.0,4844.0,3057.0,vegetacion
2268,1298.0,1718.0,4856.0,3066.0,vegetacion
2269,1332.0,1710.0,4884.0,3076.0,vegetacion
2270,1321.0,1705.0,4908.0,3087.0,vegetacion
2271,1370.0,1697.0,4820.0,3099.0,vegetacion
2272,1334.0,1723.0,4972.0,3109.0,vegetacion
2273,1333.0,1716.0,5104.0,3116.0,vegetacion
2274,1318.0,1714.0,5004.0,3119.0,vegetacion
2275,1344.0,1742.0,4824.0,3125.0,vegetacion
2276,1368.0,1734.0,4740.0,3134.0,vegetacion
2277,1330.0,1700.0,4864.0,3138.0,vegetacion
2278,1348.0,1710.0,4956.0,3123.0,vegetacion
2279,1292.0,1674.0,4828.0,3039.0,vegetacion
2280,1296.0,1672.0,4820.0,3040.0,vegetacion
2281,1339.0,1668.0,4844.0,3047.0,vegetacion
2282,1343.0,1708.0,4956.0,3055.0,vegetacion
2283,1320.0,1715.0,4920.0,3066.0,vegetacion
2284,1322.0,1722.0,4936.0,3082.0,vegetacion
2285,1325.0,1709.0,4960.0,3099.0,vegetacion
2286,1302.0,1703.0,5004.0,3112.0,vegetacion
2287,1331.0,1695.0,4948.0,3118.0,vegetacion
2288,1317.0,1695.0,5028.0,3119.0,vegetacion
2289,1352.0,1731.0,4960.0,3121.0,vegetacion
2290,1384.0,1753.0,4964.0,3130.0,vegetacion
2291,1343.0,1730.0,5104.0,3133.0,vegetacion
2292,1296.0,1672.0,4852.0,3046.0,vegetacion
2293,1310.0,1688.0,4936.0,3049.0,vegetacion
2294,1302.0,1698.0,4856.0,3054.0,vegetacion
2295,1317.0,1714.0,4864.0,3071.0,vegetacion
2296,1344.0,1716.0,4964.0,3097.0,vegetacion
2297,1320.0,1716.0,5104.0,3121.0,vegetacion
2298,1316.0,1716.0,5008.0,3131.0,vegetacion
2299,1332.0,1708.0,5048.0,3121.0,vegetacion
2300,1333.0,1708.0,5128.0,3105.0,vegetacion
2301,1279.0,1667.0,4848.0,3040.0,vegetacion
2302,1311.0,1674.0,4936.0,3056.0,vegetacion
2303,1332.0,1684.0,4952.0,3087.0,vegetacion
2304,1345.0,1705.0,4892.0,3120.0,vegetacion
2305,1336.0,1722.0,4976.0,3135.0,vegetacion
2306,1360.0,1717.0,4824.0,3470.0,vegetacion
2307,1422.0,1741.0,4556.0,3481.0,vegetacion
2308,1402.0,1723.0,4448.0,3475.0,vegetacion
2309,1365.0,1720.0,4560.0,3467.0,vegetacion
2310,1355.0,1710.0,4892.0,3501.0,vegetacion
2311,1369.0,1715.0,4940.0,3474.0,vegetacion
2312,1369.0,1744.0,4720.0,3500.0,vegetacion
2313,1395.0,1744.0,4556.0,3540.0,vegetacion
2314,1414.0,1762.0,4564.0,3553.0,vegetacion
2315,1426.0,1752.0,4500.0,3543.0,vegetacion
2316,1434.0,1756.0,4432.0,3525.0,vegetacion
2317,1390.0,1746.0,4368.0,3524.0,vegetacion
2318,1381.0,1727.0,4244.0,3559.0,vegetacion
2319,1389.0,1720.0,4100.0,3632.0,vegetacion
2320,1422.0,1745.0,4416.0,3605.0,vegetacion
2321,1390.0,1774.0,4564.0,3580.0,vegetacion
2322,1409.0,1758.0,4672.0,3569.0,vegetacion
2323,1390.0,1763.0,4388.0,3596.0,vegetacion
2324,1428.0,1772.0,4428.0,3626.0,vegetacion
2325,1460.0,1792.0,4676.0,3623.0,vegetacion
2326,1440.0,1812.0,4800.0,3595.0,vegetacion
2327,1416.0,1818.0,4916.0,3562.0,vegetacion
2328,1403.0,1790.0,4716.0,3545.0,vegetacion
2329,1435.0,1762.0,4248.0,3561.0,vegetacion
2330,1436.0,1736.0,3850.0,3620.0,vegetacion
2331,1455.0,1722.0,3734.0,3717.0,vegetacion
2332,1431.0,1753.0,4128.0,3651.0,vegetacion
2333,1444.0,1820.0,4412.0,3668.0,vegetacion
2334,1470.0,1804.0,4552.0,3683.0,vegetacion
2335,1423.0,1809.0,4508.0,3699.0,vegetacion
2336,1439.0,1764.0,4240.0,3719.0,vegetacion
2337,1467.0,1792.0,4324.0,3719.0,vegetacion
2338,1561.0,1866.0,4560.0,3675.0,vegetacion
2339,1466.0,1856.0,4836.0,3601.0,vegetacion
2340,1428.0,1814.0,5100.0,3521.0,vegetacion
2341,1432.0,1755.0,4528.0,3485.0,vegetacion
2342,1440.0,1744.0,3942.0,3530.0,vegetacion
2343,1411.0,1727.0,3934.0,3624.0,vegetacion
2344,1425.0,1723.0,3862.0,3718.0,vegetacion
2345,1434.0,1734.0,3928.0,3786.0,vegetacion
2346,1472.0,1775.0,3964.0,3682.0,vegetacion
2347,1473.0,1764.0,3934.0,3691.0,vegetacion
2348,1484.0,1802.0,4140.0,3722.0,vegetacion
2349,1469.0,1774.0,4344.0,3766.0,vegetacion
2350,1496.0,1855.0,4368.0,3803.0,vegetacion
2351,1476.0,1783.0,4232.0,3810.0,vegetacion
2352,1436.0,1767.0,4264.0,3773.0,vegetacion
2353,1538.0,1886.0,4336.0,3686.0,vegetacion
2354,1542.0,1866.0,4428.0,3560.0,vegetacion
2355,1464.0,1792.0,4464.0,3428.0,vegetacion
2356,1462.0,1766.0,4104.0,3382.0,vegetacion
2357,1459.0,1742.0,3978.0,3490.0,vegetacion
2358,1419.0,1720.0,4192.0,3646.0,vegetacion
2359,1394.0,1738.0,4090.0,3735.0,vegetacion
2360,1434.0,1728.0,3930.0,3770.0,vegetacion
2361,1492.0,1768.0,3972.0,3785.0,vegetacion
2362,1468.0,1788.0,4132.0,3703.0,vegetacion
2363,1524.0,1830.0,4052.0,3702.0,vegetacion
2364,1513.0,1824.0,4082.0,3718.0,vegetacion
2365,1516.0,1810.0,4046.0,3753.0,vegetacion
2366,1444.0,1794.0,4066.0,3798.0,vegetacion
2367,1546.0,1882.0,4172.0,3828.0,vegetacion
2368,1514.0,1882.0,4196.0,3817.0,vegetacion
2369,1469.0,1810.0,4236.0,3756.0,vegetacion
2370,1510.0,1826.0,4228.0,3644.0,vegetacion
2371,1516.0,1828.0,4200.0,3493.0,vegetacion
2372,1466.0,1774.0,3940.0,3338.0,vegetacion
2373,1414.0,1726.0,3798.0,3305.0,vegetacion
2374,1408.0,1662.0,3766.0,3477.0,vegetacion
2375,1448.0,1754.0,4010.0,3687.0,vegetacion
2376,1472.0,1792.0,4152.0,3763.0,vegetacion
2377,1448.0,1754.0,3964.0,3761.0,vegetacion
2378,1466.0,1736.0,3976.0,3767.0,vegetacion
2379,1443.0,1767.0,4472.0,3694.0,vegetacion
2380,1511.0,1770.0,4140.0,3709.0,vegetacion
2381,1490.0,1833.0,4264.0,3732.0,vegetacion
2382,1550.0,1860.0,4260.0,3763.0,vegetacion
2383,1565.0,1855.0,3944.0,3796.0,vegetacion
2384,1564.0,1890.0,3934.0,3811.0,vegetacion
2385,1552.0,1868.0,4088.0,3787.0,vegetacion
2386,1521.0,1840.0,4256.0,3720.0,vegetacion
2387,1489.0,1848.0,4244.0,3610.0,vegetacion
2388,1454.0,1786.0,4192.0,3471.0,vegetacion
2389,1385.0,1626.0,3504.0,3340.0,vegetacion
2390,1292.0,1508.0,3242.0,3332.0,vegetacion
2391,1417.0,1634.0,3658.0,3521.0,vegetacion
2392,1516.0,1830.0,3798.0,3730.0,vegetacion
2393,1506.0,1795.0,4062.0,3782.0,vegetacion
2394,1437.0,1766.0,4078.0,3757.0,vegetacion
2395,1436.0,1734.0,3902.0,3763.0,vegetacion
2396,1470.0,1766.0,3918.0,3771.0,vegetacion
2397,1434.0,1794.0,4716.0,3686.0,vegetacion
2398,1449.0,1745.0,4344.0,3715.0,vegetacion
2399,1378.0,1714.0,4332.0,3738.0,vegetacion
2400,1542.0,1871.0,4288.0,3761.0,vegetacion
2401,1516.0,1871.0,4060.0,3789.0,vegetacion
2402,1509.0,1816.0,3874.0,3801.0,vegetacion
2403,1550.0,1844.0,3844.0,3778.0,vegetacion
2404,1468.0,1812.0,4084.0,3721.0,vegetacion
2405,1449.0,1778.0,4164.0,3640.0,vegetacion
2406,1448.0,1741.0,3900.0,3552.0,vegetacion
2407,1387.0,1562.0,3120.0,3487.0,vegetacion
2408,1363.0,1556.0,2852.0,3504.0,vegetacion
2409,1480.0,1736.0,3668.0,3633.0,vegetacion
2410,1487.0,1794.0,3874.0,3760.0,vegetacion
2411,1472.0,1754.0,4060.0,3779.0,vegetacion
2412,1447.0,1752.0,4176.0,3756.0,vegetacion
2413,1442.0,1750.0,4082.0,3769.0,vegetacion
2414,1446.0,1774.0,4018.0,3785.0,vegetacion
2415,1438.0,1821.0,4772.0,3689.0,vegetacion
2416,1442.0,1788.0,4500.0,3723.0,vegetacion
2417,1447.0,1768.0,4328.0,3740.0,vegetacion
2418,1505.0,1820.0,4260.0,3755.0,vegetacion
2419,1479.0,1818.0,4184.0,3782.0,vegetacion
2420,1512.0,1834.0,4132.0,3800.0,vegetacion
2421,1503.0,1810.0,4002.0,3786.0,vegetacion
2422,1465.0,1777.0,4112.0,3750.0,vegetacion
2423,1469.0,1786.0,4030.0,3708.0,vegetacion
2424,1503.0,1782.0,3676.0,3679.0,vegetacion
2425,1510.0,1758.0,3430.0,3678.0,vegetacion
2426,1492.0,1792.0,3518.0,3703.0,vegetacion
2427,1470.0,1766.0,3764.0,3745.0,vegetacion
2428,1462.0,1741.0,3836.0,3772.0,vegetacion
2429,1474.0,1740.0,3880.0,3762.0,vegetacion
2430,1444.0,1759.0,3944.0,3755.0,vegetacion
2431,1462.0,1766.0,4072.0,3786.0,vegetacion
2432,1446.0,1780.0,4100.0,3817.0,vegetacion
2433,1413.0,1770.0,4740.0,3706.0,vegetacion
2434,1430.0,1797.0,4664.0,3734.0,vegetacion
2435,1451.0,1799.0,4356.0,3742.0,vegetacion
2436,1467.0,1790.0,4248.0,3749.0,vegetacion
2437,1474.0,1818.0,4144.0,3776.0,vegetacion
2438,1524.0,1868.0,4184.0,3800.0,vegetacion
2439,1538.0,1841.0,4024.0,3798.0,vegetacion
2440,1464.0,1807.0,4124.0,3783.0,vegetacion
2441,1482.0,1791.0,3918.0,3775.0,vegetacion
2442,1534.0,1807.0,3562.0,3779.0,vegetacion
2443,1535.0,1798.0,3358.0,3797.0,vegetacion
2444,1517.0,1773.0,3492.0,3808.0,vegetacion
2445,1524.0,1773.0,3596.0,3796.0,vegetacion
2446,1484.0,1744.0,3636.0,3770.0,vegetacion
2447,1468.0,1732.0,3698.0,3748.0,vegetacion
2448,1442.0,1759.0,3836.0,3757.0,vegetacion
2449,1466.0,1774.0,4050.0,3812.0,vegetacion
2450,1500.0,1780.0,4132.0,3870.0,vegetacion
2451,1379.0,1789.0,4732.0,3725.0,vegetacion
2452,1433.0,1817.0,4864.0,3738.0,vegetacion
2453,1489.0,1808.0,4484.0,3737.0,vegetacion
2454,1478.0,1802.0,4428.0,3742.0,vegetacion
2455,1456.0,1798.0,4356.0,3770.0,vegetacion
2456,1490.0,1804.0,4168.0,3797.0,vegetacion
2457,1544.0,1839.0,4200.0,3800.0,vegetacion
2458,1491.0,1800.0,4054.0,3799.0,vegetacion
2459,1501.0,1764.0,3844.0,3815.0,vegetacion
2460,1524.0,1792.0,3554.0,3838.0,vegetacion
2461,1544.0,1814.0,3426.0,3853.0,vegetacion
2462,1548.0,1791.0,3390.0,3847.0,vegetacion
2463,1547.0,1790.0,3368.0,3814.0,vegetacion
2464,1501.0,1758.0,3552.0,3774.0,vegetacion
2465,1451.0,1738.0,3620.0,3754.0,vegetacion
2466,1459.0,1760.0,3720.0,3777.0,vegetacion
2467,1465.0,1790.0,4052.0,3851.0,vegetacion
2468,1449.0,1781.0,4116.0,3927.0,vegetacion
2469,1430.0,1798.0,4728.0,3729.0,vegetacion
2470,1443.0,1822.0,4692.0,3725.0,vegetacion
2471,1445.0,1840.0,4668.0,3720.0,vegetacion
2472,1432.0,1831.0,4740.0,3731.0,vegetacion
2473,1429.0,1808.0,4548.0,3764.0,vegetacion
2474,1501.0,1800.0,4176.0,3791.0,vegetacion
2475,1514.0,1824.0,4044.0,3786.0,vegetacion
2476,1491.0,1808.0,4084.0,3783.0,vegetacion
2477,1499.0,1785.0,3930.0,3814.0,vegetacion
2478,1511.0,1788.0,3524.0,3857.0,vegetacion
2479,1508.0,1790.0,3308.0,3880.0,vegetacion
2480,1542.0,1814.0,3270.0,3875.0,vegetacion
2481,1560.0,1795.0,3298.0,3841.0,vegetacion
2482,1528.0,1784.0,3488.0,3805.0,vegetacion
2483,1474.0,1759.0,3618.0,3795.0,vegetacion
2484,1454.0,1728.0,3714.0,3827.0,vegetacion
2485,1444.0,1744.0,3898.0,3901.0,vegetacion
2486,1456.0,1784.0,3950.0,3969.0,vegetacion
2487,1443.0,1787.0,4704.0,3714.0,vegetacion
2488,1413.0,1791.0,4564.0,3699.0,vegetacion
2489,1409.0,1789.0,4632.0,3697.0,vegetacion
2490,1436.0,1810.0,4784.0,3717.0,vegetacion
2491,1442.0,1803.0,4584.0,3757.0,vegetacion
2492,1488.0,1785.0,4288.0,3783.0,vegetacion
2493,1471.0,1787.0,4066.0,3769.0,vegetacion
2494,1492.0,1814.0,4108.0,3755.0,vegetacion
2495,1510.0,1842.0,4054.0,3785.0,vegetacion
2496,1543.0,1816.0,3664.0,3839.0,vegetacion
2497,1536.0,1798.0,3282.0,3887.0,vegetacion
2498,1575.0,1808.0,3270.0,3909.0,vegetacion
2499,1590.0,1831.0,3376.0,3894.0,vegetacion
2500,1528.0,1814.0,3464.0,3870.0,vegetacion
2501,1469.0,1752.0,3676.0,3867.0,vegetacion
2502,1458.0,1734.0,3752.0,3894.0,vegetacion
2503,1448.0,1756.0,3780.0,3948.0,vegetacion
2504,1520.0,1814.0,4030.0,3988.0,vegetacion
2505,1429.0,1798.0,4804.0,3683.0,vegetacion
2506,1439.0,1773.0,4588.0,3671.0,vegetacion
2507,1434.0,1768.0,4572.0,3676.0,vegetacion
2508,1436.0,1790.0,4772.0,3705.0,vegetacion
2509,1459.0,1816.0,4656.0,3749.0,vegetacion
2510,1466.0,1790.0,4384.0,3777.0,vegetacion
2511,1449.0,1778.0,4096.0,3761.0,vegetacion
2512,1465.0,1764.0,4012.0,3736.0,vegetacion
2513,1484.0,1813.0,4100.0,3743.0,vegetacion
2514,1516.0,1800.0,3942.0,3792.0,vegetacion
2515,1562.0,1842.0,3554.0,3877.0,vegetacion
2516,1560.0,1834.0,3452.0,3950.0,vegetacion
2517,1568.0,1831.0,3476.0,3969.0,vegetacion
2518,1525.0,1796.0,3636.0,3959.0,vegetacion
2519,1460.0,1756.0,3676.0,3953.0,vegetacion
2520,1460.0,1747.0,3856.0,3959.0,vegetacion
2521,1484.0,1813.0,4156.0,3976.0,vegetacion
2522,1433.0,1777.0,4684.0,3659.0,vegetacion
2523,1410.0,1784.0,4652.0,3670.0,vegetacion
2524,1400.0,1792.0,4616.0,3699.0,vegetacion
2525,1418.0,1812.0,4604.0,3744.0,vegetacion
2526,1432.0,1775.0,4240.0,3773.0,vegetacion
2527,1436.0,1740.0,4030.0,3759.0,vegetacion
2528,1450.0,1742.0,3928.0,3724.0,vegetacion
2529,1455.0,1775.0,4088.0,3701.0,vegetacion
2530,1485.0,1804.0,4164.0,3733.0,vegetacion
2531,1522.0,1788.0,3834.0,3841.0,vegetacion
2532,1573.0,1821.0,3678.0,3956.0,vegetacion
2533,1553.0,1824.0,3796.0,4010.0,vegetacion
2534,1543.0,1854.0,4120.0,4018.0,vegetacion
2535,1539.0,1845.0,4104.0,4012.0,vegetacion
2536,1539.0,1858.0,4156.0,3999.0,vegetacion
2537,1530.0,1867.0,4488.0,3980.0,vegetacion
2538,1388.0,1792.0,4740.0,3683.0,vegetacion
2539,1392.0,1791.0,4512.0,3706.0,vegetacion
2540,1413.0,1780.0,4384.0,3745.0,vegetacion
2541,1485.0,1786.0,3996.0,3772.0,vegetacion
2542,1478.0,1775.0,3996.0,3759.0,vegetacion
2543,1478.0,1778.0,3922.0,3716.0,vegetacion
2544,1451.0,1780.0,4108.0,3672.0,vegetacion
2545,1456.0,1772.0,4412.0,3680.0,vegetacion
2546,1486.0,1804.0,4352.0,3775.0,vegetacion
2547,1566.0,1842.0,4044.0,3895.0,vegetacion
2548,1566.0,1881.0,4124.0,3968.0,vegetacion
2549,1535.0,1861.0,4284.0,3999.0,vegetacion
2550,1554.0,1870.0,4284.0,4008.0,vegetacion
2551,1522.0,1890.0,4380.0,3996.0,vegetacion
2552,1421.0,1798.0,4688.0,3706.0,vegetacion
2553,1438.0,1789.0,4432.0,3726.0,vegetacion
2554,1512.0,1804.0,4164.0,3759.0,vegetacion
2555,1473.0,1764.0,4022.0,3781.0,vegetacion
2556,1475.0,1798.0,4032.0,3766.0,vegetacion
2557,1522.0,1804.0,3938.0,3720.0,vegetacion
2558,1460.0,1791.0,4084.0,3662.0,vegetacion
2559,1378.0,1674.0,4296.0,3644.0,vegetacion
2560,1426.0,1735.0,4316.0,3703.0,vegetacion
2561,1534.0,1856.0,4148.0,3796.0,vegetacion
2562,1560.0,1882.0,4148.0,3872.0,vegetacion
2563,1532.0,1862.0,4256.0,3925.0,vegetacion
2564,1517.0,1852.0,4380.0,3959.0,vegetacion
2565,1508.0,1822.0,4128.0,3791.0,vegetacion
2566,1463.0,1784.0,4144.0,3805.0,vegetacion
2567,1492.0,1846.0,4120.0,3788.0,vegetacion
2568,1554.0,1866.0,3964.0,3741.0,vegetacion
2569,1469.0,1776.0,3954.0,3673.0,vegetacion
2570,1418.0,1746.0,4264.0,3629.0,vegetacion
2571,1436.0,1761.0,4472.0,3644.0,vegetacion
2572,1468.0,1822.0,4400.0,3700.0,vegetacion
2573,1506.0,1834.0,4332.0,3767.0,vegetacion
2574,1500.0,1845.0,4352.0,3833.0,vegetacion
2575,1508.0,1861.0,4292.0,3815.0,vegetacion
2576,1520.0,1842.0,4300.0,3755.0,vegetacion
2577,1520.0,1828.0,4260.0,3674.0,vegetacion
2578,1468.0,1804.0,4372.0,3609.0,vegetacion
2579,1442.0,1774.0,4676.0,3591.0,vegetacion
2580,1433.0,1799.0,4660.0,3618.0,vegetacion
2581,1251.0,1470.0,3254.0,2056.0,vegetacion
2582,1250.0,1438.0,3116.0,2038.0,vegetacion
2583,1219.0,1346.0,3038.0,2072.0,vegetacion
2584,1214.0,1399.0,3286.0,2156.0,vegetacion
2585,1180.0,1479.0,3578.0,2258.0,vegetacion
2586,1241.0,1512.0,3310.0,2206.0,vegetacion
2587,1306.0,1494.0,3150.0,2139.0,vegetacion
2588,1263.0,1409.0,3004.0,2082.0,vegetacion
2589,1185.0,1337.0,3010.0,2060.0,vegetacion
2590,1182.0,1307.0,3058.0,2086.0,vegetacion
2591,1224.0,1396.0,3366.0,2162.0,vegetacion
2592,1226.0,1502.0,3938.0,2244.0,vegetacion
2593,1233.0,1524.0,4050.0,2294.0,vegetacion
2594,1191.0,1560.0,3852.0,2279.0,vegetacion
2595,1202.0,1574.0,3790.0,2246.0,vegetacion
2596,1273.0,1545.0,3544.0,2215.0,vegetacion
2597,1316.0,1454.0,3398.0,2173.0,vegetacion
2598,1240.0,1407.0,3440.0,2131.0,vegetacion
2599,1205.0,1333.0,3380.0,2109.0,vegetacion
2600,1176.0,1300.0,3170.0,2126.0,vegetacion
2601,1204.0,1369.0,3422.0,2191.0,vegetacion
2602,1226.0,1462.0,3844.0,2264.0,vegetacion
2603,1237.0,1532.0,4184.0,2305.0,vegetacion
2604,1232.0,1558.0,4216.0,2314.0,vegetacion
2605,1212.0,1544.0,4052.0,2302.0,vegetacion
2606,1216.0,1553.0,4208.0,2297.0,vegetacion
2607,1177.0,1563.0,4304.0,2247.0,vegetacion
2608,1201.0,1517.0,3812.0,2217.0,vegetacion
2609,1250.0,1554.0,3944.0,2205.0,vegetacion
2610,1308.0,1511.0,3590.0,2206.0,vegetacion
2611,1268.0,1413.0,3730.0,2205.0,vegetacion
2612,1205.0,1399.0,3646.0,2197.0,vegetacion
2613,1194.0,1358.0,3476.0,2207.0,vegetacion
2614,1215.0,1369.0,3426.0,2254.0,vegetacion
2615,1210.0,1527.0,3786.0,2300.0,vegetacion
2616,1221.0,1620.0,4224.0,2304.0,vegetacion
2617,1226.0,1654.0,4376.0,2279.0,vegetacion
2618,1216.0,1563.0,4032.0,2250.0,vegetacion
2619,1220.0,1472.0,3610.0,2234.0,vegetacion
2620,1194.0,1554.0,3740.0,2310.0,vegetacion
2621,1220.0,1572.0,3938.0,2260.0,vegetacion
2622,1215.0,1581.0,4180.0,2210.0,vegetacion
2623,1202.0,1514.0,4176.0,2170.0,vegetacion
2624,1230.0,1523.0,4272.0,2164.0,vegetacion
2625,1286.0,1516.0,3846.0,2205.0,vegetacion
2626,1320.0,1484.0,3774.0,2254.0,vegetacion
2627,1254.0,1505.0,3836.0,2272.0,vegetacion
2628,1195.0,1459.0,3778.0,2284.0,vegetacion
2629,1207.0,1418.0,3344.0,2316.0,vegetacion
2630,1204.0,1513.0,3626.0,2326.0,vegetacion
2631,1208.0,1554.0,4072.0,2278.0,vegetacion
2632,1205.0,1570.0,4100.0,2213.0,vegetacion
2633,1237.0,1474.0,3596.0,2181.0,vegetacion
2634,1221.0,1387.0,3228.0,2192.0,vegetacion
2635,1244.0,1424.0,3290.0,2236.0,vegetacion
2636,1219.0,1508.0,3452.0,2282.0,vegetacion
2637,1223.0,1478.0,3532.0,2235.0,vegetacion
2638,1215.0,1511.0,3836.0,2178.0,vegetacion
2639,1201.0,1539.0,4248.0,2112.0,vegetacion
2640,1220.0,1510.0,4236.0,2089.0,vegetacion
2641,1251.0,1496.0,3988.0,2149.0,vegetacion
2642,1276.0,1500.0,4018.0,2234.0,vegetacion
2643,1268.0,1568.0,4168.0,2284.0,vegetacion
2644,1225.0,1563.0,3958.0,2313.0,vegetacion
2645,1198.0,1489.0,3618.0,2338.0,vegetacion
2646,1196.0,1483.0,3686.0,2318.0,vegetacion
2647,1234.0,1504.0,3996.0,2222.0,vegetacion
2648,1206.0,1492.0,3862.0,2126.0,vegetacion
2649,1216.0,1360.0,3188.0,2112.0,vegetacion
2650,1247.0,1416.0,3340.0,2164.0,vegetacion
2651,1235.0,1466.0,3460.0,2238.0,vegetacion
2652,1233.0,1560.0,3730.0,2326.0,vegetacion
2653,1225.0,1462.0,3380.0,2285.0,vegetacion
2654,1211.0,1462.0,4086.0,2228.0,vegetacion
2655,1182.0,1436.0,3952.0,2151.0,vegetacion
2656,1190.0,1374.0,3574.0,2060.0,vegetacion
2657,1210.0,1394.0,3618.0,2020.0,vegetacion
2658,1237.0,1422.0,3742.0,2080.0,vegetacion
2659,1243.0,1456.0,3890.0,2183.0,vegetacion
2660,1248.0,1544.0,4086.0,2258.0,vegetacion
2661,1239.0,1614.0,4160.0,2304.0,vegetacion
2662,1215.0,1566.0,3924.0,2323.0,vegetacion
2663,1254.0,1530.0,3820.0,2279.0,vegetacion
2664,1228.0,1562.0,4132.0,2154.0,vegetacion
2665,1185.0,1475.0,3706.0,2050.0,vegetacion
2666,1177.0,1268.0,2870.0,2066.0,vegetacion
2667,1221.0,1392.0,3194.0,2155.0,vegetacion
2668,1228.0,1414.0,3610.0,2245.0,vegetacion
2669,1241.0,1514.0,3974.0,2296.0,vegetacion
2670,1202.0,1492.0,3652.0,2361.0,vegetacion
2671,1192.0,1425.0,3448.0,2325.0,vegetacion
2672,1183.0,1483.0,4088.0,2239.0,vegetacion
2673,1196.0,1450.0,4108.0,2130.0,vegetacion
2674,1171.0,1317.0,3176.0,2033.0,vegetacion
2675,1164.0,1294.0,3038.0,1996.0,vegetacion
2676,1190.0,1350.0,3396.0,2050.0,vegetacion
2677,1206.0,1381.0,3546.0,2147.0,vegetacion
2678,1207.0,1440.0,3668.0,2229.0,vegetacion
2679,1209.0,1526.0,3920.0,2278.0,vegetacion
2680,1198.0,1520.0,3802.0,2282.0,vegetacion
2681,1232.0,1566.0,3984.0,2221.0,vegetacion
2682,1221.0,1580.0,4034.0,2100.0,vegetacion
2683,1202.0,1432.0,3498.0,2018.0,vegetacion
2684,1201.0,1334.0,3156.0,2060.0,vegetacion
2685,1208.0,1376.0,3088.0,2169.0,vegetacion
2686,1218.0,1404.0,3590.0,2260.0,vegetacion
2687,1235.0,1504.0,3946.0,2301.0,vegetacion
2688,1220.0,1568.0,4828.0,2392.0,vegetacion
2689,1206.0,1484.0,4628.0,2359.0,vegetacion
2690,1177.0,1498.0,4228.0,2250.0,vegetacion
2691,1231.0,1501.0,4124.0,2121.0,vegetacion
2692,1188.0,1382.0,3460.0,2037.0,vegetacion
2693,1155.0,1326.0,3030.0,2017.0,vegetacion
2694,1177.0,1344.0,3136.0,2061.0,vegetacion
2695,1212.0,1362.0,3546.0,2136.0,vegetacion
2696,1195.0,1457.0,3564.0,2203.0,vegetacion
2697,1196.0,1522.0,3840.0,2240.0,vegetacion
2698,1188.0,1522.0,3988.0,2230.0,vegetacion
2699,1195.0,1533.0,4152.0,2173.0,vegetacion
2700,1207.0,1486.0,3876.0,2087.0,vegetacion
2701,1167.0,1304.0,2820.0,2044.0,vegetacion
2702,1218.0,1345.0,3022.0,2101.0,vegetacion
2703,1226.0,1467.0,3330.0,2203.0,vegetacion
2704,1228.0,1471.0,3752.0,2279.0,vegetacion
2705,1241.0,1506.0,4008.0,2303.0,vegetacion
2706,1183.0,1558.0,5208.0,2382.0,vegetacion
2707,1201.0,1508.0,5432.0,2349.0,vegetacion
2708,1188.0,1498.0,4528.0,2244.0,vegetacion
2709,1247.0,1494.0,3990.0,2129.0,vegetacion
2710,1233.0,1429.0,3632.0,2070.0,vegetacion
2711,1161.0,1373.0,3176.0,2067.0,vegetacion
2712,1184.0,1346.0,3066.0,2103.0,vegetacion
2713,1222.0,1403.0,3480.0,2149.0,vegetacion
2714,1220.0,1519.0,3766.0,2181.0,vegetacion
2715,1197.0,1485.0,3964.0,2194.0,vegetacion
2716,1198.0,1548.0,4200.0,2187.0,vegetacion
2717,1218.0,1503.0,4252.0,2163.0,vegetacion
2718,1174.0,1456.0,3952.0,2132.0,vegetacion
2719,1113.0,1260.0,2744.0,2128.0,vegetacion
2720,1178.0,1288.0,2896.0,2178.0,vegetacion
2721,1221.0,1478.0,3710.0,2248.0,vegetacion
2722,1222.0,1492.0,3824.0,2295.0,vegetacion
2723,1240.0,1468.0,3800.0,2300.0,vegetacion
2724,1182.0,1464.0,3878.0,2347.0,vegetacion
2725,1220.0,1556.0,5272.0,2319.0,vegetacion
2726,1173.0,1450.0,4054.0,2239.0,vegetacion
2727,1193.0,1327.0,3330.0,2156.0,vegetacion
2728,1246.0,1395.0,3586.0,2119.0,vegetacion
2729,1230.0,1452.0,3756.0,2123.0,vegetacion
2730,1290.0,1438.0,3562.0,2149.0,vegetacion
2731,1257.0,1408.0,3430.0,2171.0,vegetacion
2732,1241.0,1464.0,3840.0,2171.0,vegetacion
2733,1179.0,1492.0,3808.0,2168.0,vegetacion
2734,1198.0,1429.0,3740.0,2183.0,vegetacion
2735,1239.0,1506.0,3908.0,2203.0,vegetacion
2736,1202.0,1498.0,3924.0,2214.0,vegetacion
2737,1131.0,1393.0,3584.0,2225.0,vegetacion
2738,1148.0,1402.0,3802.0,2245.0,vegetacion
2739,1183.0,1524.0,4596.0,2271.0,vegetacion
2740,1212.0,1536.0,3980.0,2295.0,vegetacion
2741,1256.0,1461.0,3642.0,2298.0,vegetacion
2742,1254.0,1508.0,4008.0,2314.0,vegetacion
2743,1241.0,1588.0,4616.0,2301.0,vegetacion
2744,1186.0,1444.0,3632.0,2254.0,vegetacion
2745,1151.0,1291.0,3000.0,2199.0,vegetacion
2746,1210.0,1388.0,3534.0,2166.0,vegetacion
2747,1263.0,1475.0,3916.0,2161.0,vegetacion
2748,1302.0,1447.0,3840.0,2178.0,vegetacion
2749,1247.0,1415.0,3584.0,2190.0,vegetacion
2750,1226.0,1442.0,3820.0,2181.0,vegetacion
2751,1168.0,1421.0,3540.0,2184.0,vegetacion
2752,1183.0,1393.0,3590.0,2231.0,vegetacion
2753,1175.0,1486.0,3876.0,2285.0,vegetacion
2754,1225.0,1479.0,3846.0,2303.0,vegetacion
2755,1185.0,1514.0,4078.0,2289.0,vegetacion
2756,1211.0,1496.0,4196.0,2261.0,vegetacion
2757,1211.0,1528.0,4240.0,2250.0,vegetacion
2758,1207.0,1508.0,3814.0,2275.0,vegetacion
2759,1231.0,1476.0,3668.0,2306.0,vegetacion
2760,1297.0,1579.0,4096.0,2310.0,vegetacion
2761,1215.0,1576.0,4420.0,2306.0,vegetacion
2762,1214.0,1493.0,3822.0,2282.0,vegetacion
2763,1200.0,1468.0,3410.0,2243.0,vegetacion
2764,1223.0,1490.0,3646.0,2200.0,vegetacion
2765,1259.0,1472.0,3642.0,2177.0,vegetacion
2766,1272.0,1411.0,3750.0,2188.0,vegetacion
2767,1256.0,1450.0,3744.0,2205.0,vegetacion
2768,1241.0,1495.0,3910.0,2204.0,vegetacion
2769,1214.0,1464.0,3718.0,2222.0,vegetacion
2770,1192.0,1432.0,4240.0,2290.0,vegetacion
2771,1148.0,1448.0,4240.0,2353.0,vegetacion
2772,1238.0,1520.0,4488.0,2356.0,vegetacion
2773,1216.0,1555.0,4216.0,2312.0,vegetacion
2774,1238.0,1474.0,3710.0,2257.0,vegetacion
2775,1216.0,1421.0,3576.0,2235.0,vegetacion
2776,1183.0,1406.0,3372.0,2274.0,vegetacion
2777,1206.0,1570.0,4384.0,2330.0,vegetacion
2778,1229.0,1550.0,3934.0,2311.0,vegetacion
2779,1277.0,1488.0,3636.0,2275.0,vegetacion
2780,1299.0,1672.0,3710.0,2218.0,vegetacion
2781,1270.0,1465.0,3482.0,2179.0,vegetacion
2782,1268.0,1424.0,3664.0,2188.0,vegetacion
2783,1257.0,1483.0,3830.0,2216.0,vegetacion
2784,1271.0,1509.0,3986.0,2229.0,vegetacion
2785,1284.0,1590.0,4064.0,2252.0,vegetacion
2786,1214.0,1540.0,4364.0,2309.0,vegetacion
2787,1193.0,1456.0,4244.0,2354.0,vegetacion
2788,1221.0,1544.0,4712.0,2342.0,vegetacion
2789,1227.0,1544.0,4016.0,2300.0,vegetacion
2790,1233.0,1484.0,3678.0,2268.0,vegetacion
2791,1231.0,1411.0,3502.0,2272.0,vegetacion
2792,1211.0,1435.0,3462.0,2323.0,vegetacion
2793,1205.0,1561.0,4100.0,2347.0,vegetacion
2794,1237.0,1570.0,3976.0,2328.0,vegetacion
2795,1240.0,1488.0,3610.0,2299.0,vegetacion
2796,1265.0,1624.0,3666.0,2244.0,vegetacion
2797,1271.0,1406.0,3428.0,2199.0,vegetacion
2798,1257.0,1436.0,3542.0,2196.0,vegetacion
2799,1241.0,1497.0,3802.0,2215.0,vegetacion
2800,1241.0,1476.0,3862.0,2230.0,vegetacion
2801,1245.0,1603.0,3776.0,2250.0,vegetacion
2802,1204.0,1539.0,4020.0,2286.0,vegetacion
2803,1197.0,1502.0,4416.0,2309.0,vegetacion
2804,1194.0,1462.0,3974.0,2295.0,vegetacion
2805,1210.0,1447.0,3580.0,2272.0,vegetacion
2806,1222.0,1572.0,3780.0,2277.0,vegetacion
2807,1236.0,1470.0,3632.0,2313.0,vegetacion
2808,1231.0,1488.0,3706.0,2326.0,vegetacion
2809,1204.0,1496.0,3602.0,2322.0,vegetacion
2810,1205.0,1564.0,3856.0,2296.0,vegetacion
2811,1217.0,1448.0,3490.0,2259.0,vegetacion
2812,1242.0,1392.0,3308.0,2223.0,vegetacion
2813,1217.0,1434.0,3534.0,2198.0,vegetacion
2814,1200.0,1472.0,3830.0,2192.0,vegetacion
2815,1205.0,1541.0,3912.0,2205.0,vegetacion
2816,1184.0,1467.0,3796.0,2234.0,vegetacion
2817,1210.0,1564.0,4760.0,2256.0,vegetacion
2818,1218.0,1609.0,4808.0,2253.0,vegetacion
2819,1200.0,1437.0,3780.0,2246.0,vegetacion
2820,1204.0,1526.0,3764.0,2261.0,vegetacion
2821,1204.0,1470.0,3720.0,2302.0,vegetacion
2822,1231.0,1546.0,3788.0,2338.0,vegetacion
2823,1216.0,1574.0,4288.0,2343.0,vegetacion
2824,1213.0,1546.0,4388.0,2316.0,vegetacion
2825,1239.0,1436.0,3524.0,2249.0,vegetacion
2826,1219.0,1450.0,3640.0,2181.0,vegetacion
2827,1216.0,1486.0,3792.0,2150.0,vegetacion
2828,1206.0,1499.0,3986.0,2160.0,vegetacion
2829,1178.0,1421.0,3462.0,2198.0,vegetacion
2830,1192.0,1424.0,3930.0,2232.0,vegetacion
2831,1184.0,1549.0,4528.0,2236.0,vegetacion
2832,1184.0,1452.0,3620.0,2225.0,vegetacion
2833,1197.0,1448.0,3586.0,2223.0,vegetacion
2834,1237.0,1604.0,4844.0,2329.0,vegetacion
2835,1230.0,1506.0,3834.0,2257.0,vegetacion
2836,1201.0,1530.0,3844.0,2181.0,vegetacion
2837,1219.0,1453.0,3722.0,2145.0,vegetacion
2838,1230.0,1443.0,3690.0,2160.0,vegetacion
2839,1212.0,1417.0,3508.0,2214.0,vegetacion
2840,1186.0,1433.0,3656.0,2257.0,vegetacion
2841,1176.0,1508.0,4324.0,2249.0,vegetacion
2842,1179.0,1376.0,3322.0,2180.0,vegetacion
2843,1207.0,1396.0,3332.0,2196.0,vegetacion
2844,1236.0,1566.0,4677.0,2558.0,vegetacion
2845,1249.0,1566.0,4244.0,2565.0,vegetacion
2846,1236.0,1529.0,4453.0,2570.0,vegetacion
2847,1257.0,1532.0,4520.0,2575.0,vegetacion
2848,1243.0,1542.0,4603.0,2554.0,vegetacion
2849,1244.0,1548.0,4251.0,2551.0,vegetacion
2850,1235.0,1564.0,4098.0,2559.0,vegetacion
2851,1247.0,1538.0,4476.0,2567.0,vegetacion
2852,1249.0,1542.0,4727.0,2574.0,vegetacion
2853,1232.0,1544.0,4562.0,2582.0,vegetacion
2854,1227.0,1548.0,5005.0,2590.0,vegetacion
2855,1234.0,1538.0,4397.0,2577.0,vegetacion
2856,1242.0,1544.0,4067.0,2571.0,vegetacion
2857,1237.0,1529.0,4029.0,2571.0,vegetacion
2858,1229.0,1518.0,4389.0,2575.0,vegetacion
2859,1235.0,1534.0,4897.0,2580.0,vegetacion
2860,1252.0,1532.0,4760.0,2584.0,vegetacion
2861,1228.0,1538.0,4483.0,2583.0,vegetacion
2862,1250.0,1558.0,4864.0,2626.0,vegetacion
2863,1260.0,1544.0,4584.0,2631.0,vegetacion
2864,1237.0,1549.0,4255.0,2622.0,vegetacion
2865,1232.0,1549.0,4144.0,2606.0,vegetacion
2866,1230.0,1538.0,4432.0,2594.0,vegetacion
2867,1245.0,1520.0,4796.0,2586.0,vegetacion
2868,1251.0,1522.0,4949.0,2581.0,vegetacion
2869,1234.0,1557.0,4844.0,2576.0,vegetacion
2870,1242.0,1561.0,4560.0,2661.0,vegetacion
2871,1244.0,1552.0,4728.0,2687.0,vegetacion
2872,1279.0,1568.0,4561.0,2678.0,vegetacion
2873,1244.0,1561.0,4445.0,2648.0,vegetacion
2874,1242.0,1560.0,4417.0,2617.0,vegetacion
2875,1248.0,1541.0,4644.0,2593.0,vegetacion
2876,1254.0,1528.0,4980.0,2579.0,vegetacion
2877,1235.0,1546.0,5048.0,2571.0,vegetacion
2878,1302.0,1566.0,4560.0,2674.0,vegetacion
2879,1278.0,1549.0,4561.0,2716.0,vegetacion
2880,1325.0,1608.0,4300.0,2713.0,vegetacion
2881,1247.0,1568.0,4501.0,2680.0,vegetacion
2882,1219.0,1550.0,4560.0,2638.0,vegetacion
2883,1236.0,1544.0,4564.0,2603.0,vegetacion
2884,1236.0,1529.0,4827.0,2584.0,vegetacion
2885,1203.0,1522.0,4993.0,2574.0,vegetacion
2886,1270.0,1550.0,4558.0,2664.0,vegetacion
2887,1294.0,1556.0,4440.0,2710.0,vegetacion
2888,1304.0,1602.0,3996.0,2719.0,vegetacion
2889,1264.0,1561.0,4379.0,2696.0,vegetacion
2890,1266.0,1545.0,4737.0,2655.0,vegetacion
2891,1248.0,1570.0,4676.0,2617.0,vegetacion
2892,1232.0,1561.0,4708.0,2596.0,vegetacion
2893,1266.0,1581.0,4522.0,2671.0,vegetacion
2894,1312.0,1599.0,4072.0,2695.0,vegetacion
2895,1277.0,1580.0,4210.0,2696.0,vegetacion
2896,1258.0,1552.0,4620.0,2668.0,vegetacion
2897,1240.0,1558.0,4764.0,2633.0,vegetacion
2898,1374.0,1708.0,4300.0,3190.0,vegetacion
2899,1398.0,1708.0,4112.0,3181.0,vegetacion
2900,1341.0,1706.0,4172.0,3177.0,vegetacion
2901,1358.0,1702.0,4265.0,3193.0,vegetacion
2902,1362.0,1709.0,4303.0,3132.0,vegetacion
2903,1378.0,1703.0,4436.0,3139.0,vegetacion
2904,1369.0,1695.0,4480.0,3148.0,vegetacion
2905,1358.0,1705.0,4440.0,3151.0,vegetacion
2906,1394.0,1714.0,4308.0,3143.0,vegetacion
2907,1382.0,1714.0,4428.0,3139.0,vegetacion
2908,1386.0,1709.0,4425.0,3153.0,vegetacion
2909,1382.0,1716.0,4460.0,3178.0,vegetacion
2910,1390.0,1703.0,4144.0,3200.0,vegetacion
2911,1367.0,1681.0,4443.0,3094.0,vegetacion
2912,1384.0,1712.0,4395.0,3100.0,vegetacion
2913,1366.0,1694.0,4448.0,3102.0,vegetacion
2914,1359.0,1679.0,4528.0,3108.0,vegetacion
2915,1372.0,1677.0,4460.0,3112.0,vegetacion
2916,1351.0,1679.0,4400.0,3109.0,vegetacion
2917,1366.0,1702.0,4456.0,3108.0,vegetacion
2918,1384.0,1703.0,4633.0,3117.0,vegetacion
2919,1366.0,1686.0,4697.0,3134.0,vegetacion
2920,1390.0,1705.0,4384.0,3152.0,vegetacion
2921,1394.0,1726.0,4228.0,3151.0,vegetacion
2922,1383.0,1702.0,4364.0,3119.0,vegetacion
2923,1329.0,1680.0,4637.0,3055.0,vegetacion
2924,1368.0,1687.0,4463.0,3069.0,vegetacion
2925,1363.0,1678.0,4395.0,3072.0,vegetacion
2926,1352.0,1684.0,4440.0,3073.0,vegetacion
2927,1363.0,1672.0,4564.0,3080.0,vegetacion
2928,1366.0,1654.0,4607.0,3086.0,vegetacion
2929,1338.0,1667.0,4467.0,3085.0,vegetacion
2930,1344.0,1688.0,4396.0,3081.0,vegetacion
2931,1358.0,1694.0,4628.0,3084.0,vegetacion
2932,1348.0,1686.0,4900.0,3091.0,vegetacion
2933,1355.0,1705.0,4800.0,3098.0,vegetacion
2934,1390.0,1726.0,4588.0,3095.0,vegetacion
2935,1371.0,1709.0,4608.0,3080.0,vegetacion
2936,1343.0,1728.0,4896.0,3079.0,vegetacion
2937,1326.0,1683.0,4385.0,3031.0,vegetacion
2938,1339.0,1690.0,4521.0,3043.0,vegetacion
2939,1360.0,1672.0,4352.0,3048.0,vegetacion
2940,1348.0,1662.0,4440.0,3047.0,vegetacion
2941,1366.0,1682.0,4521.0,3049.0,vegetacion
2942,1338.0,1668.0,4512.0,3062.0,vegetacion
2943,1336.0,1651.0,4541.0,3075.0,vegetacion
2944,1354.0,1672.0,4505.0,3075.0,vegetacion
2945,1362.0,1693.0,4476.0,3068.0,vegetacion
2946,1362.0,1704.0,4516.0,3061.0,vegetacion
2947,1335.0,1696.0,4728.0,3056.0,vegetacion
2948,1330.0,1706.0,4728.0,3055.0,vegetacion
2949,1371.0,1700.0,4640.0,3052.0,vegetacion
2950,1350.0,1722.0,4848.0,3047.0,vegetacion
2951,1340.0,1722.0,4956.0,3060.0,vegetacion
2952,1326.0,1688.0,3999.0,3048.0,vegetacion
2953,1319.0,1702.0,4244.0,3042.0,vegetacion
2954,1342.0,1692.0,4050.0,3034.0,vegetacion
2955,1362.0,1680.0,4323.0,3026.0,vegetacion
2956,1344.0,1672.0,4588.0,3030.0,vegetacion
2957,1325.0,1673.0,4548.0,3053.0,vegetacion
2958,1324.0,1662.0,4536.0,3079.0,vegetacion
2959,1335.0,1681.0,4588.0,3089.0,vegetacion
2960,1362.0,1708.0,4624.0,3080.0,vegetacion
2961,1356.0,1686.0,4632.0,3056.0,vegetacion
2962,1326.0,1668.0,4792.0,3037.0,vegetacion
2963,1350.0,1690.0,4595.0,3038.0,vegetacion
2964,1357.0,1690.0,4652.0,3048.0,vegetacion
2965,1348.0,1724.0,4820.0,3053.0,vegetacion
2966,1344.0,1698.0,4780.0,3071.0,vegetacion
2967,1355.0,1680.0,4600.0,3115.0,vegetacion
2968,1352.0,1713.0,3928.0,3030.0,vegetacion
2969,1351.0,1700.0,3940.0,3021.0,vegetacion
2970,1348.0,1675.0,4369.0,3026.0,vegetacion
2971,1349.0,1681.0,4276.0,3032.0,vegetacion
2972,1350.0,1684.0,4485.0,3030.0,vegetacion
2973,1346.0,1674.0,4781.0,3039.0,vegetacion
2974,1337.0,1686.0,4616.0,3075.0,vegetacion
2975,1342.0,1670.0,4585.0,3118.0,vegetacion
2976,1354.0,1692.0,4557.0,3143.0,vegetacion
2977,1362.0,1712.0,4540.0,3131.0,vegetacion
2978,1367.0,1686.0,4672.0,3080.0,vegetacion
2979,1352.0,1678.0,4620.0,3038.0,vegetacion
2980,1338.0,1672.0,4616.0,3045.0,vegetacion
2981,1328.0,1691.0,4828.0,3072.0,vegetacion
2982,1339.0,1683.0,4640.0,3084.0,vegetacion
2983,1345.0,1665.0,4660.0,3095.0,vegetacion
2984,1348.0,1656.0,4412.0,3124.0,vegetacion
2985,1352.0,1700.0,3806.0,2869.0,vegetacion
2986,1346.0,1696.0,3950.0,2898.0,vegetacion
2987,1322.0,1680.0,4499.0,2975.0,vegetacion
2988,1348.0,1670.0,4587.0,3051.0,vegetacion
2989,1359.0,1698.0,4736.0,3083.0,vegetacion
2990,1362.0,1686.0,4868.0,3104.0,vegetacion
2991,1324.0,1703.0,4768.0,3150.0,vegetacion
2992,1341.0,1706.0,4705.0,3207.0,vegetacion
2993,1360.0,1726.0,4456.0,3244.0,vegetacion
2994,1371.0,1718.0,4307.0,3226.0,vegetacion
2995,1340.0,1704.0,4556.0,3139.0,vegetacion
2996,1325.0,1682.0,4495.0,3062.0,vegetacion
2997,1338.0,1666.0,4827.0,3068.0,vegetacion
2998,1333.0,1713.0,4880.0,3106.0,vegetacion
2999,1356.0,1711.0,4416.0,3116.0,vegetacion
3000,1380.0,1656.0,4180.0,3112.0,vegetacion
3001,1351.0,1662.0,4256.0,3118.0,vegetacion
3002,1326.0,1646.0,4508.0,3122.0,vegetacion
3003,1365.0,1740.0,3830.0,2682.0,vegetacion
3004,1336.0,1756.0,4140.0,2752.0,vegetacion
3005,1346.0,1746.0,4668.0,2928.0,vegetacion
3006,1359.0,1724.0,4612.0,3109.0,vegetacion
3007,1339.0,1692.0,4564.0,3202.0,vegetacion
3008,1329.0,1680.0,4501.0,3243.0,vegetacion
3009,1332.0,1678.0,4505.0,3286.0,vegetacion
3010,1357.0,1730.0,4505.0,3333.0,vegetacion
3011,1444.0,1766.0,4076.0,3364.0,vegetacion
3012,1442.0,1736.0,4124.0,3333.0,vegetacion
3013,1366.0,1718.0,4496.0,3217.0,vegetacion
3014,1340.0,1693.0,4484.0,3110.0,vegetacion
3015,1340.0,1680.0,4748.0,3101.0,vegetacion
3016,1356.0,1719.0,4672.0,3134.0,vegetacion
3017,1399.0,1724.0,4188.0,3137.0,vegetacion
3018,1382.0,1674.0,4156.0,3119.0,vegetacion
3019,1341.0,1658.0,4413.0,3103.0,vegetacion
3020,1320.0,1641.0,4532.0,3090.0,vegetacion
3021,1321.0,1608.0,3049.0,2612.0,vegetacion
3022,1306.0,1618.0,3328.0,2684.0,vegetacion
3023,1328.0,1677.0,3780.0,2935.0,vegetacion
3024,1369.0,1750.0,4140.0,3217.0,vegetacion
3025,1380.0,1747.0,4360.0,3381.0,vegetacion
3026,1368.0,1722.0,4251.0,3447.0,vegetacion
3027,1374.0,1682.0,4177.0,3468.0,vegetacion
3028,1399.0,1728.0,4065.0,3473.0,vegetacion
3029,1495.0,1772.0,3730.0,3470.0,vegetacion
3030,1482.0,1796.0,3832.0,3419.0,vegetacion
3031,1376.0,1720.0,4296.0,3294.0,vegetacion
3032,1357.0,1698.0,4275.0,3174.0,vegetacion
3033,1341.0,1686.0,4634.0,3138.0,vegetacion
3034,1356.0,1713.0,4432.0,3145.0,vegetacion
3035,1371.0,1728.0,4225.0,3142.0,vegetacion
3036,1348.0,1674.0,4393.0,3122.0,vegetacion
3037,1347.0,1665.0,4476.0,3093.0,vegetacion
3038,1337.0,1670.0,4500.0,3066.0,vegetacion
3039,1300.0,1554.0,2686.0,2740.0,vegetacion
3040,1301.0,1538.0,2714.0,2787.0,vegetacion
3041,1335.0,1588.0,2899.0,3033.0,vegetacion
3042,1415.0,1706.0,3483.0,3332.0,vegetacion
3043,1506.0,1790.0,3792.0,3528.0,vegetacion
3044,1513.0,1797.0,3678.0,3613.0,vegetacion
3045,1471.0,1761.0,3799.0,3617.0,vegetacion
3046,1434.0,1750.0,3813.0,3585.0,vegetacion
3047,1465.0,1746.0,3823.0,3548.0,vegetacion
3048,1468.0,1749.0,3646.0,3479.0,vegetacion
3049,1474.0,1734.0,3587.0,3353.0,vegetacion
3050,1390.0,1752.0,4065.0,3228.0,vegetacion
3051,1336.0,1680.0,4815.0,3162.0,vegetacion
3052,1366.0,1698.0,4208.0,3141.0,vegetacion
3053,1355.0,1711.0,4236.0,3137.0,vegetacion
3054,1351.0,1724.0,4574.0,3128.0,vegetacion
3055,1374.0,1684.0,4498.0,3100.0,vegetacion
3056,1363.0,1690.0,4372.0,3066.0,vegetacion
3057,1378.0,1630.0,3188.0,3073.0,vegetacion
3058,1368.0,1622.0,3106.0,3090.0,vegetacion
3059,1392.0,1640.0,3119.0,3224.0,vegetacion
3060,1436.0,1706.0,3416.0,3410.0,vegetacion
3061,1512.0,1795.0,3571.0,3561.0,vegetacion
3062,1535.0,1842.0,3508.0,3648.0,vegetacion
3063,1536.0,1832.0,3485.0,3663.0,vegetacion
3064,1522.0,1814.0,3530.0,3636.0,vegetacion
3065,1491.0,1770.0,3771.0,3593.0,vegetacion
3066,1475.0,1750.0,3614.0,3515.0,vegetacion
3067,1583.0,1807.0,3295.0,3384.0,vegetacion
3068,1428.0,1790.0,4073.0,3250.0,vegetacion
3069,1358.0,1684.0,4824.0,3162.0,vegetacion
3070,1354.0,1706.0,4211.0,3127.0,vegetacion
3071,1370.0,1689.0,4320.0,3131.0,vegetacion
3072,1360.0,1722.0,4400.0,3141.0,vegetacion
3073,1347.0,1686.0,4409.0,3128.0,vegetacion
3074,1374.0,1678.0,4348.0,3101.0,vegetacion
3075,1487.0,1784.0,3539.0,3382.0,vegetacion
3076,1484.0,1784.0,3544.0,3384.0,vegetacion
3077,1471.0,1766.0,3590.0,3398.0,vegetacion
3078,1464.0,1772.0,3608.0,3444.0,vegetacion
3079,1513.0,1828.0,3570.0,3526.0,vegetacion
3080,1536.0,1862.0,3626.0,3604.0,vegetacion
3081,1512.0,1824.0,3558.0,3638.0,vegetacion
3082,1542.0,1856.0,3558.0,3636.0,vegetacion
3083,1495.0,1832.0,3941.0,3609.0,vegetacion
3084,1434.0,1780.0,3934.0,3536.0,vegetacion
3085,1500.0,1808.0,3602.0,3404.0,vegetacion
3086,1438.0,1762.0,4144.0,3260.0,vegetacion
3087,1361.0,1692.0,4720.0,3158.0,vegetacion
3088,1336.0,1674.0,4369.0,3111.0,vegetacion
3089,1378.0,1676.0,4190.0,3118.0,vegetacion
3090,1363.0,1692.0,4216.0,3145.0,vegetacion
3091,1350.0,1686.0,4320.0,3160.0,vegetacion
3092,1494.0,1818.0,3640.0,3470.0,vegetacion
3093,1483.0,1804.0,3691.0,3448.0,vegetacion
3094,1454.0,1776.0,3644.0,3439.0,vegetacion
3095,1487.0,1802.0,3665.0,3485.0,vegetacion
3096,1482.0,1816.0,3756.0,3550.0,vegetacion
3097,1512.0,1788.0,3786.0,3589.0,vegetacion
3098,1588.0,1870.0,3708.0,3604.0,vegetacion
3099,1548.0,1876.0,3938.0,3598.0,vegetacion
3100,1481.0,1857.0,3990.0,3546.0,vegetacion
3101,1476.0,1807.0,3812.0,3426.0,vegetacion
3102,1385.0,1713.0,4336.0,3282.0,vegetacion
3103,1336.0,1686.0,4755.0,3167.0,vegetacion
3104,1382.0,1673.0,4416.0,3102.0,vegetacion
3105,1375.0,1662.0,4177.0,3093.0,vegetacion
3106,1376.0,1686.0,4221.0,3125.0,vegetacion
3107,1370.0,1676.0,4332.0,3178.0,vegetacion
3108,1443.0,1772.0,3674.0,3419.0,vegetacion
3109,1457.0,1766.0,3664.0,3408.0,vegetacion
3110,1422.0,1739.0,3674.0,3400.0,vegetacion
3111,1454.0,1776.0,3744.0,3434.0,vegetacion
3112,1486.0,1802.0,3776.0,3484.0,vegetacion
3113,1520.0,1822.0,3756.0,3518.0,vegetacion
3114,1580.0,1922.0,3688.0,3538.0,vegetacion
3115,1501.0,1884.0,4031.0,3547.0,vegetacion
3116,1504.0,1912.0,4204.0,3516.0,vegetacion
3117,1518.0,1876.0,4076.0,3424.0,vegetacion
3118,1416.0,1778.0,4320.0,3301.0,vegetacion
3119,1356.0,1688.0,4696.0,3187.0,vegetacion
3120,1390.0,1678.0,4343.0,3107.0,vegetacion
3121,1370.0,1656.0,4152.0,3078.0,vegetacion
3122,1375.0,1681.0,4308.0,3104.0,vegetacion
3123,1452.0,1764.0,3665.0,3344.0,vegetacion
3124,1446.0,1766.0,3746.0,3340.0,vegetacion
3125,1423.0,1764.0,3774.0,3362.0,vegetacion
3126,1432.0,1764.0,3730.0,3395.0,vegetacion
3127,1478.0,1788.0,3741.0,3423.0,vegetacion
3128,1486.0,1841.0,3874.0,3441.0,vegetacion
3129,1460.0,1834.0,4024.0,3446.0,vegetacion
3130,1482.0,1864.0,4164.0,3429.0,vegetacion
3131,1505.0,1911.0,4211.0,3381.0,vegetacion
3132,1503.0,1883.0,4231.0,3306.0,vegetacion
3133,1352.0,1736.0,4780.0,3214.0,vegetacion
3134,1328.0,1692.0,4431.0,3132.0,vegetacion
3135,1341.0,1673.0,4227.0,3091.0,vegetacion
3136,1466.0,1766.0,3778.0,3293.0,vegetacion
3137,1439.0,1734.0,3742.0,3301.0,vegetacion
3138,1414.0,1700.0,3658.0,3317.0,vegetacion
3139,1462.0,1750.0,3780.0,3333.0,vegetacion
3140,1415.0,1802.0,3966.0,3342.0,vegetacion
3141,1432.0,1787.0,4072.0,3343.0,vegetacion
3142,1425.0,1776.0,4240.0,3344.0,vegetacion
3143,1413.0,1834.0,4185.0,3350.0,vegetacion
3144,1491.0,1898.0,4248.0,3331.0,vegetacion
3145,1396.0,1769.0,4540.0,3264.0,vegetacion
3146,1332.0,1701.0,4537.0,3183.0,vegetacion
3147,1408.0,1711.0,3696.0,3280.0,vegetacion
3148,1400.0,1733.0,3765.0,3273.0,vegetacion
3149,1394.0,1722.0,3886.0,3268.0,vegetacion
3150,1416.0,1761.0,4078.0,3279.0,vegetacion
3151,1428.0,1756.0,4180.0,3315.0,vegetacion
3152,1413.0,1772.0,4074.0,3375.0,vegetacion
3153,1482.0,1896.0,4112.0,3401.0,vegetacion
3154,1455.0,1799.0,4284.0,3345.0,vegetacion
3155,1382.0,1747.0,4348.0,2989.0,vegetacion
3156,1308.0,1660.0,4764.0,2812.0,vegetacion
3157,1295.0,1678.0,4888.0,2628.0,vegetacion
3158,1284.0,1661.0,4852.0,2497.0,vegetacion
3159,1300.0,1570.0,4336.0,2477.0,vegetacion
3160,1310.0,1569.0,4127.0,2590.0,vegetacion
3161,1402.0,1608.0,3789.0,2821.0,vegetacion
3162,1380.0,1750.0,4090.0,3079.0,vegetacion
3163,1369.0,1726.0,4328.0,2926.0,vegetacion
3164,1316.0,1697.0,4720.0,2723.0,vegetacion
3165,1310.0,1686.0,4940.0,2519.0,vegetacion
3166,1208.0,1522.0,3689.0,2380.0,vegetacion
3167,1263.0,1430.0,3500.0,2370.0,vegetacion
3168,1341.0,1607.0,3874.0,2496.0,vegetacion
3169,1379.0,1653.0,3845.0,2729.0,vegetacion
3170,1509.0,1797.0,4236.0,2929.0,vegetacion
3171,1387.0,1715.0,4046.0,3142.0,vegetacion
3172,1363.0,1717.0,4008.0,3021.0,vegetacion
3173,1350.0,1657.0,4221.0,2828.0,vegetacion
3174,1350.0,1687.0,4296.0,2611.0,vegetacion
3175,1289.0,1628.0,4498.0,2431.0,vegetacion
3176,1212.0,1488.0,3547.0,2334.0,vegetacion
3177,1202.0,1336.0,3085.0,2352.0,vegetacion
3178,1209.0,1416.0,3174.0,2480.0,vegetacion
3179,1241.0,1531.0,4100.0,2682.0,vegetacion
3180,1390.0,1709.0,4860.0,2836.0,vegetacion
3181,1379.0,1688.0,4030.0,3128.0,vegetacion
3182,1396.0,1722.0,3996.0,2954.0,vegetacion
3183,1349.0,1669.0,4307.0,2719.0,vegetacion
3184,1278.0,1652.0,4184.0,2510.0,vegetacion
3185,1250.0,1497.0,3783.0,2412.0,vegetacion
3186,1282.0,1552.0,3789.0,2426.0,vegetacion
3187,1231.0,1432.0,3850.0,2522.0,vegetacion
3188,1210.0,1526.0,3920.0,2652.0,vegetacion
3189,1282.0,1700.0,5256.0,2760.0,vegetacion
3190,1294.0,1698.0,5328.0,2798.0,vegetacion
3191,1312.0,1599.0,4604.0,2748.0,vegetacion
3192,1395.0,1730.0,3998.0,3176.0,vegetacion
3193,1426.0,1701.0,3876.0,3052.0,vegetacion
3194,1400.0,1720.0,4006.0,2844.0,vegetacion
3195,1316.0,1687.0,4248.0,2606.0,vegetacion
3196,1244.0,1526.0,3600.0,2446.0,vegetacion
3197,1196.0,1449.0,3390.0,2452.0,vegetacion
3198,1247.0,1648.0,4384.0,2581.0,vegetacion
3199,1306.0,1662.0,4961.0,2754.0,vegetacion
3200,1303.0,1712.0,4984.0,2879.0,vegetacion
3201,1314.0,1726.0,5200.0,2889.0,vegetacion
3202,1305.0,1710.0,5296.0,2812.0,vegetacion
3203,1342.0,1690.0,5328.0,2707.0,vegetacion
3204,1386.0,1725.0,3976.0,3012.0,vegetacion
3205,1389.0,1704.0,4002.0,2866.0,vegetacion
3206,1356.0,1675.0,4232.0,2669.0,vegetacion
3207,1245.0,1580.0,3864.0,2500.0,vegetacion
3208,1209.0,1416.0,3501.0,2436.0,vegetacion
3209,1166.0,1412.0,3115.0,2525.0,vegetacion
3210,1220.0,1617.0,4284.0,2707.0,vegetacion
3211,1297.0,1708.0,5124.0,2895.0,vegetacion
3212,1318.0,1724.0,5164.0,3002.0,vegetacion
3213,1332.0,1732.0,5083.0,2973.0,vegetacion
3214,1299.0,1708.0,5192.0,2856.0,vegetacion
3215,1301.0,1704.0,5264.0,2725.0,vegetacion
3216,1335.0,1688.0,4416.0,2810.0,vegetacion
3217,1312.0,1701.0,4536.0,2656.0,vegetacion
3218,1344.0,1650.0,4400.0,2504.0,vegetacion
3219,1270.0,1520.0,3618.0,2430.0,vegetacion
3220,1227.0,1449.0,4171.0,2462.0,vegetacion
3221,1210.0,1491.0,4112.0,2602.0,vegetacion
3222,1249.0,1580.0,4917.0,2781.0,vegetacion
3223,1292.0,1714.0,5276.0,2925.0,vegetacion
3224,1324.0,1703.0,5144.0,2996.0,vegetacion
3225,1364.0,1756.0,5205.0,2978.0,vegetacion
3226,1352.0,1728.0,5145.0,2888.0,vegetacion
3227,1298.0,1672.0,4697.0,2762.0,vegetacion
3228,1304.0,1653.0,4581.0,2520.0,vegetacion
3229,1261.0,1484.0,3886.0,2430.0,vegetacion
3230,1223.0,1434.0,3355.0,2421.0,vegetacion
3231,1217.0,1477.0,4119.0,2500.0,vegetacion
3232,1254.0,1583.0,4244.0,2653.0,vegetacion
3233,1383.0,1720.0,4979.0,2798.0,vegetacion
3234,1310.0,1697.0,5300.0,2862.0,vegetacion
3235,1305.0,1678.0,5064.0,2880.0,vegetacion
3236,1359.0,1724.0,5128.0,2896.0,vegetacion
3237,1370.0,1720.0,5036.0,2871.0,vegetacion
3238,1284.0,1616.0,4340.0,2768.0,vegetacion
3239,1270.0,1464.0,3688.0,2479.0,vegetacion
3240,1278.0,1471.0,3432.0,2455.0,vegetacion
3241,1232.0,1434.0,3570.0,2461.0,vegetacion
3242,1208.0,1488.0,3966.0,2522.0,vegetacion
3243,1332.0,1588.0,3624.0,2651.0,vegetacion
3244,1514.0,1834.0,4050.0,2753.0,vegetacion
3245,1392.0,1728.0,4992.0,2750.0,vegetacion
3246,1273.0,1619.0,5004.0,2727.0,vegetacion
3247,1319.0,1700.0,4759.0,2770.0,vegetacion
3248,1336.0,1718.0,4871.0,2798.0,vegetacion
3249,1259.0,1531.0,3532.0,2554.0,vegetacion
3250,1240.0,1470.0,3964.0,2521.0,vegetacion
3251,1250.0,1508.0,3966.0,2503.0,vegetacion
3252,1304.0,1556.0,3272.0,2575.0,vegetacion
3253,1331.0,1624.0,3908.0,2647.0,vegetacion
3254,1325.0,1668.0,5155.0,2631.0,vegetacion
3255,1265.0,1634.0,4687.0,2602.0,vegetacion
3256,1234.0,1534.0,4005.0,2642.0,vegetacion
3257,1281.0,1661.0,4627.0,2678.0,vegetacion
3258,1212.0,1452.0,4108.0,2549.0,vegetacion
3259,1222.0,1471.0,4300.0,2433.0,vegetacion
3260,1261.0,1475.0,3490.0,2438.0,vegetacion
3261,1286.0,1552.0,4200.0,2493.0,vegetacion
3262,1310.0,1698.0,5255.0,2504.0,vegetacion
3263,1242.0,1618.0,5003.0,2501.0,vegetacion
3264,1196.0,1421.0,4339.0,2525.0,vegetacion
3265,1245.0,1658.0,4016.0,2406.0,vegetacion
3266,1219.0,1613.0,3958.0,2359.0,vegetacion
3267,1211.0,1602.0,3872.0,2350.0,vegetacion
3268,1222.0,1576.0,3670.0,2378.0,vegetacion
3269,1211.0,1558.0,3776.0,2367.0,vegetacion
3270,1224.0,1541.0,3502.0,2324.0,vegetacion
3271,1224.0,1579.0,3680.0,2322.0,vegetacion
3272,1181.0,1633.0,3854.0,2334.0,vegetacion
3273,1204.0,1607.0,3876.0,2357.0,vegetacion
3274,1204.0,1597.0,4120.0,2396.0,vegetacion
3275,1225.0,1604.0,3976.0,2334.0,vegetacion
3276,1211.0,1606.0,3810.0,2301.0,vegetacion
3277,1214.0,1451.0,3160.0,2286.0,vegetacion
3278,1239.0,1505.0,3504.0,2293.0,vegetacion
3279,1177.0,1492.0,3646.0,2313.0,vegetacion
3280,1175.0,1508.0,3578.0,2343.0,vegetacion
3281,1168.0,1542.0,3832.0,2380.0,vegetacion
3282,1180.0,1534.0,4068.0,2433.0,vegetacion
3283,1206.0,1504.0,3692.0,2252.0,vegetacion
3284,1176.0,1518.0,3652.0,2267.0,vegetacion
3285,1156.0,1406.0,3276.0,2272.0,vegetacion
3286,1174.0,1479.0,4008.0,2284.0,vegetacion
3287,1177.0,1502.0,3858.0,2313.0,vegetacion
3288,1180.0,1494.0,3878.0,2353.0,vegetacion
3289,1154.0,1374.0,3776.0,2396.0,vegetacion
3290,1165.0,1458.0,3940.0,2453.0,vegetacion
3291,1221.0,1465.0,3764.0,2181.0,vegetacion
3292,1230.0,1448.0,3834.0,2219.0,vegetacion
3293,1196.0,1473.0,3626.0,2261.0,vegetacion
3294,1202.0,1512.0,3864.0,2305.0,vegetacion
3295,1201.0,1516.0,3966.0,2352.0,vegetacion
3296,1180.0,1477.0,4408.0,2395.0,vegetacion
3297,1152.0,1373.0,4300.0,2435.0,vegetacion
3298,1182.0,1422.0,4212.0,2484.0,vegetacion
3299,1225.0,1422.0,3490.0,2095.0,vegetacion
3300,1247.0,1456.0,3958.0,2147.0,vegetacion
3301,1178.0,1398.0,3756.0,2233.0,vegetacion
3302,1227.0,1486.0,3618.0,2319.0,vegetacion
3303,1185.0,1489.0,4008.0,2380.0,vegetacion
3304,1192.0,1441.0,4384.0,2422.0,vegetacion
3305,1165.0,1436.0,4720.0,2461.0,vegetacion
3306,1189.0,1454.0,4708.0,2505.0,vegetacion
3307,1212.0,1451.0,3640.0,2060.0,vegetacion
3308,1198.0,1410.0,3810.0,2175.0,vegetacion
3309,1185.0,1425.0,3740.0,2287.0,vegetacion
3310,1152.0,1422.0,4074.0,2353.0,vegetacion
3311,1191.0,1470.0,4006.0,2398.0,vegetacion
3312,1196.0,1536.0,4752.0,2455.0,vegetacion
3313,1215.0,1416.0,3830.0,2113.0,vegetacion
3314,1215.0,1454.0,4392.0,2223.0,vegetacion
3315,1208.0,1425.0,4072.0,2311.0,vegetacion
3316,1202.0,1466.0,3818.0,2387.0,vegetacion
3317,1346.0,1772.0,4976.0,3102.0,vegetacion
3318,1362.0,1762.0,5008.0,3139.0,vegetacion
3319,1376.0,1762.0,4988.0,3159.0,vegetacion
3320,1383.0,1785.0,4980.0,3162.0,vegetacion
3321,1380.0,1792.0,5052.0,3153.0,vegetacion
3322,1360.0,1831.0,5052.0,3144.0,vegetacion
3323,1354.0,1758.0,5036.0,3050.0,vegetacion
3324,1356.0,1761.0,4916.0,3074.0,vegetacion
3325,1361.0,1774.0,4908.0,3130.0,vegetacion
3326,1362.0,1778.0,5008.0,3163.0,vegetacion
3327,1367.0,1775.0,5052.0,3172.0,vegetacion
3328,1385.0,1786.0,5088.0,3170.0,vegetacion
3329,1380.0,1828.0,5080.0,3158.0,vegetacion
3330,1356.0,1786.0,5164.0,3140.0,vegetacion
3331,1345.0,1755.0,4784.0,3032.0,vegetacion
3332,1357.0,1762.0,4596.0,3057.0,vegetacion
3333,1356.0,1786.0,4836.0,3113.0,vegetacion
3334,1359.0,1786.0,5016.0,3153.0,vegetacion
3335,1353.0,1769.0,5112.0,3177.0,vegetacion
3336,1354.0,1772.0,5148.0,3192.0,vegetacion
3337,1360.0,1804.0,5100.0,3185.0,vegetacion
3338,1347.0,1792.0,5224.0,3148.0,vegetacion
3339,1361.0,1768.0,4640.0,3039.0,vegetacion
3340,1357.0,1761.0,4656.0,3058.0,vegetacion
3341,1360.0,1775.0,4920.0,3103.0,vegetacion
3342,1369.0,1784.0,5108.0,3148.0,vegetacion
3343,1358.0,1780.0,5312.0,3187.0,vegetacion
3344,1354.0,1810.0,5292.0,3213.0,vegetacion
3345,1363.0,1836.0,5176.0,3207.0,vegetacion
3346,1380.0,1808.0,5312.0,3159.0,vegetacion
3347,1361.0,1766.0,4808.0,3073.0,vegetacion
3348,1359.0,1759.0,4996.0,3080.0,vegetacion
3349,1362.0,1773.0,5044.0,3113.0,vegetacion
3350,1373.0,1804.0,5160.0,3163.0,vegetacion
3351,1373.0,1824.0,5328.0,3208.0,vegetacion
3352,1366.0,1838.0,5332.0,3225.0,vegetacion
3353,1357.0,1854.0,5304.0,3207.0,vegetacion
3354,1390.0,1830.0,5276.0,3156.0,vegetacion
3355,1349.0,1753.0,4896.0,3112.0,vegetacion
3356,1356.0,1760.0,4992.0,3107.0,vegetacion
3357,1349.0,1773.0,4952.0,3131.0,vegetacion
3358,1356.0,1803.0,5108.0,3181.0,vegetacion
3359,1385.0,1825.0,5272.0,3223.0,vegetacion
3360,1380.0,1830.0,5352.0,3223.0,vegetacion
3361,1346.0,1812.0,5352.0,3191.0,vegetacion
3362,1364.0,1796.0,5208.0,3146.0,vegetacion
3363,1357.0,1752.0,4848.0,3137.0,vegetacion
3364,1357.0,1763.0,5004.0,3126.0,vegetacion
3365,1365.0,1772.0,5096.0,3145.0,vegetacion
3366,1367.0,1800.0,5280.0,3188.0,vegetacion
3367,1365.0,1812.0,5188.0,3219.0,vegetacion
3368,1376.0,1824.0,5256.0,3209.0,vegetacion
3369,1359.0,1796.0,5232.0,3173.0,vegetacion
3370,1345.0,1759.0,5100.0,3135.0,vegetacion
3371,1355.0,1792.0,5056.0,3149.0,vegetacion
3372,1347.0,1772.0,4976.0,3163.0,vegetacion
3373,1362.0,1785.0,5196.0,3192.0,vegetacion
3374,1377.0,1806.0,5236.0,3212.0,vegetacion
3375,1355.0,1816.0,5224.0,3201.0,vegetacion
3376,1352.0,1764.0,5156.0,3169.0,vegetacion
